Name;MP;Area;County;Electorate;CON;LAB;LIB;UKIP;Green;NAT;MIN;OTH;CON chance;LAB chance;LIB chance;Reform chance;Green chance;NAT chance;MIN chance;OTH chance
Aldershot;Unknown (Reform gain from LAB);12;Surrey West and Aldershot;78569;10726;11566;5275;14816;3869;0;0;1372;0.187;0.236;0.012;0.563;0.001;0;0;0
Aldridge-Brownhills;Unknown (Reform gain from CON);7;Wolverhampton and Walsall;70871;10583;5907;3299;17836;2534;0;0;1212;0.106;0.006;0;0.888;0;0;0;0
Altrincham and Sale West;Connor Rand;4;Manchester Central and Trafford;74025;11434;15151;6608;11221;4021;0;848;534;0.193;0.582;0.016;0.206;0.002;0;0;0
Amber Valley;Unknown (Reform gain from LAB);8;Derbyshire North;71546;7254;8411;3371;18930;2999;0;0;1195;0.019;0.037;0.001;0.943;0;0;0;0
Arundel and South Downs;Andrew Griffith;12;Sussex West;77969;16746;6247;9984;14693;5064;0;0;1458;0.555;0.011;0.078;0.352;0.004;0;0;0
Ashfield;Lee Anderson;8;Nottinghamshire North;68929;2783;6268;1669;22072;1567;0;5230;386;0;0.002;0;0.997;0;0;0;0
Ashford;Unknown (Reform gain from LAB);12;Kent South;76212;10402;8696;3934;16083;5030;0;0;2168;0.144;0.073;0.003;0.775;0.004;0;0;0
Ashton-under-Lyne;Unknown (Reform gain from LAB);4;Manchester East;71002;3220;8786;2457;15112;2642;0;2554;375;0.001;0.108;0.001;0.889;0;0;0;0
Aylesbury;Unknown (Reform gain from LAB);12;Buckinghamshire North;79169;9575;10322;9192;14723;3491;0;737;676;0.135;0.146;0.103;0.614;0.001;0;0;0
Banbury;Unknown (Reform gain from LAB);12;Oxfordshire;73193;9991;12459;5394;13808;3450;0;0;1817;0.154;0.328;0.013;0.503;0.001;0;0;0
Barking;Unknown (Reform gain from LAB);11;Dagenham and Redbridge;79825;2635;8137;3206;12670;5502;0;2607;1246;0.005;0.149;0.006;0.81;0.029;0;0;0
Barnsley North;Unknown (Reform gain from LAB);5;Barnsley and Sheffield West;78267;2112;9682;2571;19863;2684;0;0;1912;0;0.046;0;0.954;0;0;0;0
Barnsley South;Unknown (Reform gain from LAB);5;Barnsley and Sheffield West;75850;2017;8050;2231;20686;2386;0;0;1764;0;0.015;0;0.985;0;0;0;0
Barrow and Furness;Unknown (Reform gain from LAB);4;Cumbria;74980;9457;10401;3407;14487;2780;0;0;1374;0.13;0.194;0.002;0.674;0;0;0;0
Basildon and Billericay;Unknown (Reform gain from CON);9;Essex South West;76873;9584;6737;3891;18003;2988;0;0;1559;0.083;0.015;0.001;0.901;0;0;0;0
Basildon South and East Thurrock;James McMurdock;9;Essex South West;72673;7237;6222;2704;18565;2516;0;0;2787;0.017;0.006;0;0.976;0;0;0;0.001
Basingstoke;Unknown (Reform gain from LAB);12;Hampshire;78487;11214;12210;4875;13099;5081;0;0;1651;0.226;0.327;0.012;0.427;0.008;0;0;0
Bassetlaw;Unknown (Reform gain from LAB);8;Nottinghamshire North;78173;9210;10151;3446;17509;2993;0;0;1220;0.071;0.088;0.001;0.839;0;0;0;0
Bath;Wera Hobhouse;10;Avon South;69655;7114;7044;15242;9149;5761;0;250;2626;0.055;0.035;0.754;0.135;0.02;0;0;0
Battersea;Marsha de Cordova;11;Lambeth and Wandsworth;72767;9073;16776;6473;6850;5227;0;505;1271;0.076;0.869;0.017;0.028;0.009;0;0;0
Beaconsfield;Joy Morrissey;12;Buckinghamshire South;72751;15416;4944;11768;11186;2710;0;0;1739;0.592;0.007;0.218;0.181;0.001;0;0;0
Beckenham and Penge;Liam Conlon;11;Croydon;76876;10077;17705;6086;11043;4736;0;0;1085;0.091;0.77;0.007;0.128;0.003;0;0;0
Bedford;Unknown (Reform gain from LAB);9;Bedfordshire;72478;5683;11525;4935;11605;3526;0;798;1571;0.031;0.446;0.017;0.502;0.004;0;0;0
Bedfordshire Mid;Unknown (Reform gain from CON);9;Bedfordshire;76218;13453;9697;5314;14289;3761;0;0;2582;0.384;0.106;0.008;0.5;0.002;0;0;0
Bedfordshire North;Richard Fuller;9;Bedfordshire;78850;15284;8873;6281;14981;4082;0;0;1270;0.488;0.067;0.012;0.432;0;0;0;0
Bermondsey and Old Southwark;Neil Coyle;11;South East London;69473;2435;10696;9060;7568;6022;0;0;1444;0.004;0.535;0.261;0.148;0.051;0;0;0
Bethnal Green and Stepney;Unknown (MIN gain from LAB);11;Hackney and Tower Hamlets;81922;1857;9135;6513;7952;7842;0;10624;412;0.004;0.28;0.082;0.179;0.152;0;0.302;0
Beverley and Holderness;Unknown (Reform gain from CON);5;East Yorkshire;70559;10514;8801;4867;15839;2513;0;0;1787;0.171;0.082;0.006;0.74;0;0;0;0
Bexhill and Battle;Unknown (Reform gain from CON);12;Sussex East;72209;11756;7878;4968;15411;3487;0;0;4035;0.274;0.052;0.011;0.661;0.002;0;0;0
Bexleyheath and Crayford;Unknown (Reform gain from LAB);11;Bexley and Bromley;69470;9651;8596;4181;15990;3070;0;0;1059;0.108;0.084;0.001;0.805;0.001;0;0;0
Bicester and Woodstock;Calum Alexander Miller;12;Oxfordshire;74350;11959;5602;15251;11543;3500;0;0;1431;0.219;0.009;0.555;0.216;0.001;0;0;0
Birkenhead;Unknown (Reform gain from LAB);4;Wirral and Chester North;78091;2418;12587;3857;14837;7710;0;0;1402;0;0.334;0.001;0.635;0.029;0;0;0
Birmingham Edgbaston;Unknown (Reform gain from LAB);7;Birmingham South;71787;5834;9550;3607;10687;3770;0;0;3294;0.056;0.374;0.008;0.548;0.009;0;0;0.005
Birmingham Erdington;Unknown (Reform gain from LAB);7;Birmingham North;77463;3761;7525;2377;14684;3109;0;0;2722;0.003;0.062;0;0.931;0.002;0;0;0
Birmingham Hall Green and Moseley;Unknown (Reform gain from LAB);7;Birmingham South;76936;2530;6525;6110;9584;5223;0;9305;395;0.016;0.127;0.094;0.479;0.056;0;0.227;0.001
Birmingham Hodge Hill and Solihull North;Unknown (Reform gain from LAB);7;Birmingham North;77737;3315;5183;2303;13340;2816;0;6700;360;0.008;0.027;0.001;0.935;0.002;0;0.025;0
Birmingham Ladywood;Unknown (MIN gain from LAB);7;Birmingham North;83693;1499;6562;3873;8255;5769;0;8530;326;0.006;0.169;0.025;0.445;0.108;0;0.246;0
Birmingham Northfield;Unknown (Reform gain from LAB);7;Birmingham South;74048;5489;8747;3030;15292;3529;0;0;1365;0.012;0.101;0;0.887;0;0;0;0
Birmingham Perry Barr;Unknown (Reform gain from MIN);7;Birmingham North;76350;2238;5304;3311;10781;3915;0;8935;998;0.009;0.054;0.009;0.713;0.018;0;0.194;0.001
Birmingham Selly Oak;Unknown (Reform gain from LAB);7;Birmingham South;75678;4520;10497;3645;11686;4915;0;0;3236;0.018;0.382;0.004;0.582;0.012;0;0;0.001
Birmingham Yardley;Unknown (Reform gain from LAB);7;Birmingham South;73203;2779;5868;4080;11533;2748;0;7598;360;0.013;0.058;0.022;0.806;0.005;0;0.095;0
Bishop Auckland;Unknown (Reform gain from LAB);3;County Durham;70745;5853;10062;2688;17662;2412;0;0;1159;0.006;0.093;0;0.9;0;0;0;0
Blackburn;Unknown (Reform gain from MIN);4;Lancashire East;73259;2130;4712;2504;13148;2454;0;7044;5424;0.001;0.025;0.003;0.901;0.004;0;0.037;0.028
Blackley and Middleton South;Unknown (Reform gain from LAB);4;Manchester North East;72097;1882;8170;2971;13885;3705;0;0;859;0;0.106;0;0.891;0.002;0;0;0
Blackpool North and Fleetwood;Unknown (Reform gain from LAB);4;Lancashire West;73339;8544;9113;2873;16965;2474;0;0;1523;0.049;0.086;0.001;0.863;0;0;0;0
Blackpool South;Unknown (Reform gain from LAB);4;Lancashire West;77459;3225;9762;2267;17314;2204;0;0;1182;0;0.081;0.001;0.918;0;0;0;0
Blaydon and Consett;Unknown (Reform gain from LAB);3;County Durham;70487;4573;12791;3246;16744;2938;0;0;1217;0.002;0.266;0;0.731;0;0;0;0
Blyth and Ashington;Unknown (Reform gain from LAB);3;Northumberland;76263;4403;11282;2607;18477;2605;0;0;1146;0.001;0.125;0;0.873;0;0;0;0
Bognor Regis and Littlehampton;Unknown (Reform gain from CON);12;South Coast;77565;11042;7721;5686;18516;3075;0;0;1810;0.126;0.029;0.005;0.838;0;0;0;0
Bolsover;Unknown (Reform gain from LAB);8;Derbyshire North;77207;6121;10232;2780;18465;3605;0;0;971;0.007;0.078;0;0.915;0;0;0;0
Bolton North East;Unknown (Reform gain from LAB);4;Manchester North West;80011;5645;9422;3213;17117;4422;0;1346;1007;0.011;0.082;0.001;0.904;0.001;0;0;0
Bolton South and Walkden;Unknown (Reform gain from LAB);4;Manchester North West;79622;3110;7937;2607;15395;3058;0;3686;731;0.002;0.07;0.002;0.925;0;0;0;0
Bolton West;Unknown (Reform gain from LAB);4;Manchester North West;74933;9277;9935;3908;14536;4511;0;0;1377;0.125;0.162;0.004;0.703;0.005;0;0;0
Bootle;Peter Dowd;4;Merseyside East and Liverpool;73037;1594;14341;3079;13596;4592;0;1083;361;0;0.534;0;0.464;0.001;0;0;0
Boston and Skegness;Richard Tice;8;Lincolnshire South;75811;8429;3319;2485;23693;1812;0;0;1834;0.005;0.001;0;0.994;0;0;0;0
Bournemouth East;Unknown (Reform gain from LAB);10;Bournemouth;72354;8291;12339;4265;13366;3720;0;0;2027;0.086;0.376;0.006;0.529;0.001;0;0;0
Bournemouth West;Unknown (Reform gain from LAB);10;Bournemouth;70259;8613;8432;4728;12341;4018;0;0;1331;0.174;0.157;0.022;0.64;0.006;0;0;0
Bracknell;Unknown (Reform gain from LAB);12;Berkshire;71656;11191;8666;5748;12861;3415;0;0;1594;0.325;0.123;0.026;0.524;0.001;0;0;0
Bradford East;Unknown (Reform gain from LAB);5;Bradford;75167;1982;6674;3280;13018;3556;0;5516;1971;0.004;0.086;0.009;0.881;0.006;0;0.012;0
Bradford South;Unknown (Reform gain from LAB);5;Bradford;71002;3270;6136;2045;14242;3118;0;428;3758;0.004;0.037;0.001;0.954;0.002;0;0;0.001
Bradford West;Unknown (Reform gain from LAB);5;Bradford;77897;1738;5181;2754;10849;4476;0;7328;2917;0.01;0.065;0.013;0.777;0.032;0;0.094;0.007
Braintree;Unknown (Reform gain from CON);9;Essex North;77781;12349;7683;4495;18901;3542;0;0;1835;0.153;0.027;0.002;0.817;0;0;0;0
Brent East;Dawn Butler;11;Brent Harrow Barnet;77257;3861;11238;5096;8565;5003;0;784;2386;0.015;0.659;0.031;0.268;0.025;0;0;0.001
Brent West;Barry Gardiner;11;Brent Harrow Barnet;79937;8868;10173;4613;9703;3710;0;2201;425;0.234;0.39;0.021;0.347;0.008;0;0;0
Brentford and Isleworth;Ruth Cadbury;11;South West London;79283;7610;12594;5272;10801;4747;0;2296;880;0.083;0.569;0.024;0.311;0.011;0;0;0
Brentwood and Ongar;Unknown (Reform gain from CON);9;Essex South West;75352;13582;6844;6667;17285;2540;0;0;1322;0.266;0.016;0.01;0.708;0;0;0;0
Bridgwater;Unknown (Reform gain from CON);10;Somerset West and Barnstaple;71571;9230;5869;5755;15770;2748;0;373;1182;0.111;0.014;0.013;0.861;0;0;0;0
Bridlington and the Wolds;Unknown (Reform gain from CON);5;East Yorkshire;72931;9871;6150;4136;18496;2233;0;0;2194;0.067;0.008;0;0.924;0;0;0;0
Brigg and Immingham;Unknown (Reform gain from CON);5;Lincolnshire North;74297;10431;6705;3198;18738;2439;0;0;1163;0.072;0.015;0.001;0.912;0;0;0;0
Brighton Kemptown and Peacehaven;Chris Ward;12;South Coast;68784;6387;11922;4523;7236;7633;0;0;2912;0.082;0.66;0.021;0.133;0.103;0;0;0
Brighton Pavilion;Siân Berry;12;South Coast;74786;3349;9936;4121;7531;24713;0;0;1695;0;0.018;0;0.005;0.976;0;0;0
Bristol Central;Carla Denyer;10;Avon North;62735;2044;9246;3303;4644;22760;0;0;1068;0;0.014;0;0.001;0.985;0;0;0
Bristol East;Unknown (Green gain from LAB);10;Avon South;75917;3944;11892;4557;8855;13371;0;0;2616;0.008;0.344;0.012;0.116;0.518;0;0;0
Bristol North East;Damien Egan;10;Avon North;70076;4846;11807;3360;11586;7183;0;0;2172;0.019;0.472;0.008;0.44;0.06;0;0;0
Bristol North West;Darren Jones;10;Avon North;74869;5841;16099;5523;10702;7991;0;0;1347;0.016;0.757;0.013;0.167;0.046;0;0;0
Bristol South;Unknown (Reform gain from LAB);10;Avon South;75533;4157;11680;3703;12533;9612;0;0;1260;0.008;0.352;0.004;0.492;0.143;0;0;0
Broadland and Fakenham;Unknown (Reform gain from CON);9;Norfolk North;76859;12543;9573;6015;15618;4071;0;0;1252;0.285;0.088;0.011;0.613;0.003;0;0;0
Bromley and Biggin Hill;Peter Fortune;11;Bexley and Bromley;70713;13058;9981;5756;12523;3721;0;0;1123;0.457;0.165;0.016;0.358;0.003;0;0;0
Bromsgrove;Unknown (Reform gain from CON);7;Worcestershire;76468;12319;7835;7848;16694;2860;0;176;2435;0.235;0.045;0.034;0.682;0.002;0;0;0
Broxbourne;Unknown (Reform gain from CON);9;Hertfordshire East;75187;11376;7282;4343;15789;3117;0;0;1245;0.22;0.028;0.002;0.748;0;0;0;0
Broxtowe;Unknown (Reform gain from LAB);8;Nottinghamshire South;71923;6997;12919;4984;15368;4003;0;410;1576;0.032;0.335;0.006;0.624;0.002;0;0;0
Buckingham and Bletchley;Unknown (Reform gain from LAB);12;Buckinghamshire North;74832;9924;11454;5533;14753;3465;0;0;1289;0.142;0.231;0.017;0.608;0.002;0;0;0
Buckinghamshire Mid;Greg Smith;12;Buckinghamshire South;75415;15479;5861;13067;13415;3444;0;0;1638;0.465;0.01;0.261;0.263;0;0;0;0
Burnley;Unknown (Reform gain from LAB);4;Lancashire East;74951;5289;6964;6740;16528;2130;0;0;1473;0.014;0.03;0.017;0.939;0;0;0;0
Burton and Uttoxeter;Unknown (Reform gain from LAB);7;Staffordshire South;77994;9584;8296;3624;17857;3358;0;2290;479;0.093;0.047;0.001;0.858;0;0;0;0
Bury North;Unknown (Reform gain from LAB);4;Manchester North East;77703;7720;12410;3365;15326;2659;0;1602;1178;0.045;0.288;0.002;0.664;0;0;0;0
Bury South;Unknown (Reform gain from LAB);4;Manchester North East;75339;6028;12281;3597;14019;3347;0;963;1085;0.022;0.369;0.001;0.606;0.001;0;0;0
Bury St Edmunds and Stowmarket;Unknown (Reform gain from LAB);9;Suffolk West and Ipswich;77599;11087;9692;5014;16023;5961;0;0;2384;0.198;0.106;0.009;0.674;0.011;0;0;0
Calder Valley;Unknown (Reform gain from LAB);5;Huddersfield and Halifax;77364;7871;14510;4283;15539;4177;0;0;1475;0.031;0.434;0.002;0.532;0.001;0;0;0
Camborne and Redruth;Unknown (Reform gain from LAB);10;Cornwall;74402;7145;12521;4833;16942;3676;0;0;1731;0.02;0.233;0.007;0.738;0.001;0;0;0
Cambridge;Daniel Zeichner;9;Cambridgeshire South;70315;3801;13193;8676;5977;8235;0;949;1529;0.01;0.694;0.145;0.047;0.103;0;0;0
Cambridgeshire North East;Unknown (Reform gain from CON);9;Cambridgeshire North;71511;10396;3869;3395;18039;2454;0;256;1704;0.094;0.002;0.001;0.902;0;0;0;0
Cambridgeshire North West;Unknown (Reform gain from LAB);9;Cambridgeshire North;75915;10299;7935;4581;16296;3953;0;0;1199;0.147;0.041;0.005;0.804;0.002;0;0;0
Cambridgeshire South;Pippa Heylings;9;Cambridgeshire South;77327;10880;5550;20158;11989;3425;0;0;1405;0.071;0.004;0.828;0.097;0;0;0;0
Cannock Chase;Unknown (Reform gain from LAB);7;Staffordshire South;76974;8343;8009;2859;19890;3111;0;0;1220;0.028;0.021;0;0.951;0;0;0;0
Canterbury;Rosie Duffield;12;Sussex East;71171;7554;13557;5055;12736;6020;0;0;1194;0.061;0.486;0.009;0.429;0.014;0;0;0
Carlisle;Unknown (Reform gain from LAB);4;Cumbria;77863;9301;9793;4215;16900;3200;0;0;1852;0.071;0.105;0.002;0.82;0.001;0;0;0
Carshalton and Wallington;Bobby Dean;11;Wimbledon and Sutton;74362;8160;4637;15262;13380;2391;0;550;869;0.037;0.003;0.608;0.351;0;0;0;0
Castle Point;Unknown (Reform gain from CON);9;Essex South East;70967;10634;5183;2833;19251;2479;0;0;1050;0.075;0.002;0.001;0.922;0;0;0;0
Chatham and Aylesford;Unknown (Reform gain from LAB);12;Medway and Maidstone;75109;8194;7340;3716;16766;3430;0;545;1167;0.056;0.035;0.006;0.902;0.001;0;0;0
Cheadle;Tom Morrison;4;Manchester East;74383;8101;6741;18431;11496;2397;0;960;638;0.025;0.012;0.815;0.148;0;0;0;0
Chelmsford;Marie Goldman;9;Essex South East;76972;12541;4086;15576;12925;2916;0;207;1470;0.217;0.003;0.514;0.266;0;0;0;0
Chelsea and Fulham;Ben Coleman;11;West London;78468;13540;14223;5835;8070;3848;0;616;571;0.415;0.512;0.01;0.058;0.005;0;0;0
Cheltenham;Max Wilkinson;10;Gloucestershire;76143;12317;2992;18719;9186;3800;0;0;1599;0.147;0.001;0.8;0.05;0.001;0;0;0
Chesham and Amersham;Sarah Green;12;Buckinghamshire South;74889;15615;3363;18774;10912;2765;0;952;760;0.298;0.001;0.627;0.073;0;0;0;0
Cheshire Mid;Unknown (Reform gain from LAB);4;Cheshire;70384;6110;12073;3681;14651;2599;0;0;1685;0.017;0.33;0;0.652;0;0;0;0
Chester North and Neston;Samantha Dixon;4;Wirral and Chester North;70215;7895;14651;3663;12334;4085;0;0;1088;0.05;0.628;0.002;0.319;0;0;0;0
Chester South and Eddisbury;Aphra Brandreth;4;Cheshire;74284;15557;10927;6597;12564;3160;0;0;2441;0.575;0.155;0.008;0.261;0;0;0;0
Chesterfield;Unknown (Reform gain from LAB);8;Derbyshire North;71654;6113;11723;3427;15466;2928;0;439;1070;0.014;0.262;0.001;0.722;0.001;0;0;0
Chichester;Jessica Brown-Fuller;12;Sussex West;78374;11441;2849;18616;14267;2792;0;0;1417;0.081;0;0.673;0.245;0;0;0;0
Chingford and Woodford Green;Unknown (Reform gain from CON);11;Lea Valley;75178;11142;8540;3781;11567;2573;0;8227;487;0.339;0.146;0.01;0.455;0.003;0;0.046;0
Chippenham;Sarah Gibson;10;Swindon and Chippenham;73876;11685;2846;16548;12906;3003;0;0;1700;0.157;0.001;0.614;0.228;0;0;0;0
Chipping Barnet;Dan Tomlinson;11;Brent Harrow Barnet;78038;12506;15360;5367;10682;4318;0;0;1238;0.252;0.594;0.009;0.141;0.003;0;0;0
Chorley;Lindsay Hoyle;4;Lancashire South;74575;1105;15167;2391;8599;4810;0;0;3902;0;0.885;0;0.108;0.004;0;0;0.001
Christchurch;Unknown (Reform gain from CON);10;Bournemouth;71064;12619;4583;8678;16126;2407;0;0;2951;0.275;0.005;0.059;0.66;0;0;0;0
Cities of London and Westminster;Rachel Blake;11;Central London;73369;10437;11919;5699;6720;3513;0;645;1012;0.332;0.569;0.023;0.069;0.005;0;0;0
Clacton;Nigel Farage;9;Essex North;78703;8623;3403;3108;27853;2325;0;0;1647;0.003;0;0;0.997;0;0;0;0
Clapham and Brixton Hill;Bell Ribeiro-Addy;11;Lambeth and Wandsworth;74435;3285;15522;7805;6299;7793;0;0;1238;0.003;0.847;0.058;0.031;0.06;0;0;0
Colchester;Unknown (Reform gain from LAB);9;Essex North;78662;6965;12381;6327;13836;3817;0;0;1014;0.042;0.374;0.024;0.555;0.005;0;0;0
Colne Valley;Unknown (Reform gain from LAB);5;Huddersfield and Halifax;72638;8695;12618;3851;14562;3875;0;0;1287;0.075;0.33;0.002;0.591;0.002;0;0;0
Congleton;Unknown (Reform gain from LAB);4;Cheshire;74243;11206;11269;5048;15164;3018;0;0;3398;0.187;0.211;0.007;0.592;0.001;0;0;0.001
Corby and East Northamptonshire;Unknown (Reform gain from LAB);8;Northamptonshire;78787;11001;12063;4076;15695;3674;0;0;1568;0.158;0.234;0;0.607;0.001;0;0;0
Cornwall North;Ben Maguire;10;Cornwall;76832;11191;2500;17242;16145;2388;0;0;1521;0.087;0;0.509;0.404;0;0;0;0
Cornwall South East;Unknown (Reform gain from LAB);10;Cornwall;72728;10437;9310;7571;16192;3335;0;0;1510;0.145;0.086;0.04;0.729;0;0;0;0
Cotswolds North;Geoffrey Clifton-Brown;10;Gloucestershire;72513;14183;5606;11752;12569;3815;0;0;1577;0.452;0.009;0.226;0.312;0;0;0;0
Cotswolds South;Roz Savage;10;Swindon and Chippenham;71971;14796;3072;17541;11582;2529;0;0;1755;0.297;0;0.599;0.103;0;0;0;0
Coventry East;Unknown (Reform gain from LAB);7;Coventry and Meriden;75801;4328;9649;2668;14136;3493;0;1051;1205;0.006;0.19;0;0.803;0;0;0;0
Coventry North West;Unknown (Reform gain from LAB);7;Coventry and Meriden;75057;5336;11938;3485;14982;4302;0;0;1266;0.008;0.301;0.003;0.684;0.003;0;0;0
Coventry South;Unknown (Reform gain from LAB);7;Coventry and Meriden;76262;6470;12362;4237;12676;4007;0;778;1274;0.038;0.434;0.003;0.517;0.007;0;0;0
Cramlington and Killingworth;Unknown (Reform gain from LAB);3;Northumberland;76228;6194;13907;3326;16837;2882;0;0;1911;0.009;0.322;0;0.668;0;0;0;0
Crawley;Unknown (Reform gain from LAB);12;Sussex West;75569;9126;9695;3898;14478;4047;0;2331;751;0.139;0.159;0.008;0.69;0.004;0;0;0
Crewe and Nantwich;Unknown (Reform gain from LAB);4;Cheshire;78423;6863;13187;3727;17577;2931;0;423;1441;0.011;0.249;0;0.739;0;0;0;0
Croydon East;Unknown (Reform gain from LAB);11;Croydon;76660;8494;11296;4948;12251;4339;0;0;984;0.104;0.374;0.011;0.503;0.008;0;0;0
Croydon South;Chris Philp;11;Croydon;74968;15312;10832;6348;9781;4297;0;851;755;0.664;0.189;0.021;0.121;0.004;0;0;0
Croydon West;Sarah Jones;11;Croydon;77942;3709;10795;5594;9328;5573;0;695;1131;0.009;0.554;0.046;0.348;0.042;0;0;0
Dagenham and Rainham;Unknown (Reform gain from LAB);11;Dagenham and Redbridge;76478;4375;9559;2870;15345;4234;0;0;1446;0.003;0.141;0.001;0.85;0.005;0;0;0
Darlington;Unknown (Reform gain from LAB);3;Teesside;70763;8178;10019;3150;15623;3258;0;0;939;0.06;0.152;0;0.788;0;0;0;0
Dartford;Unknown (Reform gain from LAB);12;Kent West;75426;10138;8174;4194;16125;4083;0;0;1115;0.132;0.05;0.007;0.809;0.001;0;0;0
Daventry;Unknown (Reform gain from CON);8;Northamptonshire;80879;12909;8820;7511;18005;3418;0;0;1406;0.218;0.04;0.015;0.726;0;0;0;0
Derby North;Unknown (Reform gain from LAB);8;Derbyshire South;71900;5879;11576;3465;14184;3879;0;0;980;0.022;0.312;0.001;0.665;0;0;0;0
Derby South;Unknown (Reform gain from LAB);8;Derbyshire South;72952;3618;7701;2898;14980;2578;0;4150;612;0.009;0.077;0.003;0.908;0.001;0;0;0
Derbyshire Dales;Unknown (Reform gain from LAB);8;Derbyshire North;73317;13388;11229;5968;13978;3582;0;0;1748;0.377;0.19;0.006;0.424;0.001;0;0;0
Derbyshire Mid;Unknown (Reform gain from LAB);8;Derbyshire South;69281;11707;10589;4189;14010;4096;0;337;1190;0.271;0.189;0.002;0.535;0.002;0;0;0
Derbyshire North East;Unknown (Reform gain from LAB);8;Derbyshire North;73139;11480;10080;3741;15169;3138;0;0;1271;0.238;0.128;0.001;0.632;0;0;0;0
Derbyshire South;Unknown (Reform gain from LAB);8;Derbyshire South;73714;9505;9919;4156;16231;2969;0;0;2253;0.1;0.13;0;0.768;0.001;0;0;0
Devon Central;Unknown (Reform gain from CON);10;Devon Central and East;75385;13084;10414;8106;14473;4442;0;0;1726;0.329;0.124;0.063;0.48;0.003;0;0;0
Devon North;Unknown (Reform gain from LIB);10;Somerset West and Barnstaple;79079;11797;2527;15530;15771;3155;0;0;1939;0.133;0;0.408;0.459;0;0;0;0
Devon South;Caroline Voaden;10;Devon South;70755;12195;2524;16617;13109;2457;0;0;1295;0.171;0;0.603;0.226;0;0;0;0
Devon South West;Unknown (Reform gain from CON);10;Devon South;77600;12901;9150;6674;17162;3870;0;0;1901;0.249;0.061;0.025;0.662;0.003;0;0;0
Dewsbury and Batley;Unknown (Reform gain from MIN);5;Wakefield and Dewsbury;71685;3057;4566;2552;12520;2370;0;10920;377;0.012;0.014;0.002;0.715;0.003;0;0.252;0.001
Didcot and Wantage;Olly Glover;12;Oxfordshire;80689;10909;6482;16772;14460;3486;0;0;1302;0.104;0.009;0.553;0.332;0.001;0;0;0
Doncaster Central;Unknown (Reform gain from LAB);5;Doncaster and Rotherham;74678;5482;9937;2405;15937;2358;0;852;1235;0.013;0.139;0;0.847;0;0;0;0
Doncaster East and the Isle of Axholme;Unknown (Reform gain from LAB);5;Doncaster and Rotherham;70154;9234;8355;2681;15364;2349;0;0;1152;0.104;0.073;0;0.823;0;0;0;0
Doncaster North;Unknown (Reform gain from LAB);5;Doncaster and Rotherham;69759;4865;9257;2060;9431;2152;0;0;4506;0.039;0.447;0.002;0.493;0.001;0;0;0.018
Dorking and Horley;Chris Coghlan;12;Surrey East;71850;13183;3156;16433;12238;3160;0;0;1156;0.242;0.001;0.575;0.18;0.001;0;0;0
Dorset Mid and North Poole;Vikki Slade;10;Dorset;75294;14734;3075;16675;9999;2898;0;0;2056;0.345;0.001;0.576;0.078;0;0;0;0
Dorset North;Unknown (Reform gain from CON);10;Dorset;72690;13234;2751;13144;15853;2580;0;0;1632;0.229;0;0.246;0.524;0;0;0;0
Dorset South;Unknown (Reform gain from LAB);10;Dorset;75924;11243;9258;7463;15486;3412;0;0;1617;0.221;0.09;0.041;0.645;0.001;0;0;0
Dorset West;Edward Morello;10;Dorset;75998;15193;2720;19746;9039;3091;0;0;2063;0.251;0;0.715;0.033;0;0;0;0
Dover and Deal;Unknown (Reform gain from LAB);12;Sussex East;76406;8250;11012;4017;17447;4181;0;128;2206;0.042;0.156;0.005;0.797;0;0;0;0
Droitwich and Evesham;Unknown (Reform gain from CON);7;Worcestershire;76624;14193;6015;5962;17831;3989;0;0;1495;0.293;0.009;0.007;0.69;0.001;0;0;0
Dudley;Unknown (Reform gain from LAB);7;Black Country;70151;6515;5530;2563;17149;2304;0;721;1534;0.019;0.007;0.001;0.973;0;0;0;0
Dulwich and West Norwood;Helen Hayes;11;Lambeth and Wandsworth;74265;3082;17161;6613;6447;9569;0;0;1120;0.002;0.869;0.018;0.018;0.092;0;0;0
Dunstable and Leighton Buzzard;Unknown (Reform gain from LAB);9;Bedfordshire;76742;11022;8847;6477;14611;3452;0;0;1206;0.239;0.092;0.02;0.648;0;0;0;0
Durham North;Unknown (Reform gain from LAB);3;County Durham;73235;4667;9705;4215;17925;2637;0;1194;842;0.001;0.098;0.001;0.898;0.001;0;0;0
Durham, City of;Unknown (Reform gain from LAB);3;County Durham;70582;4286;12050;5528;13609;3284;0;0;1315;0.006;0.376;0.013;0.602;0.002;0;0;0
Ealing Central and Acton;Rupa Huq;11;West London;78436;5711;14694;7965;9039;6947;0;1505;1112;0.023;0.721;0.08;0.135;0.04;0;0;0
Ealing North;James Murray;11;Southall;74820;6015;12763;4503;10123;4573;0;2461;1024;0.037;0.646;0.015;0.285;0.016;0;0;0
Ealing Southall;Deirdre Costigan;11;Southall;78669;4165;12808;5447;10959;5938;0;2973;2302;0.013;0.564;0.028;0.364;0.028;0;0;0.001
Earley and Woodley;Yuan Yang;12;Berkshire;73548;11349;12164;7268;8606;4254;0;0;1372;0.37;0.438;0.062;0.125;0.003;0;0;0
Easington;Unknown (Reform gain from LAB);3;County Durham;69411;2178;8200;2078;18896;2219;0;0;2109;0;0.02;0;0.98;0;0;0;0
East Grinstead and Uckfield;Mims Davies;12;Sussex East;75385;14628;6681;10509;8617;5132;0;0;4622;0.648;0.029;0.187;0.119;0.012;0;0;0.004
East Ham;Stephen Timms;11;Lea Valley;79086;2267;10160;3870;8598;5578;0;4424;993;0.005;0.572;0.022;0.327;0.067;0;0.006;0
Eastbourne;Josh Babarinde;12;Sussex East;72592;7652;2717;16228;14653;2271;0;0;1110;0.024;0;0.609;0.367;0;0;0;0
Eastleigh;Unknown (Reform gain from LIB);12;Southampton;69965;9706;5269;12304;13837;2966;0;0;1291;0.125;0.01;0.332;0.532;0.001;0;0;0
Edmonton and Winchmore Hill;Kate Osamor;11;Enfield and Haringey;75792;6078;12343;4726;9208;4350;0;561;2158;0.053;0.665;0.015;0.251;0.014;0;0;0.001
Ellesmere Port and Bromborough;Justin Madders;4;Wirral and Chester North;70799;4141;14877;3479;14167;3127;0;0;1277;0.002;0.551;0;0.445;0.001;0;0;0
Eltham and Chislehurst;Clive Efford;11;Bexley and Bromley;74224;7811;13494;4434;13085;3937;0;395;1107;0.054;0.502;0.005;0.436;0.002;0;0;0
Ely and East Cambridgeshire;Charlotte Cane;9;Cambridgeshire South;79112;13233;5967;13699;13348;3586;0;0;1800;0.315;0.014;0.335;0.334;0.001;0;0;0
Enfield North;Feryal Clark;11;Enfield and Haringey;78770;6528;13000;4493;11120;4428;0;623;1799;0.041;0.617;0.01;0.324;0.007;0;0;0
Epping Forest;Neil Hudson;9;Essex South West;72229;13208;7456;6148;8892;3124;0;0;3557;0.7;0.087;0.038;0.17;0.003;0;0;0.001
Epsom and Ewell;Helen Maguire;12;Surrey East;77530;12215;6891;16734;12986;2669;0;0;1693;0.176;0.014;0.581;0.228;0;0;0;0
Erewash;Unknown (Reform gain from LAB);8;Derbyshire South;71497;8218;9646;3710;15558;3535;0;0;1431;0.072;0.145;0.002;0.779;0;0;0;0
Erith and Thamesmead;Abena Oppong-Asare;11;Bexley and Bromley;78886;4275;12513;3898;11708;4407;0;1214;642;0.004;0.543;0.004;0.44;0.008;0;0;0
Esher and Walton;Monica Harding;12;Runnymede;74042;12270;3665;22239;10968;2235;0;0;1142;0.077;0.001;0.878;0.044;0;0;0;0
Essex North West;Unknown (Reform gain from CON);9;Essex North;79824;14619;10478;7434;14744;3825;0;0;2594;0.423;0.113;0.025;0.438;0.001;0;0;0
Exeter;Steve Race;10;Devon Central and East;67840;5246;11991;4537;10605;6024;0;0;1581;0.026;0.546;0.015;0.385;0.028;0;0;0
Exmouth and Exeter East;Unknown (Reform gain from CON);10;Devon Central and East;79983;9915;10352;9683;15512;3229;0;0;1922;0.119;0.141;0.11;0.627;0.002;0;0;0
Fareham and Waterlooville;Unknown (Reform gain from CON);12;Portsmouth;77691;12689;6692;9020;16863;3037;0;0;1621;0.245;0.013;0.053;0.689;0;0;0;0
Farnham and Bordon;Gregory Stafford;12;Surrey West and Aldershot;75918;15797;5211;14680;11873;3336;0;0;1544;0.468;0.007;0.37;0.154;0;0;0;0
Faversham and Mid Kent;Unknown (Reform gain from CON);12;Medway and Maidstone;74301;10821;7609;5347;16743;4370;0;0;1340;0.156;0.036;0.012;0.793;0.002;0;0;0
Feltham and Heston;Unknown (Reform gain from LAB);11;South West London;76983;5481;9125;3262;12317;3207;0;1630;2516;0.027;0.252;0.004;0.711;0.004;0;0;0.001
Filton and Bradley Stoke;Claire Hazelgrove;10;Avon North;77584;8572;15467;5105;13860;5091;0;0;1036;0.064;0.541;0.008;0.381;0.006;0;0;0
Finchley and Golders Green;Sarah Sackman;11;Brent Harrow Barnet;77500;11743;15823;6051;8603;4415;0;0;1485;0.219;0.683;0.013;0.08;0.003;0;0;0
Folkestone and Hythe;Unknown (Reform gain from LAB);12;Kent South;70056;8638;8653;3233;16312;4491;0;0;1546;0.076;0.07;0.001;0.849;0.004;0;0;0
Forest of Dean;Unknown (Reform gain from LAB);10;Gloucestershire;72052;12090;9603;4066;15192;5039;0;0;1308;0.265;0.105;0.01;0.614;0.006;0;0;0
Frome and East Somerset;Unknown (Reform gain from LIB);10;Somerset East and Weston;70378;7732;4998;12811;13728;4675;0;0;1761;0.064;0.008;0.404;0.518;0.005;0;0;0
Fylde;Unknown (Reform gain from CON);4;Lancashire West;77100;11341;8864;4184;16047;2451;0;0;4876;0.197;0.084;0.003;0.71;0;0;0;0.004
Gainsborough;Unknown (Reform gain from CON);8;Lincolnshire North;75836;11346;7151;5678;18164;2567;0;0;1397;0.141;0.017;0.003;0.839;0;0;0;0
Gateshead Central and Whickham;Unknown (Reform gain from LAB);3;Tyne and Wear South;69823;3748;10946;4817;14985;3454;0;0;1480;0.006;0.228;0.004;0.76;0.001;0;0;0
Gedling;Unknown (Reform gain from LAB);8;Nottinghamshire South;77006;7032;15183;4231;15676;3887;0;0;1175;0.022;0.476;0.002;0.497;0.002;0;0;0
Gillingham and Rainham;Unknown (Reform gain from LAB);12;Medway and Maidstone;73523;8296;8424;3925;15428;3453;0;0;1579;0.089;0.073;0.004;0.833;0;0;0;0
Glastonbury and Somerton;Sarah Joanne Dyke;10;Somerset East and Weston;72982;11149;2464;14873;14154;3249;0;0;1245;0.143;0;0.476;0.38;0;0;0;0
Gloucester;Unknown (Reform gain from LAB);10;Gloucestershire;79475;9678;9105;5308;14577;3909;0;1135;1461;0.16;0.113;0.023;0.696;0.008;0;0;0
Godalming and Ash;Jeremy Hunt;12;Surrey West and Aldershot;74168;19028;2681;17632;10853;2241;0;0;1252;0.53;0;0.41;0.06;0;0;0;0
Goole and Pocklington;Unknown (Reform gain from CON);5;East Yorkshire;78287;12937;8776;5097;17506;3061;0;0;1644;0.22;0.054;0.004;0.722;0;0;0;0
Gorton and Denton;Unknown (Reform gain from LAB);4;Manchester East;78125;1893;9518;3346;12508;5254;0;3014;348;0.001;0.249;0.004;0.729;0.016;0;0;0
Gosport;Unknown (Reform gain from CON);12;Portsmouth;73261;12175;6327;4871;16393;2881;0;0;1720;0.23;0.013;0.009;0.747;0.001;0;0;0
Grantham and Bourne;Unknown (Reform gain from CON);8;Lincolnshire South;73280;11466;6588;3722;17284;2962;0;0;3582;0.187;0.019;0.002;0.791;0;0;0;0
Gravesham;Unknown (Reform gain from LAB);12;Kent West;73088;9661;8654;3618;16347;3344;0;0;1094;0.112;0.068;0.002;0.817;0;0;0;0
Great Grimsby and Cleethorpes;Unknown (Reform gain from LAB);5;Lincolnshire North;78875;5748;7651;2381;17552;2526;0;0;1393;0.008;0.029;0;0.963;0;0;0;0
Great Yarmouth;Rupert Lowe;9;Norfolk North;73317;6643;6241;2633;21424;2691;0;0;1588;0.004;0.001;0;0.994;0;0;0;0
Greenwich and Woolwich;Matthew Pennycook;11;South East London;73573;3451;14190;5928;8965;7223;0;667;1005;0.003;0.776;0.021;0.145;0.054;0;0;0
Guildford;Zöe Franklin;12;Surrey West and Aldershot;70734;10781;4041;17885;10492;2998;0;0;1137;0.1;0.002;0.808;0.088;0.001;0;0;0
Hackney North and Stoke Newington;Diane Abbott;11;Hackney and Tower Hamlets;77797;2570;15007;4643;6440;10272;0;0;1509;0.002;0.785;0.005;0.025;0.182;0;0;0
Hackney South and Shoreditch;Meg Hillier;11;Hackney and Tower Hamlets;78262;1950;15060;4994;6063;11003;0;1019;701;0;0.763;0.008;0.018;0.21;0;0;0
Halesowen;Unknown (Reform gain from LAB);7;Black Country;68549;7081;7578;3677;15803;3227;0;0;1089;0.039;0.058;0.002;0.899;0.001;0;0;0
Halifax;Unknown (Reform gain from LAB);5;Huddersfield and Halifax;77516;5530;8172;3244;15526;3802;0;2155;1585;0.018;0.091;0;0.887;0.004;0;0;0
Hamble Valley;Unknown (Reform gain from CON);12;Southampton;80537;14757;5394;12804;15778;3241;0;0;1495;0.326;0.003;0.208;0.463;0;0;0;0
Hammersmith and Chiswick;Andy Slaughter;11;West London;75860;7482;17490;6115;7104;5186;0;421;1480;0.044;0.898;0.014;0.036;0.007;0;0;0
Hampshire East;Unknown (LIB gain from CON);12;Hampshire;71965;14247;3311;14513;13026;2928;0;0;1625;0.349;0.001;0.389;0.26;0;0;0;0
Hampshire North East;Alex Brewer;12;Hampshire;76975;16089;3514;17799;13183;2449;0;0;1806;0.335;0.001;0.496;0.167;0;0;0;0
Hampshire North West;Unknown (Reform gain from CON);12;Hampshire;78629;12916;8419;7977;15407;3828;0;0;1655;0.313;0.044;0.048;0.593;0.001;0;0;0
Hampstead and Highgate;Tulip Siddiq;11;Central London;80029;6248;16578;8421;7971;7734;0;0;1607;0.023;0.82;0.066;0.051;0.039;0;0;0
Harborough, Oadby and Wigston;Neil O'Brien;8;Leicestershire East and Rutland;77407;13623;9687;6144;13290;4794;0;0;1314;0.434;0.127;0.019;0.416;0.003;0;0;0
Harlow;Unknown (Reform gain from LAB);9;Essex South West;74683;9729;8641;3428;16748;3306;0;0;1250;0.098;0.054;0.001;0.847;0;0;0;0
Harpenden and Berkhamsted;Victoria Collins;9;Hertfordshire West;72242;12478;4502;21757;10480;2619;0;0;1169;0.084;0.001;0.881;0.033;0;0;0;0
Harrogate and Knaresborough;Tom Gordon;5;York;77970;10911;4167;18013;13654;2320;0;0;1597;0.078;0.001;0.68;0.24;0;0;0;0
Harrow East;Bob Blackman;11;Brent Harrow Barnet;76386;17456;7494;4148;10430;3441;0;600;2225;0.848;0.036;0.002;0.113;0;0;0;0
Harrow West;Gareth Thomas;11;Brent Harrow Barnet;79902;9105;12122;4479;10115;3706;0;0;4033;0.18;0.52;0.01;0.277;0.007;0;0;0.005
Hartlepool;Unknown (Reform gain from LAB);3;County Durham;71437;5132;8888;1842;16818;1636;0;307;1565;0.005;0.072;0;0.921;0;0;0;0
Harwich and North Essex;Unknown (Reform gain from CON);9;Essex North;76579;12582;9111;4824;16022;3891;0;0;1226;0.293;0.071;0.005;0.629;0.001;0;0;0
Hastings and Rye;Unknown (Reform gain from LAB);12;Sussex East;75939;6615;12564;3921;14865;5800;0;548;881;0.031;0.325;0.003;0.629;0.01;0;0;0
Havant;Unknown (Reform gain from CON);12;Portsmouth;72346;9109;7120;4465;17013;3421;0;870;447;0.075;0.031;0.007;0.885;0.001;0;0;0
Hayes and Harlington;John McDonnell;11;Southall;74405;5471;11397;3203;11290;3232;0;1678;391;0.027;0.479;0.004;0.485;0.004;0;0;0
Hazel Grove;Unknown (Reform gain from LIB);4;Manchester East;72843;6277;8035;13451;13827;2406;0;0;1074;0.014;0.057;0.426;0.501;0;0;0;0
Hemel Hempstead;Unknown (Reform gain from LAB);9;Hertfordshire West;71038;9495;10146;5770;13036;3781;0;0;1071;0.172;0.233;0.016;0.575;0.003;0;0;0
Hendon;David Pinto-Duschinsky;11;Brent Harrow Barnet;74865;10029;10386;4289;9635;3742;0;1183;718;0.306;0.383;0.009;0.293;0.009;0;0;0
Henley and Thame;Freddie Van Mierlo;12;Oxfordshire;73749;15024;3191;18879;10677;2841;0;0;1797;0.278;0;0.654;0.067;0;0;0;0
Hereford and South Herefordshire;Unknown (Reform gain from CON);7;English Marches;72203;10464;7443;5778;16454;3771;0;0;1410;0.162;0.039;0.009;0.786;0.003;0;0;0
Herefordshire North;Ellie Chowns;7;English Marches;72797;11741;2086;3294;15312;15605;0;0;1370;0.127;0;0;0.436;0.436;0;0;0
Herne Bay and Sandwich;Unknown (Reform gain from CON);12;Kent East;77841;12238;8454;4438;18470;3951;0;0;1268;0.164;0.027;0.003;0.805;0.001;0;0;0
Hertford and Stortford;Unknown (Reform gain from LAB);9;Hertfordshire East;78915;13170;13551;5891;13560;5424;0;0;1462;0.303;0.328;0.014;0.349;0.005;0;0;0
Hertfordshire North East;Unknown (Reform gain from LAB);9;Hertfordshire East;77090;13233;11519;6612;14066;4776;0;0;1250;0.361;0.183;0.02;0.433;0.002;0;0;0
Hertfordshire South West;Unknown (Reform gain from CON);9;Hertfordshire West;71353;11430;7141;10529;13573;2974;0;0;1452;0.278;0.037;0.2;0.483;0;0;0;0
Hertsmere;Oliver Dowden;9;Hertfordshire West;73518;15724;7772;5792;13394;3193;0;0;1450;0.629;0.034;0.008;0.327;0.001;0;0;0
Hexham;Unknown (CON gain from LAB);3;Northumberland;76431;15052;14960;4772;8731;3731;0;0;3328;0.471;0.457;0.004;0.066;0.001;0;0;0
Heywood and Middleton North;Unknown (Reform gain from LAB);4;Manchester North East;74786;4637;8541;3051;15894;1193;0;0;4074;0.004;0.078;0.001;0.913;0;0;0;0.003
High Peak;Jonathan Brian Pearce;8;Derbyshire North;74385;9179;15219;3789;14719;3772;0;0;998;0.061;0.51;0.001;0.427;0.001;0;0;0
Hinckley and Bosworth;Unknown (Reform gain from CON);8;Leicestershire West;76431;11927;4852;10014;16872;2253;0;0;1393;0.199;0.003;0.077;0.72;0;0;0;0
Hitchin;Alistair Strathern;9;Hertfordshire East;75080;10037;16157;6235;13553;3842;0;0;1127;0.102;0.592;0.014;0.292;0;0;0;0
Holborn and St Pancras;Keir Starmer;11;Central London;71300;2426;12466;4574;6803;5457;0;5253;1093;0.004;0.813;0.022;0.114;0.038;0;0.007;0.001
Honiton and Sidmouth;Richard Foord;10;Devon Central and East;75537;12942;2533;16731;13752;2346;0;0;1789;0.195;0;0.553;0.252;0;0;0;0
Hornchurch and Upminster;Unknown (Reform gain from CON);11;Dagenham and Redbridge;75438;11122;7070;4156;19629;3155;0;0;1433;0.097;0.014;0.001;0.886;0.001;0;0;0
Hornsey and Friern Barnet;Catherine West;11;Enfield and Haringey;69885;3199;19758;8267;6328;8572;0;872;688;0.001;0.928;0.022;0.016;0.032;0;0;0
Horsham;John Milne;12;Sussex West;79150;15684;4289;16945;12715;3209;0;0;1698;0.356;0.001;0.477;0.165;0;0;0;0
Houghton and Sunderland South;Unknown (Reform gain from LAB);3;Tyne and Wear South;78448;4029;10725;2988;19216;2249;0;0;1101;0;0.077;0;0.923;0;0;0;0
Hove and Portslade;Peter Kyle;12;South Coast;74063;4479;17596;5198;11220;8947;0;0;3300;0.009;0.782;0.008;0.162;0.039;0;0;0
Huddersfield;Unknown (Reform gain from LAB);5;Huddersfield and Halifax;77795;4645;8555;3304;13048;8350;0;0;1053;0.011;0.141;0.001;0.718;0.127;0;0;0
Hull East;Unknown (Reform gain from LAB);5;East Yorkshire;70650;2231;6934;2892;16008;2084;0;0;905;0;0.027;0;0.973;0;0;0;0
Hull North and Cottingham;Unknown (Reform gain from LAB);5;East Yorkshire;75280;3728;10626;3596;14893;3032;0;0;2180;0.004;0.224;0.003;0.767;0.001;0;0;0
Hull West and Haltemprice;Unknown (Reform gain from LAB);5;East Yorkshire;73252;4263;10810;3459;15908;2587;0;0;944;0.002;0.184;0.001;0.812;0;0;0;0
Huntingdon;Unknown (Reform gain from CON);9;Cambridgeshire North;79074;14090;10137;5883;14669;4314;0;0;2123;0.41;0.108;0.011;0.467;0.003;0;0;0
Hyndburn;Unknown (Reform gain from LAB);4;Lancashire East;76126;5729;7079;2485;16153;4264;0;0;854;0.012;0.042;0;0.945;0;0;0;0
Ilford North;Unknown (Reform gain from LAB);11;Dagenham and Redbridge;77835;6979;9479;3549;10840;2977;0;10146;469;0.078;0.268;0.011;0.444;0.01;0;0.189;0
Ilford South;Unknown (Reform gain from LAB);11;Dagenham and Redbridge;80993;3435;8731;4008;10519;4923;0;6228;1547;0.013;0.313;0.025;0.574;0.047;0;0.027;0
Ipswich;Unknown (Reform gain from LAB);9;Suffolk West and Ipswich;76319;6904;11771;3661;15141;4513;0;0;1200;0.033;0.279;0.003;0.682;0.003;0;0;0
Isle of Wight East;Unknown (Reform gain from CON);12;Isle of Wight and the New Forest;55855;7819;3489;3679;12311;5378;0;0;1260;0.156;0.005;0.008;0.806;0.025;0;0;0
Isle of Wight West;Unknown (Reform gain from LAB);12;Isle of Wight and the New Forest;55406;7542;7787;3455;11125;3079;0;0;991;0.157;0.173;0.01;0.656;0.004;0;0;0
Islington North;Jeremy Corbyn;11;Central London;72582;2212;10841;4423;6822;4863;0;17359;444;0.002;0.163;0.008;0.048;0.008;0;0.77;0
Islington South and Finsbury;Emily Thornberry;11;Central London;74122;2930;15193;6147;7737;8552;0;0;1766;0.002;0.825;0.017;0.073;0.081;0;0;0
Jarrow and Gateshead East;Unknown (Reform gain from LAB);3;Tyne and Wear South;70272;2111;9550;2798;18486;3072;0;0;1369;0;0.051;0;0.949;0;0;0;0
Keighley and Ilkley;Unknown (Reform gain from CON);5;Bradford;74367;10881;10590;3226;14045;3083;0;0;2501;0.21;0.208;0.002;0.577;0.001;0;0;0
Kenilworth and Southam;Jeremy Wright;7;Warwickshire;74923;15694;8271;9927;12881;4066;0;0;1738;0.561;0.051;0.093;0.293;0.002;0;0;0
Kensington and Bayswater;Joe Powell;11;West London;77306;11796;13012;4906;6833;3364;0;1417;1058;0.372;0.562;0.009;0.052;0.004;0;0;0
Kettering;Unknown (Reform gain from LAB);8;Northamptonshire;79390;9831;9940;3838;16557;6410;0;0;2264;0.108;0.127;0.003;0.75;0.012;0;0;0
Kingston and Surbiton;Ed Davey;11;South West London;77340;7805;5739;19377;10769;3700;0;406;1974;0.021;0.006;0.887;0.082;0.002;0;0;0.001
Kingswinford and South Staffordshire;Unknown (Reform gain from CON);7;Staffordshire South;71662;12648;6388;3714;17991;2709;0;0;1936;0.192;0.008;0.001;0.799;0;0;0;0
Knowsley;Unknown (Reform gain from LAB);4;Merseyside East and Warrington;72087;1490;13129;2845;14076;3501;0;583;659;0;0.422;0;0.577;0.001;0;0;0
Lancashire West;Unknown (Reform gain from LAB);4;Lancashire South;74083;6843;14018;3462;15048;3241;0;0;1191;0.019;0.439;0;0.54;0.001;0;0;0
Lancaster and Wyre;Unknown (Reform gain from LAB);4;Lancashire West;74760;6563;12702;3329;13759;5250;0;0;992;0.027;0.421;0.003;0.542;0.006;0;0;0
Leeds Central and Headingley;Alex Sobel;5;Leeds;70554;1934;9323;3777;7473;8343;0;901;806;0.002;0.479;0.007;0.229;0.283;0;0;0
Leeds East;Unknown (Reform gain from LAB);5;Leeds;76207;4816;10585;2815;14208;3542;0;0;2195;0.013;0.233;0.001;0.751;0;0;0;0.001
Leeds North East;Fabian Hamilton;5;Leeds;70178;4465;14016;4930;10182;6682;0;1802;1475;0.011;0.68;0.01;0.259;0.039;0;0;0
Leeds North West;Katie White;5;Leeds;71592;7596;16419;6669;11890;3819;0;0;1755;0.036;0.717;0.014;0.231;0.001;0;0;0
Leeds South;Unknown (Reform gain from LAB);5;Leeds;75953;2486;8341;2908;9558;6092;0;639;2551;0.004;0.335;0.005;0.571;0.08;0;0;0.003
Leeds South West and Morley;Unknown (Reform gain from LAB);5;Leeds;71854;5621;11210;3155;15106;3088;0;0;1413;0.008;0.25;0.001;0.74;0;0;0;0
Leeds West and Pudsey;Unknown (Reform gain from LAB);5;Leeds;70069;4884;11378;2997;12783;3925;0;805;1018;0.011;0.386;0.002;0.597;0.003;0;0;0
Leicester East;Unknown (Reform gain from CON);8;Leicestershire East and Rutland;76560;7676;4830;6071;13231;2714;0;3853;4252;0.135;0.026;0.046;0.775;0.005;0;0;0.013
Leicester South;Shockat Adam;8;Leicestershire East and Rutland;70867;2701;6904;3711;9792;4881;0;10686;388;0.022;0.112;0.018;0.475;0.037;0;0.335;0
Leicester West;Unknown (Reform gain from LAB);8;Leicestershire East and Rutland;74102;4600;8626;3164;12573;4076;0;0;1380;0.017;0.203;0.003;0.77;0.005;0;0;0
Leicestershire Mid;Unknown (Reform gain from CON);8;Leicestershire West;75933;12063;8659;4631;16531;3863;0;0;1178;0.218;0.06;0;0.719;0.001;0;0;0
Leicestershire North West;Unknown (Reform gain from LAB);8;Leicestershire West;77757;11023;9506;3852;17509;3465;0;0;2593;0.14;0.078;0.002;0.778;0.001;0;0;0
Leicestershire South;Unknown (Reform gain from CON);8;Leicestershire West;78543;12993;7485;7874;17765;3086;0;0;1282;0.245;0.028;0.018;0.707;0.001;0;0;0
Leigh and Atherton;Unknown (Reform gain from LAB);4;Manchester North West;79761;4104;12225;2958;18337;2410;0;0;1254;0;0.158;0;0.841;0;0;0;0
Lewes;James MacCleary;12;Sussex East;76166;9865;3696;19779;14564;2656;0;0;1272;0.045;0.001;0.736;0.217;0;0;0;0
Lewisham East;Janet Daby;11;South East London;73376;2937;13500;5001;9327;6649;0;649;965;0.004;0.731;0.012;0.205;0.047;0;0;0
Lewisham North;Vicky Foxcroft;11;South East London;74204;2223;15159;5912;6639;10781;0;527;1067;0;0.75;0.013;0.029;0.207;0;0;0
Lewisham West and East Dulwich;Ellie Reeves;11;South East London;70099;2769;17686;6239;6724;9972;0;566;845;0.002;0.893;0.011;0.017;0.077;0;0;0
Leyton and Wanstead;Calvin Bailey;11;Lea Valley;73366;3415;12829;5230;8338;7595;0;1203;3697;0.008;0.678;0.02;0.176;0.113;0;0;0.004
Lichfield;Unknown (Reform gain from LAB);7;Staffordshire South;76118;11941;9770;5233;17341;2992;0;0;1635;0.187;0.073;0.003;0.735;0.001;0;0;0
Lincoln;Unknown (Reform gain from LAB);8;Lincolnshire North;72313;5918;11737;3566;14906;3448;0;564;1138;0.018;0.294;0.002;0.684;0.002;0;0;0
Liverpool Garston;Maria Eagle;4;Merseyside East and Warrington;69282;2416;14551;4732;11735;3788;0;0;3969;0;0.669;0.002;0.322;0.003;0;0;0.003
Liverpool Riverside;Kim Johnson;4;Merseyside East and Liverpool;71380;1204;10048;3035;10040;6656;0;0;1853;0;0.465;0.001;0.471;0.062;0;0;0
Liverpool Walton;Unknown (Reform gain from LAB);4;Merseyside East and Liverpool;69317;1347;13506;2700;14070;3585;0;0;1362;0;0.453;0;0.546;0;0;0;0
Liverpool Wavertree;Paula Barker;4;Merseyside East and Liverpool;70581;1809;13396;4427;9513;7466;0;0;2418;0;0.712;0.005;0.224;0.058;0;0;0.001
Liverpool West Derby;Ian Byrne;4;Merseyside East and Liverpool;69934;1508;13818;3022;12890;3653;0;0;2639;0;0.568;0;0.431;0;0;0;0
Loughborough;Unknown (Reform gain from LAB);8;Leicestershire West;68996;7739;11378;3977;13469;3528;0;0;879;0.063;0.309;0.004;0.622;0.002;0;0;0
Louth and Horncastle;Unknown (Reform gain from CON);8;Lincolnshire South;76882;11338;5331;3719;20823;2668;0;0;2603;0.067;0.005;0;0.927;0;0;0;0
Lowestoft;Unknown (Reform gain from LAB);9;Suffolk East;74332;8261;7533;3190;18155;3787;0;0;1216;0.045;0.023;0;0.932;0;0;0;0
Luton North;Unknown (Reform gain from LAB);9;Bedfordshire;74866;5027;8207;3422;11499;2774;0;3203;3315;0.045;0.214;0.011;0.722;0.003;0;0;0.004
Luton South and South Bedfordshire;Unknown (Reform gain from LAB);9;Bedfordshire;76970;5184;7731;3486;11581;3142;0;3921;2660;0.054;0.168;0.018;0.747;0.009;0;0;0.002
Macclesfield;Tim Roca;4;Cheshire;76416;10415;17174;4665;13897;3290;0;0;1740;0.081;0.62;0.001;0.297;0;0;0;0
Maidenhead;Joshua Peter Reynolds;12;Buckinghamshire South;75687;15346;4424;17302;7354;3062;0;0;2343;0.371;0.001;0.608;0.019;0.001;0;0;0
Maidstone and Malling;Unknown (Reform gain from CON);12;Medway and Maidstone;76449;11367;7436;6372;15102;4537;0;0;1447;0.248;0.036;0.025;0.686;0.005;0;0;0
Makerfield;Unknown (Reform gain from LAB);4;Lancashire South;76845;3650;10781;3236;19722;2134;0;0;1352;0;0.068;0;0.931;0;0;0;0
Maldon;Unknown (Reform gain from CON);9;Essex South East;78281;14200;5699;6436;19540;2850;0;0;1236;0.231;0.003;0.002;0.762;0;0;0;0
Manchester Central;Unknown (Reform gain from LAB);4;Manchester Central and Trafford;85049;2047;10586;4498;12142;7505;0;1748;967;0.002;0.352;0.008;0.564;0.073;0;0;0
Manchester Rusholme;Afzal Khan;4;Manchester Central and Trafford;72604;1312;7663;2368;6146;7602;0;2931;680;0.001;0.405;0.008;0.227;0.358;0;0;0
Manchester Withington;Jeff Smith;4;Manchester Central and Trafford;70549;2094;14434;6894;6508;8968;0;1743;548;0.001;0.799;0.039;0.05;0.11;0;0;0
Mansfield;Unknown (Reform gain from LAB);8;Nottinghamshire North;73817;7871;8013;2711;17975;2432;0;0;1945;0.032;0.041;0;0.926;0;0;0;0
Melksham and Devizes;Brian Mathew;10;Wiltshire South;71999;13822;3089;15258;13685;3007;0;0;1278;0.289;0;0.425;0.286;0;0;0;0
Melton and Syston;Unknown (Reform gain from CON);8;Leicestershire East and Rutland;74316;11974;6693;4261;16709;3699;0;0;2044;0.229;0.016;0.004;0.749;0;0;0;0
Meriden and Solihull East;Unknown (Reform gain from CON);7;Coventry and Meriden;73659;12271;6703;4951;15643;3517;0;0;1153;0.278;0.019;0.004;0.697;0.001;0;0;0
Middlesbrough and Thornaby East;Unknown (Reform gain from LAB);3;Teesside;75123;4038;8133;2215;15219;2421;0;1990;744;0.006;0.077;0;0.917;0;0;0;0
Middlesbrough South and East Cleveland;Unknown (CON gain from LAB);3;Teesside;70328;11144;8974;3381;9502;2577;0;0;2464;0.505;0.217;0.001;0.276;0;0;0;0
Milton Keynes Central;Unknown (Reform gain from LAB);12;Buckinghamshire North;81078;8307;12821;6175;13156;4500;0;0;1094;0.079;0.434;0.025;0.456;0.005;0;0;0
Milton Keynes North;Unknown (Reform gain from LAB);12;Buckinghamshire North;70709;8932;12678;4726;13142;4079;0;0;907;0.107;0.417;0.007;0.466;0.002;0;0;0
Mitcham and Morden;Siobhain McDonagh;11;Wimbledon and Sutton;77272;4020;14675;5714;11510;5961;0;1105;838;0.008;0.685;0.012;0.275;0.019;0;0;0
Morecambe and Lunesdale;Unknown (Reform gain from LAB);4;Lancashire West;76424;10432;11582;6059;14681;3230;0;0;1263;0.15;0.265;0.011;0.572;0.001;0;0;0
New Forest East;Unknown (Reform gain from CON);12;Isle of Wight and the New Forest;70618;12674;5226;7151;14998;3334;0;0;1862;0.344;0.008;0.037;0.611;0;0;0;0
New Forest West;Unknown (Reform gain from CON);12;Isle of Wight and the New Forest;68644;12230;6701;8032;14402;3157;0;0;1575;0.309;0.03;0.06;0.6;0;0;0;0
Newark;Unknown (Reform gain from CON);8;Nottinghamshire North;80028;14559;9923;5190;17124;3193;0;199;2262;0.32;0.067;0.002;0.61;0;0;0;0
Newbury;Lee Raymond James Dillon;12;Berkshire;71986;13884;2794;14953;11671;3408;0;0;1382;0.361;0;0.457;0.181;0;0;0;0
Newcastle upon Tyne Central and West;Unknown (Reform gain from LAB);3;Tyne and Wear North;76969;2573;9439;3383;16443;4353;0;0;4876;0.001;0.115;0;0.877;0.004;0;0;0.001
Newcastle upon Tyne East and Wallsend;Unknown (Reform gain from LAB);3;Tyne and Wear North;76421;2317;10965;4023;16978;5856;0;651;1258;0;0.148;0.001;0.846;0.004;0;0;0
Newcastle upon Tyne North;Catherine McKinnell;3;Tyne and Wear North;75146;5601;15977;6426;11927;5189;0;0;1670;0.014;0.712;0.014;0.254;0.006;0;0;0
Newcastle-under-Lyme;Unknown (Reform gain from LAB);7;Staffordshire North;67839;8162;8564;3243;15178;3253;0;0;1134;0.084;0.089;0;0.826;0;0;0;0
Newton Abbot;Unknown (Reform gain from LIB);10;Devon Central and East;73885;10340;4387;11581;15223;3027;0;0;2953;0.138;0.005;0.234;0.622;0;0;0;0
Newton Aycliffe and Spennymoor;Unknown (Reform gain from LAB);3;County Durham;72224;4710;10915;2794;17096;2484;0;430;872;0.001;0.144;0;0.855;0;0;0;0
Norfolk Mid;Unknown (Reform gain from CON);9;Norfolk South;75238;11485;7580;4456;17787;3474;0;0;1218;0.157;0.027;0.002;0.811;0.002;0;0;0
Norfolk North;Unknown (Reform gain from LIB);9;Norfolk North;71438;12833;2330;13935;14162;2164;0;0;1140;0.237;0;0.363;0.4;0;0;0;0
Norfolk North West;Unknown (Reform gain from CON);9;Norfolk North;74415;10924;5746;6247;17660;2895;0;0;1219;0.139;0.008;0.011;0.841;0.001;0;0;0
Norfolk South;Unknown (Reform gain from LAB);9;Norfolk South;74135;11533;10801;6453;13407;5010;0;0;1539;0.27;0.198;0.028;0.497;0.006;0;0;0
Norfolk South West;Unknown (Reform gain from LAB);9;Norfolk South;74724;7789;6124;3706;17867;2698;0;5515;967;0.051;0.015;0.006;0.923;0.002;0;0.001;0
Normanton and Hemsworth;Unknown (Reform gain from LAB);5;Wakefield and Dewsbury;75645;3799;9879;2330;18023;2353;0;0;1015;0;0.08;0;0.919;0;0;0;0
Northampton North;Unknown (Reform gain from LAB);8;Northamptonshire;75575;5668;11221;3674;14395;3269;0;1245;1285;0.016;0.267;0.001;0.714;0;0;0;0
Northampton South;Unknown (Reform gain from LAB);8;Northamptonshire;70393;9445;9815;4435;13556;3433;0;0;1482;0.164;0.189;0.006;0.639;0.001;0;0;0
Northamptonshire South;Unknown (Reform gain from CON);8;Northamptonshire;78233;13963;9345;6593;16181;3517;0;268;2464;0.34;0.08;0.012;0.567;0.001;0;0;0
Northumberland North;Unknown (Reform gain from LAB);3;Northumberland;74132;9841;10765;5832;14328;2883;0;0;4031;0.157;0.233;0.015;0.593;0.001;0;0;0.001
Norwich North;Unknown (Reform gain from LAB);9;Norfolk North;73721;6249;13218;3556;15589;4936;0;0;1232;0.019;0.34;0.003;0.634;0.003;0;0;0
Norwich South;Clive Lewis;9;Norfolk South;76381;4824;13621;4563;11287;8290;0;0;1787;0.015;0.606;0.012;0.297;0.07;0;0;0
Nottingham East;Nadia Whittome;8;Nottinghamshire South;69395;2388;10351;3578;9891;5752;0;2202;1123;0.004;0.515;0.007;0.433;0.04;0;0;0
Nottingham North and Kimberley;Unknown (Reform gain from LAB);8;Nottinghamshire South;73768;4604;8938;2625;13971;3462;0;0;936;0.007;0.16;0.001;0.831;0.001;0;0;0
Nottingham South;Unknown (Reform gain from LAB);8;Nottinghamshire South;64255;3958;9160;3066;10357;3381;0;1480;935;0.017;0.39;0.003;0.586;0.004;0;0;0
Nuneaton;Unknown (Reform gain from LAB);7;Warwickshire;71662;8016;7694;3147;16674;3755;0;1465;438;0.05;0.04;0.002;0.906;0.001;0;0;0
Old Bexley and Sidcup;Unknown (Reform gain from CON);11;Bexley and Bromley;72290;12871;8283;4074;16842;3326;0;0;1454;0.253;0.035;0.002;0.71;0;0;0;0
Oldham East and Saddleworth;Unknown (Reform gain from LAB);4;Manchester North East;72760;5005;8026;3849;14697;2081;0;3700;1911;0.015;0.098;0.005;0.878;0.001;0;0;0.001
Oldham West, Chadderton and Royton;Unknown (Reform gain from LAB);4;Manchester North East;73178;3083;7012;2507;13735;2286;0;6019;2607;0.007;0.084;0.003;0.886;0.001;0;0.015;0.003
Orpington;Unknown (Reform gain from CON);11;Bexley and Bromley;71203;12993;7251;6155;14766;3090;0;0;1275;0.373;0.036;0.016;0.572;0.002;0;0;0
Ossett and Denby Dale;Unknown (Reform gain from LAB);5;Wakefield and Dewsbury;72312;9503;10061;3517;15096;3101;0;0;1887;0.132;0.154;0.002;0.712;0;0;0;0
Oxford East;Anneliese Dodds;12;Oxfordshire;71845;3431;12259;5029;6753;6435;0;1891;3726;0.022;0.733;0.047;0.13;0.063;0;0;0.004
Oxford West and Abingdon;Layla Moran;12;Oxfordshire;71318;7750;5476;17600;9581;3784;0;0;1624;0.032;0.007;0.866;0.091;0.002;0;0;0
Peckham;Miatta Fahnbulleh;11;South East London;72123;1918;12825;5296;6599;8557;0;0;1920;0;0.754;0.023;0.057;0.165;0;0;0
Pendle and Clitheroe;Unknown (Reform gain from LAB);4;Lancashire East;78796;10552;8702;3661;15974;2774;0;309;3639;0.149;0.086;0.001;0.761;0.001;0;0;0.001
Penistone and Stocksbridge;Unknown (Reform gain from LAB);5;Barnsley and Sheffield West;70770;6474;12464;3946;16775;2598;0;0;935;0.01;0.244;0;0.745;0;0;0;0
Penrith and Solway;Unknown (Reform gain from LAB);4;Cumbria;77935;10864;11950;5613;15214;2926;0;0;1620;0.155;0.243;0.005;0.596;0.001;0;0;0
Peterborough;Unknown (Reform gain from LAB);9;Cambridgeshire North;73378;7293;7520;3029;14759;3321;0;3823;754;0.068;0.067;0.007;0.852;0.005;0;0;0
Plymouth Moor View;Unknown (Reform gain from LAB);10;Devon South;74724;7877;8910;3489;18093;3139;0;0;1281;0.033;0.059;0.003;0.903;0.001;0;0;0
Plymouth Sutton and Devonport;Unknown (Reform gain from LAB);10;Devon South;75313;5184;12368;3295;14495;4311;0;405;1787;0.011;0.35;0.001;0.636;0.001;0;0;0
Pontefract, Castleford and Knottingley;Unknown (Reform gain from LAB);5;Wakefield and Dewsbury;74618;3928;9751;2208;17823;2088;0;0;1086;0;0.07;0;0.929;0;0;0;0
Poole;Unknown (Reform gain from LAB);10;Bournemouth;72509;11142;8658;5812;13507;3331;0;0;1896;0.293;0.103;0.021;0.58;0.001;0;0;0
Poplar and Limehouse;Apsana Begum;11;Hackney and Tower Hamlets;84469;3299;10959;6063;9327;7680;0;3290;1637;0.011;0.485;0.063;0.309;0.131;0;0;0
Portsmouth North;Unknown (Reform gain from LAB);12;Portsmouth;70446;9337;7811;4204;15852;3061;0;0;1117;0.114;0.043;0.005;0.837;0;0;0;0
Portsmouth South;Unknown (Reform gain from LAB);12;Portsmouth;73711;4582;11812;4842;11818;4194;0;0;1590;0.012;0.496;0.015;0.473;0.003;0;0;0
Preston;Unknown (Reform gain from LAB);4;Lancashire West;77400;3848;7569;3662;13244;2574;0;6861;1500;0.011;0.128;0.008;0.827;0.002;0;0.023;0
Putney;Fleur Anderson;11;Lambeth and Wandsworth;72614;9537;17536;7145;7462;4746;0;597;918;0.093;0.837;0.023;0.042;0.005;0;0;0
Queen's Park and Maida Vale;Georgia Gould;11;West London;75558;3542;12774;5814;7335;6200;0;1428;886;0.011;0.781;0.031;0.123;0.054;0;0;0
Rawmarsh and Conisbrough;Unknown (Reform gain from LAB);5;Doncaster and Rotherham;69132;3344;9303;2095;16680;2071;0;781;363;0;0.073;0;0.927;0;0;0;0
Rayleigh and Wickford;Unknown (Reform gain from CON);9;Essex South East;76576;12857;6891;5110;19255;2828;0;0;1188;0.179;0.007;0.003;0.81;0;0;0;0
Reading Central;Matt Rodda;12;Berkshire;73600;7008;14045;5171;9534;6898;0;0;1348;0.051;0.704;0.023;0.178;0.043;0;0;0
Reading West and Mid Berkshire;Unknown (CON gain from LAB);12;Berkshire;68786;11871;10149;6122;11512;4192;0;0;1705;0.407;0.2;0.038;0.35;0.005;0;0;0
Redcar;Unknown (Reform gain from LAB);3;Teesside;70241;6723;9096;2688;16419;2037;0;0;995;0.02;0.089;0.001;0.89;0;0;0;0
Redditch;Unknown (Reform gain from LAB);7;Worcestershire;71038;9765;7801;3774;16109;3118;0;1291;446;0.115;0.05;0.002;0.832;0;0;0;0
Reigate;Rebecca Paul;12;Surrey East;77101;15347;10268;7672;12480;5282;0;0;1172;0.558;0.115;0.045;0.273;0.008;0;0;0
Ribble Valley;Unknown (Reform gain from LAB);4;Lancashire West;80484;12455;10486;6622;16634;2796;0;0;2291;0.211;0.121;0.01;0.658;0;0;0;0
Richmond and Northallerton;Unknown (Reform gain from CON);5;North Yorkshire;73888;15698;6100;5533;15862;2591;0;129;1905;0.492;0.009;0.005;0.493;0;0;0;0
Richmond Park;Sarah Olney;11;South West London;68103;10171;5435;22590;7619;3700;0;0;1434;0.027;0.001;0.96;0.012;0;0;0;0
Rochdale;Unknown (Reform gain from LAB);4;Manchester North East;71264;3245;7109;3479;13199;1987;0;8477;398;0.008;0.091;0.003;0.82;0.001;0;0.076;0
Rochester and Strood;Unknown (Reform gain from LAB);12;Medway and Maidstone;74257;8720;8222;3674;16975;3415;0;569;889;0.073;0.05;0.004;0.871;0.001;0;0;0
Romford;Unknown (Reform gain from CON);11;Dagenham and Redbridge;72978;10798;7595;3845;16435;3061;0;1135;707;0.151;0.038;0;0.81;0;0;0;0
Romsey and Southampton North;Caroline Nokes;12;Southampton;71871;15825;3156;13942;12008;2892;0;0;1329;0.504;0;0.327;0.168;0;0;0;0
Rossendale and Darwen;Unknown (Reform gain from LAB);4;Lancashire East;74440;9087;10097;3129;16201;3416;0;1103;465;0.074;0.131;0;0.794;0.001;0;0;0
Rother Valley;Unknown (Reform gain from LAB);5;Doncaster and Rotherham;69460;8513;9910;2683;16688;2227;0;0;874;0.041;0.104;0.001;0.852;0;0;0;0
Rotherham;Unknown (Reform gain from LAB);5;Doncaster and Rotherham;75929;1178;9150;3130;17283;2822;0;1554;2062;0;0.061;0;0.937;0;0;0;0
Rugby;Unknown (Reform gain from LAB);7;Warwickshire;74901;11408;11151;4677;15112;4110;0;0;1487;0.207;0.185;0.004;0.602;0.001;0;0;0
Ruislip, Northwood and Pinner;David Simmonds;11;Southall;71683;16234;8497;6155;10380;3901;0;0;944;0.791;0.059;0.015;0.131;0.003;0;0;0
Runcorn and Helsby;Unknown (Reform gain from LAB);4;Cheshire;71955;5332;13769;3403;14501;3041;0;0;1545;0.006;0.438;0.002;0.554;0;0;0;0
Runnymede and Weybridge;Ben Spencer;12;Runnymede;73610;15084;6595;9897;11843;2927;0;0;1562;0.599;0.024;0.123;0.252;0.001;0;0;0
Rushcliffe;James William Naish;8;Nottinghamshire South;79160;11930;18091;5619;13490;4935;0;0;1608;0.138;0.634;0.006;0.219;0.002;0;0;0
Rutland and Stamford;Alicia Kearns;8;Leicestershire East and Rutland;71711;15237;6518;7093;14345;3061;0;0;1470;0.53;0.015;0.018;0.436;0;0;0;0
Salford;Unknown (Reform gain from LAB);4;Manchester North West;83633;2482;11543;4100;13785;6320;0;1069;707;0.002;0.333;0.003;0.64;0.021;0;0;0
Salisbury;John Glen;10;Wiltshire South;71553;13597;8381;10274;11846;3345;0;0;1670;0.483;0.071;0.162;0.282;0.001;0;0;0
Scarborough and Whitby;Unknown (Reform gain from LAB);5;North Yorkshire;74558;8976;10031;3461;16446;2862;0;0;1833;0.088;0.122;0.001;0.788;0;0;0;0
Scunthorpe;Unknown (Reform gain from LAB);5;Lincolnshire North;74263;8175;7997;2502;15799;2449;0;0;2068;0.066;0.064;0;0.869;0;0;0;0
Sefton Central;Bill Esterson;4;Merseyside East and Liverpool;74282;6980;18344;4302;12379;3259;0;0;1484;0.013;0.813;0.001;0.171;0;0;0;0
Selby;Unknown (Reform gain from LAB);5;York;78055;9710;13630;3862;16152;3645;0;0;1270;0.076;0.334;0;0.588;0.002;0;0;0
Sevenoaks;Unknown (Reform gain from CON);12;Kent West;73708;13995;4169;11644;15568;2632;0;0;1568;0.343;0.003;0.152;0.501;0;0;0;0
Sheffield Brightside and Hillsborough;Unknown (Reform gain from LAB);5;Sheffield;70453;2137;7608;2933;9772;4960;0;2089;2221;0.006;0.277;0.008;0.66;0.044;0;0;0.003
Sheffield Central;Abtisam Mohamed;5;Sheffield;60777;1795;9748;3605;4857;9084;0;614;1976;0;0.541;0.009;0.045;0.403;0;0;0.001
Sheffield Hallam;Olivia Blake;5;Barnsley and Sheffield West;73033;4504;16573;14477;7348;5610;0;336;1814;0.005;0.593;0.356;0.039;0.006;0;0;0
Sheffield Heeley;Louise Haigh;5;Sheffield;73359;2987;11364;4805;9847;6191;0;617;2047;0.005;0.563;0.019;0.363;0.048;0;0;0.002
Sheffield South East;Clive Betts;5;Sheffield;74194;4435;10939;3846;9419;3286;0;1227;2727;0.021;0.573;0.015;0.381;0.006;0;0;0.003
Sherwood Forest;Unknown (Reform gain from LAB);8;Nottinghamshire North;78894;9220;10309;4001;19008;3217;0;0;2108;0.048;0.089;0.001;0.861;0.001;0;0;0
Shipley;Anna Dixon;5;Bradford;74130;8271;14490;3615;14351;4115;0;293;1560;0.049;0.481;0.003;0.466;0.001;0;0;0
Shrewsbury;Unknown (Reform gain from LAB);7;English Marches;76633;7487;15038;7005;15703;3639;0;0;1390;0.03;0.434;0.015;0.519;0.001;0;0;0
Shropshire North;Helen Morgan;7;English Marches;77594;8355;2548;18537;16301;2217;0;0;1455;0.012;0;0.605;0.383;0;0;0;0
Shropshire South;Unknown (Reform gain from CON);7;English Marches;76723;12753;4072;12729;17710;2655;0;0;1372;0.188;0.002;0.169;0.641;0;0;0;0
Sittingbourne and Sheppey;Unknown (Reform gain from LAB);12;Medway and Maidstone;79067;8159;6223;2966;17875;2664;0;0;4206;0.042;0.01;0.001;0.946;0;0;0;0
Skipton and Ripon;Unknown (Reform gain from CON);5;North Yorkshire;79251;14501;10723;5614;15328;3998;0;0;2277;0.385;0.118;0.009;0.486;0.001;0;0;0
Sleaford and North Hykeham;Unknown (Reform gain from CON);8;Lincolnshire South;75807;11895;7175;3994;18352;2924;0;0;3588;0.161;0.022;0;0.816;0;0;0;0.001
Slough;Unknown (Reform gain from LAB);12;Runnymede;81512;5284;8282;3688;11007;3005;0;7487;2368;0.076;0.198;0.046;0.619;0.015;0;0.042;0.002
Smethwick;Unknown (Reform gain from LAB);7;Black Country;72863;3160;8497;2522;12835;3537;0;1990;1857;0.007;0.167;0.001;0.823;0.001;0;0;0
Solihull West and Shirley;Unknown (Reform gain from CON);7;Birmingham South;71813;12007;6772;8395;13712;3885;0;1086;491;0.334;0.036;0.07;0.556;0.002;0;0;0
Somerset North;Unknown (CON gain from LAB);10;Avon South;74426;14762;12433;7856;11802;4484;0;801;572;0.457;0.244;0.053;0.241;0.004;0;0;0
Somerset North East and Hanham;Unknown (Reform gain from LAB);10;Avon South;73887;12039;12881;5344;13709;4454;0;0;1589;0.274;0.304;0.02;0.396;0.004;0;0;0
South Holland and The Deepings;Unknown (Reform gain from CON);8;Lincolnshire South;78473;11346;4510;3247;20010;2124;0;0;5021;0.095;0.003;0;0.9;0;0;0;0.002
South Ribble;Unknown (Reform gain from LAB);4;Lancashire South;73420;10269;11729;4494;15379;2788;0;0;1192;0.127;0.229;0.001;0.642;0;0;0;0
South Shields;Unknown (Reform gain from LAB);3;Tyne and Wear South;68366;2619;7971;2674;16548;4831;0;0;2653;0.001;0.054;0;0.941;0.004;0;0;0
Southampton Itchen;Unknown (Reform gain from LAB);12;Southampton;68379;5730;9745;3422;13935;3698;0;0;1031;0.024;0.179;0.007;0.786;0.003;0;0;0
Southampton Test;Unknown (Reform gain from LAB);12;Southampton;65520;4867;9513;3689;11464;4145;0;938;819;0.029;0.327;0.008;0.625;0.01;0;0;0
Southend East and Rochford;Unknown (Reform gain from LAB);9;Essex South East;70217;8652;8924;3524;12963;3847;0;0;1540;0.144;0.172;0.006;0.673;0.004;0;0;0
Southend West and Leigh;Unknown (Reform gain from LAB);9;Essex South East;75154;11418;10142;4533;14230;4381;0;0;1684;0.266;0.149;0.008;0.573;0.003;0;0;0
Southgate and Wood Green;Bambos Charalambous;11;Enfield and Haringey;77542;5348;14698;6230;9828;6713;0;797;1233;0.013;0.762;0.027;0.166;0.031;0;0;0
Southport;Unknown (Reform gain from LAB);4;Merseyside East and Liverpool;73641;7186;11695;5856;15105;2720;0;0;1564;0.034;0.285;0.01;0.671;0;0;0;0
Spelthorne;Unknown (Reform gain from CON);12;Runnymede;73782;11287;7644;8004;14103;3384;0;0;1275;0.27;0.053;0.07;0.606;0;0;0;0
Spen Valley;Unknown (Reform gain from LAB);5;Wakefield and Dewsbury;72642;5818;9997;2893;16861;2804;0;0;1888;0.007;0.12;0;0.872;0;0;0;0
St Albans;Daisy Cooper;9;Hertfordshire West;72739;8593;5033;22034;9985;3661;0;0;1278;0.02;0.001;0.932;0.046;0.001;0;0;0
St Austell and Newquay;Unknown (Reform gain from LAB);10;Cornwall;76140;10079;9232;5152;16366;3608;0;0;1963;0.136;0.075;0.011;0.777;0;0;0;0
St Helens North;Unknown (Reform gain from LAB);4;Lancashire South;75483;2941;11547;3224;18296;3775;0;0;1297;0;0.131;0;0.868;0;0;0;0
St Helens South and Whiston;Unknown (Reform gain from LAB);4;Merseyside East and Warrington;71569;2234;10307;3337;15418;3221;0;0;4095;0;0.172;0.001;0.823;0.001;0;0;0.002
St Ives;Andrew George;10;Cornwall;69980;7613;2873;17472;14720;2457;0;0;1598;0.023;0;0.653;0.324;0;0;0;0
St Neots and Mid Cambridgeshire;Ian Sollom;9;Cambridgeshire South;78115;10303;5558;15449;13443;3489;0;0;3344;0.12;0.008;0.544;0.325;0.001;0;0;0.001
Stafford;Unknown (Reform gain from LAB);7;Staffordshire North;70608;10638;10532;3523;14868;4158;0;0;1509;0.184;0.163;0.001;0.65;0.001;0;0;0
Staffordshire Moorlands;Unknown (Reform gain from CON);7;Staffordshire North;69892;10430;7425;3243;18149;2987;0;0;1180;0.102;0.023;0;0.874;0;0;0;0
Stalybridge and Hyde;Unknown (Reform gain from LAB);4;Manchester East;72265;4901;9794;2399;14493;2831;0;1180;1564;0.009;0.186;0;0.804;0;0;0;0
Stevenage;Unknown (Reform gain from LAB);9;Hertfordshire East;70086;8667;10316;4606;13159;4025;0;0;1185;0.128;0.246;0.009;0.611;0.006;0;0;0
Stockport;Navendu Mishra;4;Manchester East;76625;4256;13815;5056;12739;4662;0;1746;671;0.006;0.561;0.008;0.421;0.003;0;0;0
Stockton North;Unknown (Reform gain from LAB);3;Teesside;70242;5505;9420;2275;16935;2378;0;0;1010;0.004;0.072;0;0.923;0;0;0;0
Stockton West;Matt Vickers;3;Teesside;71868;14556;10619;3422;13937;2794;0;0;1560;0.466;0.123;0;0.408;0;0;0;0.001
Stoke-on-Trent Central;Unknown (Reform gain from LAB);7;Staffordshire North;73693;3450;7777;2192;16505;2838;0;0;2871;0.001;0.05;0;0.948;0;0;0;0
Stoke-on-Trent North;Unknown (Reform gain from LAB);7;Staffordshire North;69790;6451;6961;2253;16195;2686;0;0;1903;0.022;0.029;0.001;0.947;0;0;0;0
Stoke-on-Trent South;Unknown (Reform gain from LAB);7;Staffordshire North;68263;8834;7050;3221;16731;2438;0;0;2279;0.07;0.026;0.001;0.901;0;0;0;0
Stone, Great Wyrley and Penkridge;Gavin Williamson;7;Staffordshire South;71561;13731;7970;4416;10469;3075;0;0;3671;0.655;0.087;0.005;0.25;0.001;0;0;0.002
Stourbridge;Unknown (Reform gain from LAB);7;Black Country;68311;8304;7894;3382;15343;2914;0;1487;419;0.08;0.07;0.001;0.847;0.001;0;0;0
Stratford and Bow;Uma Kumaran;11;Lea Valley;80560;2365;10939;4428;8260;8601;0;2289;4861;0.003;0.51;0.021;0.21;0.229;0;0;0.026
Stratford-on-Avon;Manuela Perteghella;7;Warwickshire;75714;12726;2853;18383;14694;2141;0;0;1631;0.14;0;0.615;0.245;0;0;0;0
Streatham and Croydon North;Steve Reed;11;Croydon;82829;3631;14217;7265;8309;8548;0;940;906;0.003;0.732;0.059;0.103;0.101;0;0;0
Stretford and Urmston;Andrew Western;4;Manchester Central and Trafford;75153;4066;13482;4479;13240;5082;0;3679;738;0.009;0.481;0.006;0.491;0.012;0;0;0
Stroud;Simon Joseph Opher;10;Gloucestershire;77912;9471;17724;4969;14078;5961;0;0;1435;0.068;0.633;0.007;0.287;0.004;0;0;0
Suffolk Central and North Ipswich;Unknown (Reform gain from CON);9;Suffolk East;73046;10989;6061;6133;15889;5423;0;0;1680;0.196;0.019;0.015;0.761;0.009;0;0;0
Suffolk Coastal;Unknown (Reform gain from LAB);9;Suffolk East;74522;11486;9741;7055;14360;4909;0;0;1265;0.266;0.128;0.029;0.57;0.006;0;0;0
Suffolk South;Unknown (Reform gain from CON);9;Suffolk West and Ipswich;73385;11674;7677;7007;16304;4303;0;0;1264;0.216;0.038;0.028;0.716;0.001;0;0;0
Suffolk West;Unknown (Reform gain from CON);9;Suffolk West and Ipswich;77149;10996;6803;5110;17632;3676;0;0;1957;0.137;0.018;0.004;0.839;0.001;0;0;0
Sunderland Central;Unknown (Reform gain from LAB);3;Tyne and Wear South;76145;4303;9538;3783;17766;3162;0;0;1113;0.002;0.075;0.001;0.922;0;0;0;0
Surrey East;Claire Coutinho;12;Surrey East;73307;14325;6578;8416;13534;3575;0;0;2231;0.477;0.022;0.069;0.43;0.001;0;0;0
Surrey Heath;Al Pinkerton;12;Surrey West and Aldershot;71934;13197;2680;16566;11607;2188;0;0;1126;0.253;0;0.603;0.144;0;0;0;0
Sussex Mid;Alison Bennett;12;Sussex West;75969;10491;7661;16534;12978;2979;0;0;1331;0.124;0.027;0.605;0.243;0.001;0;0;0
Sussex Weald;Unknown (Reform gain from CON);12;Sussex East;72897;12629;5047;9204;15640;3846;0;0;2448;0.286;0.008;0.089;0.614;0.002;0;0;0
Sutton and Cheam;Luke Taylor;11;Wimbledon and Sutton;72302;9347;6419;14050;12598;2660;0;0;1101;0.107;0.022;0.528;0.341;0.002;0;0;0
Sutton Coldfield;Unknown (Reform gain from CON);7;Birmingham North;74080;13591;9388;4983;14799;3488;0;1161;504;0.391;0.084;0.004;0.519;0.001;0;0;0
Swindon North;Unknown (Reform gain from LAB);10;Swindon and Chippenham;73238;10250;10079;3663;14217;3827;0;0;1454;0.19;0.182;0.001;0.626;0.001;0;0;0
Swindon South;Unknown (Reform gain from LAB);10;Swindon and Chippenham;72596;7204;13321;3559;14223;3751;0;0;1254;0.039;0.428;0.004;0.526;0.002;0;0;0
Tamworth;Unknown (Reform gain from LAB);7;Staffordshire South;75059;9652;8171;3305;18676;2769;0;406;1154;0.066;0.031;0;0.902;0;0;0;0
Tatton;Esther McVey;4;Cheshire;75978;15840;12544;6322;11665;3423;0;0;1176;0.573;0.239;0.009;0.178;0;0;0;0
Taunton and Wellington;Gideon Amos;10;Somerset West and Barnstaple;78116;8439;3169;16940;16847;2662;0;0;1248;0.025;0;0.506;0.469;0;0;0;0
Telford;Unknown (Reform gain from LAB);7;English Marches;73808;6393;9413;3002;16675;3793;0;0;1183;0.019;0.113;0.002;0.864;0.001;0;0;0
Tewkesbury;Cameron Thomas;10;Gloucestershire;73458;11828;2957;15335;12842;3532;0;0;1398;0.186;0.001;0.523;0.289;0;0;0;0
Thanet East;Unknown (Reform gain from LAB);12;Kent East;74940;7896;9733;3065;14804;5281;0;0;1948;0.075;0.155;0.004;0.756;0.01;0;0;0
Thirsk and Malton;Unknown (Reform gain from CON);5;North Yorkshire;78484;13430;6889;6177;17603;3226;0;0;2004;0.261;0.015;0.008;0.715;0.001;0;0;0
Thornbury and Yate;Claire Young;10;Avon North;78195;14274;3427;15885;14449;3135;0;0;1353;0.294;0;0.423;0.282;0;0;0;0
Thurrock;Unknown (Reform gain from LAB);9;Essex South West;73405;6358;8531;2853;14793;3027;0;867;947;0.037;0.09;0.002;0.869;0.001;0;0;0
Tipton and Wednesbury;Unknown (Reform gain from LAB);7;Black Country;74100;4201;5806;1820;16739;2247;0;0;1837;0.001;0.008;0;0.991;0;0;0;0
Tiverton and Minehead;Unknown (Reform gain from LIB);10;Somerset West and Barnstaple;71843;10675;2645;14064;15714;2750;0;0;1269;0.099;0;0.37;0.531;0;0;0;0
Tonbridge;Tom Tugendhat;12;Kent West;72799;15213;5633;5652;14495;6471;0;0;2051;0.53;0.006;0.013;0.438;0.012;0;0;0
Tooting;Rosena Allin-Khan;11;Lambeth and Wandsworth;76082;8002;20975;6391;6939;6737;0;828;1110;0.021;0.952;0.006;0.012;0.008;0;0;0
Torbay;Unknown (Reform gain from LIB);10;Devon South;76179;10325;2313;12983;16349;2433;0;1006;409;0.096;0;0.259;0.645;0;0;0;0
Torridge and Tavistock;Unknown (Reform gain from CON);10;Devon Central and East;74727;11311;6102;10266;17637;3131;0;0;1671;0.144;0.007;0.1;0.749;0;0;0;0
Tottenham;David Lammy;11;Enfield and Haringey;75906;1926;13203;4584;7143;8724;0;530;2736;0;0.757;0.01;0.078;0.153;0;0;0.001
Truro and Falmouth;Jayne Kirkham;10;Cornwall;73082;8535;14560;6822;13271;4311;0;0;1524;0.073;0.513;0.028;0.38;0.005;0;0;0
Tunbridge Wells;Mike Martin;12;Kent South;78738;12856;4630;18522;12154;3446;0;0;1743;0.177;0.002;0.681;0.139;0.001;0;0;0
Twickenham;Munira Wilson;11;South West London;74980;8261;6575;23369;9099;3972;0;844;559;0.012;0.005;0.964;0.019;0;0;0;0
Tynemouth;Alan Campbell;3;Tyne and Wear North;73469;6871;15924;4214;14082;3920;0;0;2087;0.014;0.605;0.001;0.379;0;0;0;0
Uxbridge and South Ruislip;Unknown (Reform gain from LAB);11;Southall;74746;11965;9644;3972;12365;5242;0;0;1411;0.376;0.189;0.004;0.413;0.017;0;0;0
Vauxhall and Camberwell Green;Florence Eshalomi;11;Lambeth and Wandsworth;69658;2289;13002;6447;6385;7509;0;0;927;0.001;0.791;0.045;0.059;0.103;0;0;0
Wakefield and Rothwell;Unknown (Reform gain from LAB);5;Wakefield and Dewsbury;75067;4515;11070;4114;15412;2972;0;708;1217;0.008;0.222;0.003;0.766;0;0;0;0
Wallasey;Unknown (Reform gain from LAB);4;Wirral and Chester North;74082;3041;14006;3458;15625;4677;0;814;784;0.001;0.386;0.001;0.611;0.001;0;0;0
Walsall and Bloxwich;Unknown (Reform gain from LAB);7;Wolverhampton and Walsall;75968;3701;6288;2359;15300;3098;0;5260;386;0.005;0.032;0.001;0.956;0.002;0;0.002;0
Walthamstow;Stella Creasy;11;Lea Valley;76338;2154;16329;4758;7553;9814;0;1278;2126;0.001;0.83;0.007;0.049;0.112;0;0;0
Warrington North;Unknown (Reform gain from LAB);4;Merseyside East and Warrington;70601;5026;11406;3435;16134;2306;0;0;1507;0.002;0.206;0.002;0.789;0;0;0;0
Warrington South;Sarah Edith Hall;4;Merseyside East and Warrington;78399;7856;15536;5330;15102;3184;0;0;1399;0.032;0.508;0.005;0.454;0;0;0;0
Warwick and Leamington;Matt Western;7;Warwickshire;76294;7896;16417;5524;11729;5539;0;0;1109;0.044;0.735;0.009;0.202;0.009;0;0;0
Warwickshire North and Bedworth;Unknown (Reform gain from LAB);7;Warwickshire;69752;8509;7625;2954;18194;2738;0;0;1126;0.046;0.02;0;0.933;0;0;0;0
Washington and Gateshead South;Unknown (Reform gain from LAB);3;Tyne and Wear South;70972;3461;9887;2516;17499;2192;0;0;1502;0;0.082;0;0.917;0;0;0;0
Watford;Unknown (Reform gain from LAB);9;Hertfordshire West;73000;7251;10539;7588;11451;3457;0;2068;580;0.091;0.323;0.098;0.482;0.005;0;0;0
Waveney Valley;Unknown (Reform gain from Green);9;Suffolk East;73056;10815;2633;3194;15236;14868;0;0;1428;0.118;0;0.001;0.468;0.412;0;0;0
Weald of Kent;Unknown (Reform gain from CON);12;Kent South;75988;14789;7087;5574;17200;4371;0;0;1265;0.37;0.015;0.008;0.606;0.001;0;0;0
Wellingborough and Rushden;Unknown (Reform gain from LAB);8;Northamptonshire;77559;8504;9420;3732;17098;3485;0;0;1420;0.056;0.084;0.001;0.858;0;0;0;0
Wells and Mendip Hills;Tessa Munt;10;Somerset East and Weston;72051;10537;2923;17018;12820;2910;0;0;2792;0.099;0;0.658;0.241;0;0;0;0
Welwyn Hatfield;Unknown (Reform gain from LAB);9;Hertfordshire East;75259;10684;13293;4732;13697;3835;0;0;946;0.163;0.392;0.005;0.438;0.001;0;0;0
West Bromwich;Unknown (Reform gain from LAB);7;Black Country;74026;3899;8769;2782;15208;3121;0;0;2005;0.005;0.105;0;0.889;0;0;0;0
West Ham and Beckton;Unknown (Reform gain from LAB);11;Lea Valley;78790;2528;8609;3652;9593;5113;0;5151;828;0.01;0.344;0.017;0.568;0.046;0;0.014;0
Westmorland and Lonsdale;Tim Farron;4;Cumbria;72029;6865;3173;21615;12870;2063;0;0;1246;0.004;0;0.902;0.094;0;0;0;0
Weston-super-Mare;Unknown (Reform gain from LAB);10;Somerset East and Weston;71396;8979;9333;4447;14219;3942;0;0;1162;0.139;0.137;0.013;0.705;0.005;0;0;0
Wetherby and Easingwold;Alec Shelbrooke;5;York;74334;15371;9737;5799;14143;4277;0;0;1824;0.499;0.094;0.014;0.39;0.002;0;0;0
Whitehaven and Workington;Unknown (Reform gain from LAB);4;Cumbria;73198;4987;13494;2791;17021;2103;0;0;938;0.002;0.28;0;0.717;0;0;0;0
Widnes and Halewood;Unknown (Reform gain from LAB);4;Merseyside East and Warrington;71233;2436;13241;3136;15389;2953;0;933;382;0;0.356;0;0.644;0;0;0;0
Wigan;Unknown (Reform gain from LAB);4;Lancashire South;77537;3622;11372;2770;17182;2168;0;0;4051;0.002;0.175;0;0.822;0;0;0;0
Wiltshire East;Unknown (Reform gain from CON);10;Wiltshire South;73878;12213;7207;8083;14999;2938;0;0;1414;0.267;0.039;0.055;0.637;0.001;0;0;0
Wiltshire South West;Unknown (Reform gain from CON);10;Wiltshire South;72809;11783;7195;6665;14826;3317;0;0;1897;0.261;0.037;0.036;0.664;0.002;0;0;0
Wimbledon;Paul Christopher Kohler;11;Wimbledon and Sutton;76352;10370;9798;19903;8517;3428;0;534;1001;0.067;0.064;0.84;0.029;0;0;0;0
Winchester;Danny Chambers;12;Hampshire;78289;12198;3846;23037;11848;3331;0;0;1465;0.071;0;0.869;0.059;0;0;0;0
Windsor;Jack Rankin;12;Runnymede;73334;13494;6509;9165;9989;3261;0;599;2043;0.601;0.032;0.151;0.215;0;0;0;0
Wirral West;Matthew Patrick;4;Wirral and Chester North;72838;9103;16306;5124;12944;4074;0;0;1018;0.055;0.65;0.006;0.288;0.001;0;0;0
Witham;Unknown (Reform gain from CON);9;Essex North;79072;13509;7861;5018;17674;4013;0;0;2228;0.256;0.032;0.003;0.707;0;0;0;0
Witney;Charlie Maynard;12;Oxfordshire;75448;13557;3425;16020;12491;2780;0;0;1639;0.279;0.003;0.515;0.202;0;0;0;0
Woking;Will Forster;12;Surrey West and Aldershot;72977;9250;4183;18592;11287;2657;0;0;1039;0.054;0.002;0.827;0.117;0;0;0;0
Wokingham;Clive Jones;12;Berkshire;75082;14757;3270;20260;10372;3044;0;0;1198;0.216;0;0.737;0.046;0;0;0;0
Wolverhampton North East;Unknown (Reform gain from LAB);7;Wolverhampton and Walsall;70715;6052;6678;2380;14777;2834;0;0;1022;0.021;0.033;0;0.945;0;0;0;0
Wolverhampton South East;Unknown (Reform gain from LAB);7;Wolverhampton and Walsall;77473;2973;8386;2191;15925;2866;0;1083;357;0.002;0.059;0;0.938;0;0;0;0
Wolverhampton West;Unknown (Reform gain from LAB);7;Wolverhampton and Walsall;77851;6632;10827;3401;14590;3838;0;466;2293;0.033;0.246;0.001;0.719;0;0;0;0
Worcester;Unknown (Reform gain from LAB);7;Worcestershire;74931;7425;12033;4866;14385;5166;0;0;1291;0.052;0.326;0.003;0.612;0.007;0;0;0
Worcestershire West;Unknown (Reform gain from CON);7;Worcestershire;79242;14625;4819;11677;16315;4938;0;0;1740;0.349;0.003;0.13;0.516;0.002;0;0;0
Worsley and Eccles;Unknown (Reform gain from LAB);4;Manchester North West;78643;5307;12534;3207;15935;3337;0;562;1281;0.008;0.276;0;0.713;0.001;0;0;0
Worthing East and Shoreham;Tom Rutland;12;South Coast;74738;8223;15246;4625;14436;3971;0;0;1503;0.047;0.512;0.006;0.431;0.004;0;0;0
Worthing West;Unknown (Reform gain from LAB);12;South Coast;77038;12817;12625;4553;14114;4530;0;0;1507;0.294;0.27;0.009;0.422;0.003;0;0;0
Wrekin, The;Unknown (Reform gain from CON);7;English Marches;78942;11458;8136;5899;18120;3998;0;0;1769;0.143;0.036;0.008;0.811;0.001;0;0;0
Wycombe;Unknown (Reform gain from LAB);12;Buckinghamshire South;73846;7856;10357;6145;11237;3291;0;2282;2241;0.128;0.302;0.062;0.5;0.007;0;0;0.001
Wyre Forest;Unknown (Reform gain from CON);7;Worcestershire;77394;9999;7327;4166;18028;3212;0;0;2847;0.102;0.03;0.002;0.864;0;0;0;0.001
Wythenshawe and Sale East;Mike Kane;4;Manchester Central and Trafford;77765;4339;12543;3418;12508;4026;0;932;842;0.006;0.495;0.002;0.494;0.003;0;0;0
Yeovil;Adam Dance;10;Somerset East and Weston;79700;9514;2427;16363;15483;3173;0;0;1789;0.052;0;0.516;0.431;0;0;0;0
York Central;Rachael Maskell;5;York;79557;3669;15576;4680;11863;6246;0;0;1449;0.003;0.708;0.003;0.275;0.01;0;0;0
York Outer;Luke Charters;5;York;76228;9296;16684;6590;12836;2992;0;0;1390;0.063;0.668;0.008;0.258;0.001;0;0;0
Aberafan Maesteg;Unknown (Reform gain from LAB);6;West Glamorgan;72580;2451;10049;2007;14711;1654;5599;0;1583;0.001;0.18;0;0.806;0;0.012;0;0
Alyn and Deeside;Unknown (Reform gain from LAB);6;Clwyd;75790;6862;11528;2601;15284;1634;4691;0;2156;0.03;0.245;0;0.718;0;0.007;0;0
Bangor Aberconwy;Unknown (Reform gain from LAB);6;Gogledd Cymru;69023;7418;9043;2261;11117;1337;10215;0;1378;0.084;0.202;0.001;0.41;0;0.302;0;0
Blaenau Gwent and Rhymney;Unknown (Reform gain from LAB);6;Gwent;70153;2634;8722;2007;9210;1975;4826;520;2810;0.007;0.405;0.001;0.539;0;0.044;0;0.003
Brecon, Radnor and Cwm Tawe;Unknown (Reform gain from LIB);6;Gorllewin Cymru a'r Canolbarth;73114;9023;7519;9494;13778;1434;3565;0;1403;0.127;0.072;0.148;0.646;0;0.006;0;0
Bridgend;Unknown (Reform gain from LAB);6;Cardiff and Bridgend;73152;5405;11666;2615;12824;1846;4363;0;3152;0.019;0.391;0;0.577;0.001;0.01;0;0.002
Caerfyrddin (Carmarthen);Ann Davies;6;Gorllewin Cymru a'r Canolbarth;74003;7256;6921;2211;12502;1280;15122;443;1057;0.03;0.035;0;0.309;0;0.626;0;0
Caerphilly;Unknown (Reform gain from LAB);6;The Valleys;72643;4135;9104;2277;12675;1546;9269;0;1053;0.009;0.189;0;0.618;0;0.183;0;0
Cardiff East;Unknown (Reform gain from LAB);6;Cardiff and Bridgend;72873;3342;9969;6123;10541;3618;5620;0;1090;0.009;0.39;0.051;0.503;0.002;0.044;0;0
Cardiff North;Anna McMorrin;6;Cardiff and Bridgend;71335;8594;14376;3839;9978;2536;7546;0;1024;0.099;0.648;0.002;0.199;0;0.052;0;0
Cardiff South and Penarth;Stephen Doughty;6;Cardiff and Bridgend;72613;5391;11370;3448;8469;4244;6547;0;942;0.046;0.612;0.009;0.242;0.011;0.08;0;0
Cardiff West;Unknown (NAT gain from LAB);6;Cardiff and Bridgend;75473;6213;10709;2904;10089;2517;11118;0;1999;0.034;0.333;0.002;0.262;0;0.369;0;0
Ceredigion Preseli;Ben Lake;6;Gorllewin Cymru a'r Canolbarth;75690;4728;3929;5000;10738;1536;20391;933;490;0.002;0.002;0.001;0.074;0;0.92;0;0
Clwyd East;Unknown (Reform gain from LAB);6;Clwyd;76637;9926;12823;3046;14421;1739;4533;0;1396;0.103;0.354;0;0.537;0;0.005;0;0
Clwyd North;Unknown (Reform gain from LAB);6;Clwyd;75027;9314;9888;2632;14020;1551;3898;0;901;0.129;0.198;0;0.667;0;0.005;0;0
Dwyfor Meirionnydd;Liz Saville Roberts;6;Gogledd Cymru;73042;3542;3803;2255;11408;1551;18293;0;1444;0;0.001;0;0.126;0;0.872;0;0
Gower;Tonia Antoniazzi;6;West Glamorgan;76123;7951;13455;3294;13364;2067;6756;0;1304;0.064;0.466;0.001;0.437;0;0.031;0;0
Llanelli;Unknown (Reform gain from LAB);6;Gorllewin Cymru a'r Canolbarth;71536;4009;7745;1954;15557;1202;10113;0;1522;0.003;0.053;0;0.802;0;0.141;0;0
Merthyr Tydfil and Aberdare;Unknown (Reform gain from LAB);6;The Valleys;74460;2338;9002;2140;15116;1696;5563;684;1115;0.002;0.118;0;0.867;0;0.013;0;0
Monmouthshire;Catherine Fookes;6;Gwent;74823;13128;15209;3628;11958;2104;3090;0;1485;0.288;0.5;0;0.208;0;0.002;0;0
Montgomeryshire and Glyndwr;Unknown (Reform gain from LAB);6;Gogledd Cymru;74039;5965;8917;5116;15047;1679;5895;0;985;0.024;0.119;0.008;0.826;0;0.023;0;0
Neath and Swansea East;Unknown (Reform gain from LAB);6;West Glamorgan;76291;3076;9850;2938;16874;2012;6309;0;1091;0.001;0.107;0;0.876;0;0.015;0;0
Newport East;Unknown (Reform gain from LAB);6;Gwent;76845;5692;9919;2552;12988;1815;4926;0;2310;0.026;0.267;0.001;0.691;0;0.015;0;0
Newport West and Islwyn;Unknown (Reform gain from LAB);6;Gwent;75781;6033;10966;2690;13735;1820;6063;0;2156;0.03;0.282;0;0.655;0;0.03;0;0.001
Pembrokeshire Mid and South;Unknown (Reform gain from LAB);6;Gorllewin Cymru a'r Canolbarth;79031;10165;11145;3169;15391;1688;4066;0;1440;0.123;0.221;0;0.651;0;0.004;0;0
Pontypridd;Unknown (Reform gain from LAB);6;The Valleys;75951;3152;9691;2573;14426;2188;6169;0;3075;0.002;0.18;0.002;0.787;0;0.028;0;0
Rhondda and Ogmore;Unknown (Reform gain from LAB);6;The Valleys;74493;1885;9477;1956;15984;1848;5768;0;1028;0;0.106;0;0.882;0;0.011;0;0
Swansea West;Unknown (Reform gain from LAB);6;West Glamorgan;74236;2918;8421;3989;13073;2494;5583;0;1259;0.005;0.168;0.004;0.791;0;0.031;0;0
Torfaen;Unknown (Reform gain from LAB);6;Gwent;71738;5094;9283;2138;13250;1484;4968;0;1655;0.021;0.211;0;0.752;0;0.015;0;0
Vale of Glamorgan;Unknown (Reform gain from LAB);6;Cardiff and Bridgend;74374;9986;12413;2926;12863;1957;4255;0;1509;0.167;0.374;0;0.453;0;0.005;0;0
Wrexham;Unknown (Reform gain from LAB);6;Clwyd;70269;7195;10623;2630;12987;1501;4584;0;1199;0.053;0.316;0.002;0.619;0;0.009;0;0
Ynys Mon (Anglesey);Llinos Medi;6;Gogledd Cymru;53141;7615;4766;1262;7931;701;10391;0;925;0.176;0.034;0;0.213;0;0.576;0;0
Aberdeen North;Kirsty Blackman;2;Moray and Aberdeenshire;75925;4395;6342;2846;9690;3637;14884;0;1372;0.007;0.038;0.003;0.166;0.004;0.782;0;0
Aberdeen South;Stephen Flynn;2;Moray and Aberdeenshire;77328;9849;4402;3226;9595;4160;15668;0;923;0.123;0.012;0.002;0.117;0.004;0.741;0;0
Aberdeenshire North and Moray East;Seamus Logan;2;Moray and Aberdeenshire;70058;11105;106;2893;9340;1102;13458;0;319;0.247;0;0;0.15;0;0.603;0;0
Aberdeenshire West and Kincardine;Andrew Campbell Bowie;2;Moray and Aberdeenshire;72994;15323;731;6394;8652;2749;13712;0;610;0.548;0;0.013;0.075;0.001;0.362;0;0
Airdrie and Shotts;Kenneth Stevenson;2;Lanarkshire;70199;1135;13222;894;7718;1792;11540;0;1163;0;0.572;0;0.069;0;0.359;0;0
Alloa and Grangemouth;Unknown (NAT gain from LAB);2;Forth Valley;70680;2062;11527;1339;9246;3548;11974;285;1484;0;0.383;0;0.159;0.003;0.454;0;0
Angus and Perthshire Glens;Dave Doogan;2;Heart of Scotland;76668;12747;1000;3392;8811;1931;19505;0;980;0.149;0;0.001;0.035;0;0.814;0;0
Arbroath and Broughty Ferry;Stephen Patrick Gethins;2;Heart of Scotland;76149;5335;8032;2526;10020;2420;16064;0;1128;0.008;0.067;0;0.15;0;0.774;0;0
Argyll, Bute and South Lochaber;Brendan O'Hara;2;Highlands and Islands;71756;7787;1873;7690;9022;2347;15822;0;1120;0.056;0.001;0.04;0.113;0;0.789;0;0
Ayr, Carrick and Cumnock;Unknown (NAT gain from LAB);2;South West Scotland;70340;7853;8632;1289;9181;3089;10986;0;737;0.112;0.195;0;0.223;0.002;0.467;0;0
Ayrshire Central;Alan Gemmell;2;South West Scotland;69413;4630;11601;1182;9096;3253;11351;0;775;0.014;0.427;0;0.169;0.003;0.386;0;0
Ayrshire North and Arran;Unknown (NAT gain from LAB);2;South West Scotland;72176;4406;10229;1208;9177;3582;13425;0;744;0.01;0.235;0.001;0.13;0.001;0.622;0;0
Bathgate and Linlithgow;Kirsteen Sullivan;2;Forth Valley;72185;2084;13164;2374;9019;3491;11565;0;844;0.002;0.516;0.001;0.128;0.001;0.351;0;0
Berwickshire, Roxburgh and Selkirk;John Lamont;2;Southern Scotland;76438;16944;796;3803;8406;3250;12107;0;803;0.74;0;0;0.048;0.001;0.21;0;0
Caithness, Sutherland and Easter Ross;Jamie Stone;2;Highlands and Islands;74627;1225;73;22948;6552;2587;12037;0;880;0;0;0.942;0.006;0;0.051;0;0
Coatbridge and Bellshill;Frank McNally;2;Lanarkshire;72667;917;13214;833;7372;3028;13074;0;800;0;0.493;0;0.038;0.001;0.468;0;0
Cowdenbeath and Kirkcaldy;Melanie Ward;2;Fife;71845;2124;12263;1791;8573;3678;11536;0;1336;0.001;0.476;0.001;0.124;0.003;0.394;0;0
Cumbernauld and Kirkintilloch;Unknown (NAT gain from LAB);2;Lanarkshire;70350;1284;12074;1468;8182;3573;14477;0;347;0;0.319;0;0.059;0;0.62;0;0
Dumfries and Galloway;Unknown (NAT gain from CON);2;South West Scotland;78541;11720;4626;2279;10229;3581;12493;0;567;0.344;0.011;0.001;0.202;0.002;0.44;0;0
Dumfriesshire, Clydesdale and Tweeddale;David Mundell;2;Southern Scotland;71900;13176;3264;2960;9468;3715;10607;0;532;0.573;0.004;0.001;0.158;0.003;0.26;0;0
Dunbartonshire Mid;Susan Murray;2;Dunbartonshire and Glasgow North;73596;1598;2848;22439;8238;4077;12513;0;757;0;0;0.887;0.014;0.001;0.098;0;0
Dunbartonshire West;Unknown (NAT gain from LAB);2;Dunbartonshire and Glasgow North;69074;969;12976;996;7548;3288;13300;0;632;0;0.453;0;0.043;0.001;0.503;0;0
Dundee Central;Chris Law;2;Heart of Scotland;74221;1059;8972;2640;7394;1951;15951;237;1803;0;0.1;0;0.043;0;0.856;0;0
Dunfermline and Dollar;Graeme Downie;2;Fife;72824;2167;13240;3379;8612;4272;12116;0;898;0.001;0.512;0.004;0.106;0.003;0.373;0;0
East Kilbride and Strathaven;Joani Reid;2;Clyde Valley;76415;2332;15209;1275;9409;4112;13655;0;865;0.002;0.539;0;0.071;0.003;0.383;0;0
Edinburgh East and Musselburgh;Unknown (NAT gain from LAB);2;Edinburgh;76188;1758;11910;2201;7974;7012;15521;0;685;0;0.273;0;0.056;0.017;0.652;0;0
Edinburgh North and Leith;Unknown (NAT gain from LAB);2;Edinburgh;78411;2176;13182;4166;8200;7958;13777;0;1029;0.001;0.398;0.005;0.072;0.058;0.465;0;0
Edinburgh South;Ian Murray;2;Edinburgh;70839;2632;17449;2964;8111;6703;7760;0;1392;0.001;0.86;0;0.065;0.02;0.053;0;0
Edinburgh South West;Unknown (NAT gain from LAB);2;Edinburgh;73784;3953;11766;3322;8460;6025;12848;0;772;0.008;0.382;0.004;0.099;0.023;0.482;0;0
Edinburgh West;Christine Anne Jardine;2;Edinburgh;76490;1873;1205;26456;7555;3894;9942;0;856;0;0;0.977;0.005;0.001;0.017;0;0
Falkirk;Unknown (NAT gain from LAB);2;Forth Valley;73584;2374;11690;1295;9086;3940;13510;0;1294;0;0.317;0.001;0.121;0.003;0.557;0;0
Fife North East;Wendy Chamberlain;2;Fife;69762;1112;87;23910;5582;2578;9951;0;314;0;0;0.977;0.002;0;0.021;0;0
Glasgow East;Unknown (NAT gain from LAB);2;Clyde Valley;68988;1123;9918;1017;6723;4385;11771;0;656;0;0.32;0;0.067;0.01;0.602;0;0
Glasgow North;Unknown (NAT gain from LAB);2;Dunbartonshire and Glasgow North;67579;924;9417;1321;6028;6013;11438;0;748;0;0.301;0.001;0.045;0.035;0.618;0;0
Glasgow North East;Unknown (NAT gain from LAB);2;Dunbartonshire and Glasgow North;72610;798;10483;750;6605;4176;11294;0;1026;0;0.427;0;0.055;0.006;0.511;0;0
Glasgow South;Unknown (NAT gain from LAB);2;Renfrewshire and Glasgow South;70219;1029;10626;1441;6651;7289;13094;0;1020;0;0.288;0;0.044;0.052;0.615;0;0
Glasgow South West;Unknown (NAT gain from LAB);2;Renfrewshire and Glasgow South;68871;935;10133;1129;6713;4476;12572;0;730;0;0.304;0.001;0.049;0.007;0.638;0;0
Glasgow West;Patricia Ferguson;2;Dunbartonshire and Glasgow North;69028;1135;12299;1482;6963;5509;12217;0;575;0;0.478;0;0.042;0.012;0.467;0;0
Glenrothes and Mid Fife;Unknown (NAT gain from LAB);2;Fife;70655;1333;10531;1801;8172;1700;13412;0;315;0;0.282;0;0.088;0;0.629;0;0
Gordon and Buchan;Unknown (NAT gain from CON);2;Moray and Aberdeenshire;69605;12619;219;7346;8183;1300;13344;0;361;0.412;0;0.028;0.087;0;0.473;0;0
Hamilton and Clyde Valley;Imogen Walker;2;Clyde Valley;75480;3099;14455;1723;9065;2191;11743;0;478;0;0.623;0;0.089;0;0.287;0;0
Inverclyde and Renfrewshire West;Unknown (NAT gain from LAB);2;Renfrewshire and Glasgow South;70124;1891;12548;1442;7743;3210;12641;0;1192;0;0.447;0;0.066;0.001;0.485;0;0
Inverness, Skye and West Ross-shire;Angus MacDonald;2;Highlands and Islands;77927;1658;723;18486;7621;3500;16072;0;519;0;0;0.613;0.016;0;0.371;0;0
Kilmarnock and Loudoun;Unknown (NAT gain from LAB);2;South West Scotland;74628;2326;12335;1036;9009;3353;14017;0;685;0;0.357;0;0.08;0.001;0.56;0;0
Livingston;Unknown (NAT gain from LAB);2;Forth Valley;78043;2306;11350;2245;9832;3952;14985;0;816;0;0.226;0.001;0.142;0;0.63;0;0
Lothian East;Douglas Alexander;2;Southern Scotland;75456;3737;15905;2883;9609;5040;10367;0;867;0.005;0.705;0.001;0.118;0.007;0.163;0;0
Midlothian;Kirsty McNeill;2;Southern Scotland;73916;2155;14550;2806;9004;2152;13468;0;592;0;0.514;0.001;0.07;0;0.415;0;0
Moray West, Nairn and Strathspey;Graham Leadbitter;2;Moray and Aberdeenshire;77072;12053;1613;3926;9138;3820;14744;0;709;0.293;0.001;0.003;0.092;0.002;0.608;0;0
Motherwell, Wishaw and Carluke;Pamela Nash;2;Lanarkshire;71777;1599;13017;991;7972;3077;12191;0;599;0;0.503;0;0.083;0.001;0.412;0;0
Na h-Eileanan An Iar (Western Isles);Torcuil Crichton;2;Highlands and Islands;21235;423;4504;443;2488;725;2841;0;2084;0;0.718;0;0.088;0.002;0.165;0;0.027
Orkney and Shetland;Alistair Carmichael;2;Highlands and Islands;34236;385;32;11442;2884;2406;3455;0;114;0;0;0.993;0.003;0;0.004;0;0
Paisley and Renfrewshire North;Unknown (NAT gain from LAB);2;Renfrewshire and Glasgow South;71103;1746;12918;1544;8400;3411;13232;0;358;0;0.455;0;0.065;0;0.478;0;0
Paisley and Renfrewshire South;Unknown (NAT gain from LAB);2;Renfrewshire and Glasgow South;71574;1478;13157;1505;8182;3708;13235;0;692;0;0.472;0;0.065;0.002;0.459;0;0
Perth and Kinross-shire;Pete Wishart;2;Heart of Scotland;77261;13113;1843;3950;9385;2448;19190;0;959;0.173;0;0.001;0.045;0;0.781;0;0
Renfrewshire East;Blair McDougall;2;Renfrewshire and Glasgow South;73380;6669;14071;1396;9310;4262;13675;0;1434;0.027;0.473;0;0.091;0.004;0.403;0;0
Rutherglen;Michael Shanks;2;Clyde Valley;72674;1596;14694;1906;8170;2114;12749;0;1533;0;0.593;0;0.068;0;0.338;0;0
Stirling and Strathallan;Unknown (NAT gain from LAB);2;Heart of Scotland;76284;7704;9165;2791;9836;4943;15693;0;443;0.038;0.115;0.001;0.13;0.006;0.709;0;0
Antrim East;Sammy Wilson;1;Antrim and the Lagan Valley;73302;9497;886;11479;10142;4102;2969;0;599;0.217;0.001;0.475;0.296;0.003;0.007;0;0
Antrim North;Jim Allister;1;Antrim and the Lagan Valley;74697;3926;1650;11212;4474;11608;7690;0;624;0.008;0.001;0.42;0.013;0.446;0.111;0;0
Antrim South;Robin Swann;1;Antrim and the Lagan Valley;77058;16333;1579;8816;4559;2671;8009;0;941;0.847;0;0.086;0.007;0;0.058;0;0
Belfast East;Gavin Robinson;1;Belfast;72917;1829;615;19902;17203;1902;0;0;1255;0;0;0.674;0.326;0;0;0;0
Belfast North;John Finucane;1;Belfast;74240;21;1404;12079;4260;2853;17651;0;2184;0;0;0.194;0.001;0;0.804;0;0
Belfast South and Mid Down;Claire Hanna;1;Belfast;74749;2672;21317;6874;8824;2200;0;0;1605;0;0.974;0.008;0.017;0;0;0;0
Belfast West;Paul Maskey;1;Belfast;75346;482;4293;4321;1073;1993;20986;5048;1547;0;0.002;0.004;0;0;0.993;0;0
Down North;Alex Easton;1;Armagh and Down;73885;6760;653;5;13593;0;0;20913;1373;0.027;0.002;0.006;0.259;0;0.008;0.697;0
Down South;Chris Hazzard;1;Armagh and Down;76248;1436;10389;7369;3176;1877;19672;0;1324;0;0.062;0.023;0;0;0.914;0;0
Fermanagh and South Tyrone;Pat Cullen;1;Ulster West;77828;20289;2371;13;2412;0;24815;0;1177;0.303;0;0;0;0;0.697;0;0
Foyle;Colum Eastwood;1;Ulster West;73496;1438;15623;3927;1264;0;11459;0;4648;0;0.77;0.006;0;0;0.22;0;0.002
Lagan Valley;Sorcha-Lucy Eastwood;1;Antrim and the Lagan Valley;82201;11170;1021;15669;18601;2168;0;0;452;0.059;0;0.319;0.622;0;0;0;0
Londonderry East;Gregory Campbell;1;Ulster West;75707;3442;5234;11529;3721;4329;11303;0;1719;0.008;0.025;0.506;0.013;0.01;0.436;0;0.002
Newry and Armagh;Dáire Hughes;1;Armagh and Down;78244;3205;6777;5924;2683;4065;22273;0;1016;0;0.003;0.008;0;0.001;0.986;0;0
Strangford;Jim Shannon;1;Armagh and Down;74525;3961;1772;15575;10414;3117;2777;0;1292;0.002;0;0.827;0.167;0;0.003;0;0
Tyrone West;Órfhlaith Begley;1;Ulster West;74269;2708;5793;6814;2279;2509;22686;0;906;0;0.003;0.004;0;0;0.993;0;0
Ulster Mid;Cathal Mallaghan;1;Ulster West;74000;2294;3698;9182;1994;2954;24059;0;1265;0;0;0.012;0;0;0.987;0;0
Upper Bann;Carla Lockhart;1;Armagh and Down;81249;3678;1486;21655;6305;0;14209;0;24;0;0;0.864;0.001;0;0.134;0;0