Country;Constituency;Area;County;Electorate;CON;LAB;LIB;UKIP;Green;NAT;MIN;OTH
England;Aldershot;South East;Hampshire;76765;3210;3230;980;1510;440;0;0;640
England;Aldridge-Brownhills;West Midlands;Black Country;73122;3220;3040;640;2480;620;0;0;0
England;Altrincham and Sale West;North West;Central Manchester;73934;2620;4590;670;1080;360;0;0;680
England;Amber Valley;East Midlands;Derbyshire;70625;2980;3560;630;2150;670;0;0;0
England;Arundel and South Downs;South East;West Sussex;76974;2580;2140;1680;1970;860;0;0;770
England;Ashfield;East Midlands;Nottinghamshire;69819;2080;2910;810;1580;190;0;0;2430
England;Ashford;South East;Kent;73546;2460;2840;920;2260;720;0;0;810
England;Ashton-under-Lyne;North West;Eastern Manchester;72278;1560;5060;620;1820;530;0;0;410
England;Aylesbury;South East;Buckinghamshire;75636;2310;1980;2710;2010;440;0;0;550
England;Banbury;South East;Oxfordshire;69943;3040;3530;1130;1280;420;0;0;600
England;Barking;London;Barking and Dagenham;71822;1130;6140;370;1710;360;0;0;300
England;Barnsley North;Yorkshire and The Humber;South Yorkshire;76794;1890;4610;460;2170;360;0;0;500
England;Barnsley South;Yorkshire and The Humber;South Yorkshire;75896;1080;4820;690;2580;460;0;0;370
England;Barrow and Furness;North West;Cumbria;76603;3580;5020;240;980;180;0;0;000
England;Basildon and Billericay;East of England;Essex;76993;2740;2700;730;2400;600;0;0;830
England;Basingstoke;South East;Hampshire;77050;2930;3750;750;1380;450;0;0;740
England;Bassetlaw;East Midlands;Nottinghamshire;75773;3940;4180;370;1390;130;0;0;0
England;Bath;South West;Bristol area;73241;1560;1220;5480;850;460;0;0;440
England;Battersea;London;Wandsworth;71949;2110;5450;850;810;370;0;0;410
England;Beaconsfield;South East;Buckinghamshire;72315;2540;1700;2170;1930;660;0;0;1000
England;Beckenham and Penge;London;Bromley;76625;2460;5170;950;980;440;0;0;0
England;Bedford;East of England;Bedfordshire;70068;2360;5260;590;1010;290;0;0;490
England;Bermondsey and Old Southwark;London;Southwark;70602;520;5340;3190;480;270;0;0;200
England;Bethnal Green and Stepney;London;Tower Hamlets;77000;460;7640;860;320;510;0;0;210
England;Beverley and Holderness;Yorkshire and The Humber;Humber area;71102;2610;3030;850;1910;650;0;0;940
England;Bexhill and Battle;South East;East Sussex;70869;2630;2650;1180;2110;740;0;0;690
England;Bexleyheath and Crayford;London;Bexley;69948;3390;3920;410;1910;380;0;0;0
England;Bicester and Woodstock;South East;Oxfordshire;70389;3350;1920;3260;850;610;0;0;0
England;Birkenhead;North West;Merseyside;76271;720;6570;600;530;910;0;0;670
England;Birmingham Edgbaston;West Midlands;Birmingham;71354;1590;5750;670;1120;450;0;0;420
England;Birmingham Erdington;West Midlands;Birmingham;76856;1790;5300;520;1480;440;0;0;470
England;Birmingham Hall Green and Moseley;West Midlands;Birmingham;75781;650;6720;920;450;300;0;0;960
England;Birmingham Hodge Hill and Solihull North;West Midlands;Birmingham;76922;1200;6020;810;990;610;0;0;370
England;Birmingham Ladywood;West Midlands;Birmingham;76585;600;7850;870;140;420;0;0;120
England;Birmingham Northfield;West Midlands;Birmingham;73483;3110;5280;320;990;250;0;0;060
England;Birmingham Perry Barr;West Midlands;Birmingham;74048;880;6900;930;690;330;0;0;260
England;Birmingham Selly Oak;West Midlands;Birmingham;76285;1390;5900;780;1040;530;0;0;360
England;Birmingham Yardley;West Midlands;Birmingham;71912;1130;5870;1250;1130;330;0;0;300
England;Bishop Auckland;North East;Durham;70879;3490;4690;380;1130;240;0;0;060
England;Blackburn;North West;Lancashire;70586;1020;6860;510;920;340;0;0;340
England;Blackley and Middleton South;North West;Central Manchester;71735;1230;6160;550;1650;410;0;0;0
England;Blackpool North and Fleetwood;North West;Lancashire;75396;3670;4700;310;1020;200;0;0;090
England;Blackpool South;North West;Lancashire;76071;3290;5030;270;1120;190;0;0;090
England;Blaydon and Consett;North East;Durham;70163;2030;5070;490;1230;400;0;0;790
England;Blyth and Ashington;North East;Northumberland;75452;2460;5700;500;1100;250;0;0;0
England;Bognor Regis and Littlehampton;South East;West Sussex;76985;2580;2410;1140;2310;660;0;0;900
England;Bolsover;East Midlands;Derbyshire;74680;3340;4660;300;1430;260;0;0;0
England;Bolton North East;North West;Western Manchester;77020;3120;5260;280;1170;170;0;0;000
England;Bolton South and Walkden;North West;Western Manchester;75716;1340;5750;530;1650;390;0;0;350
England;Bolton West;North West;Western Manchester;72125;3710;4630;340;1130;190;0;0;000
England;Bootle;North West;Merseyside;75194;410;8140;520;460;370;0;0;110
England;Boston and Skegness;East Midlands;Lincolnshire;75806;2700;1890;470;3470;510;0;0;960
England;Bournemouth East;South West;Dorset;73173;3440;4320;670;860;610;0;0;110
England;Bournemouth West;South West;Dorset;72094;3590;4250;650;900;600;0;0;0
England;Bracknell;South East;Berkshire;70247;2390;3060;1250;1880;670;0;0;740
England;Bradford East;Yorkshire and The Humber;West Yorkshire;72150;950;6540;1260;740;260;0;0;250
England;Bradford South;Yorkshire and The Humber;West Yorkshire;70890;2230;5060;430;1520;340;0;0;430
England;Bradford West;Yorkshire and The Humber;West Yorkshire;71258;670;7840;410;510;380;0;0;200
England;Braintree;East of England;Essex;75662;2770;2360;820;2180;750;0;0;1120
England;Brent East;London;Brent;75880;980;6320;1260;660;510;0;0;260
England;Brent West;London;Brent;76443;1490;5730;870;1010;440;0;0;450
England;Brentford and Isleworth;London;Hounslow;76354;1270;5440;1510;860;600;0;0;330
England;Brentwood and Ongar;East of England;Essex;74937;2950;2040;1210;2270;650;0;0;870
England;Bridgwater;South West;Somerset;71418;2510;2640;1580;1960;490;0;0;820
England;Bridlington and The Wolds;Yorkshire and The Humber;Humber area;72501;2830;2600;700;2220;600;0;0;1050
England;Brigg and Immingham;Yorkshire and The Humber;Humber area;71628;3190;2800;640;2720;650;0;0;0
England;Brighton Kemptown and Peacehaven;South East;East Sussex;69865;1720;6240;740;0;850;0;0;450
England;Brighton Pavilion;South East;East Sussex;75722;810;3750;400;130;4680;0;0;220
England;Bristol Central;South West;Bristol area;70227;640;3950;1180;120;4020;0;0;090
England;Bristol East;South West;Bristol area;75936;1080;6450;1140;0;1040;0;0;280
England;Bristol North East;South West;Bristol area;69793;2120;5580;440;960;470;0;0;440
England;Bristol North West;South West;Bristol area;76783;1520;5020;1060;1030;970;0;0;400
England;Bristol South;South West;Bristol area;74696;1380;5280;890;1170;910;0;0;360
England;Broadland and Fakenham;East of England;Norfolk;72907;2750;2940;1540;2180;580;0;0;0
England;Bromley and Biggin Hill;London;Bromley;71515;2380;3070;1440;1740;670;0;0;700
England;Bromsgrove;West Midlands;Hereford and Worcestershire;75305;2730;2690;1110;2090;660;0;0;720
England;Broxbourne;East of England;Hertfordshire;75454;2730;2970;790;2210;590;0;0;720
England;Broxtowe;East Midlands;Nottinghamshire;72461;2430;4670;500;1060;350;0;0;980
England;Buckingham and Bletchley;South East;Buckinghamshire;73644;2900;3480;830;1700;370;0;0;720
England;Burnley;North West;Lancashire;75436;2820;5010;590;980;320;0;0;270
England;Burton and Uttoxeter;West Midlands;Staffordshire;75460;2600;3640;560;1930;590;0;0;680
England;Bury North;North West;Western Manchester;77009;3100;5440;310;860;260;0;0;030
England;Bury South;North West;Western Manchester;74598;2960;5180;400;890;240;0;0;330
England;Bury St Edmunds and Stowmarket;East of England;Suffolk;75655;3210;3000;510;1420;940;0;0;920
England;Calder Valley;Yorkshire and The Humber;West Yorkshire;75987;2590;4790;540;1110;300;0;0;680
England;Camborne and Redruth;South West;Cornwall;73568;2820;4130;730;1250;360;0;0;710
England;Cambridge;East of England;Cambridgeshire;72560;650;4830;3710;0;630;0;0;180
England;Cannock Chase;West Midlands;Staffordshire;75582;2960;3220;550;2300;970;0;0;0
England;Canterbury;South East;Kent;75499;2290;5170;580;1010;390;0;0;550
England;Carlisle;North West;Cumbria;75868;2430;3950;570;1740;440;0;0;870
England;Carshalton and Wallington;London;Sutton;72755;2060;1300;4420;1250;430;0;0;540
England;Castle Point;East of England;Essex;70923;3130;2310;560;3420;590;0;0;0
England;Central Devon;South West;Devon;73491;2620;2300;2320;1530;600;0;0;640
England;Central Suffolk and North Ipswich;East of England;Essex;71020;2650;2760;950;2000;960;0;0;690
England;Chatham and Aylesford;South East;Kent;74840;2730;2950;580;2430;550;0;0;760
England;Cheadle;North West;Eastern Manchester;73775;2210;1330;4480;1250;190;0;0;550
England;Chelmsford;East of England;Essex;76454;2550;1780;3100;1510;320;0;0;730
England;Chelsea and Fulham;London;Hammersmith and Fulham;76481;2760;3930;1310;1040;330;0;0;620
England;Cheltenham;South West;Gloucestershire;75292;3240;1060;5150;0;490;0;0;060
England;Chesham and Amersham;South East;Buckinghamshire;74155;3240;1690;3290;840;700;0;0;240
England;Chester North and Neston;North West;Cheshire;72327;1780;5750;690;1240;540;0;0;0
England;Chester South and Eddisbury;North West;Cheshire;71975;3230;3300;920;1370;440;0;0;740
England;Chesterfield;East Midlands;Derbyshire;70722;2740;5180;740;1020;230;0;0;090
England;Chichester;South East;West Sussex;76785;3610;1840;2660;1100;740;0;0;050
England;Chingford and Woodford Green;London;Waltham Forest;75677;3170;5420;380;640;400;0;0;0
England;Chippenham;South West;Wiltshire;71648;3530;1590;3520;850;510;0;0;0
England;Chipping Barnet;London;Barnet;76187;3270;5120;570;600;430;0;0;010
England;Chorley;North West;Lancashire;74568;0;0;0;0;1100;0;0;8900
England;Christchurch;South West;Dorset;71598;2720;1870;1490;2490;710;0;0;710
England;Cities of London and Westminster;London;City of Westminster;73140;2630;3980;1550;940;380;0;0;510
England;City of Durham;North East;Durham;72878;2010;5210;1070;890;390;0;0;430
England;Clacton;East of England;Essex;75959;2490;1820;440;3740;580;0;0;920
England;Clapham and Brixton Hill;London;Lambeth;75460;860;5790;1810;580;730;0;0;230
England;Colchester;East of England;Essex;76843;3660;4250;930;690;470;0;0;0
England;Colne Valley;Yorkshire and The Humber;West Yorkshire;71518;2200;4070;1000;1520;480;0;0;740
England;Congleton;North West;Cheshire;69836;2580;2960;1140;1860;660;0;0;810
England;Corby and East Northamptonshire;East Midlands;Northamptonshire;76748;2810;4540;410;1280;350;0;0;610
England;Coventry East;West Midlands;Coventry and Solihull;73389;1550;5630;640;1310;470;0;0;410
England;Coventry North West;West Midlands;Coventry and Solihull;73431;2370;5130;430;1140;430;0;0;500
England;Coventry South;West Midlands;Coventry and Solihull;70998;2340;5250;440;1040;350;0;0;590
England;Cramlington and Killingworth;North East;Newcastle area;73295;2810;5430;470;1060;220;0;0;000
England;Crawley;South East;West Sussex;74446;2830;4500;370;1300;400;0;0;610
England;Crewe and Nantwich;North West;Cheshire;76236;2690;4670;370;1260;400;0;0;600
England;Croydon East;London;Croydon;75436;2370;5820;420;1020;370;0;0;0
England;Croydon South;London;Croydon;71541;3030;3780;770;1290;420;0;0;710
England;Croydon West;London;Croydon;70812;950;6950;640;660;480;0;0;330
England;Dagenham and Rainham;London;Barking and Dagenham;73627;2290;4670;310;1910;280;0;0;530
England;Darlington;North East;Durham;70446;3270;4940;450;940;410;0;0;0
England;Dartford;South East;Kent;72048;3370;3940;460;1870;370;0;0;0
England;Daventry;East Midlands;Northamptonshire;76539;2980;2580;1250;2290;900;0;0;0
England;Derby North;East Midlands;Derbyshire;71876;2650;5110;690;1220;330;0;0;0
England;Derby South;East Midlands;Derbyshire;72067;1610;5480;740;1450;290;0;0;420
England;Derbyshire Dales;East Midlands;Derbyshire;71435;2580;3030;1160;1840;710;0;0;680
England;Dewsbury and Batley;Yorkshire and The Humber;West Yorkshire;70226;1160;5560;450;890;460;0;0;1470
England;Didcot and Wantage;South East;Oxfordshire;74456;3060;1780;3610;800;590;0;0;160
England;Doncaster Central;Yorkshire and The Humber;South Yorkshire;75007;2730;4770;420;1600;280;0;0;210
England;Doncaster East and the Isle of Axholme;Yorkshire and The Humber;South Yorkshire;70113;3650;4000;350;1570;230;0;0;200
England;Doncaster North;Yorkshire and The Humber;South Yorkshire;71739;2680;6040;390;0;300;0;0;600
England;Dorking and Horley;South East;Surrey;70317;3320;1430;3760;850;630;0;0;0
England;Dover and Deal;South East;Kent;75855;2900;3910;390;1510;490;0;0;810
England;Droitwich and Evesham;West Midlands;Hereford and Worcestershire;74345;2800;2330;1060;2240;720;0;0;850
England;Dudley;West Midlands;Black Country;71083;3910;3910;240;1710;220;0;0;000
England;Dulwich and West Norwood;London;Lambeth;74314;690;6280;700;470;1620;0;0;240
England;Dunstable and Leighton Buzzard;East of England;Bedfordshire;74069;3180;3630;630;1440;440;0;0;670
England;Ealing Central and Acton;London;Ealing;75399;1140;5570;1590;770;630;0;0;300
England;Ealing North;London;Ealing;72985;1390;5930;800;950;570;0;0;360
England;Ealing Southall;London;Ealing;75085;1070;6360;910;730;570;0;0;370
England;Earley and Woodley;South East;Berkshire;70083;3100;4330;1360;0;550;0;0;660
England;Easington;North East;Durham;70043;1260;5270;630;1720;410;0;0;720
England;East Grinstead and Uckfield;South East;West Sussex;72356;3270;1830;3290;0;770;0;0;830
England;East Ham;London;Newham;70902;630;7840;440;440;430;0;0;220
England;East Hampshire;South East;Hampshire;69959;2810;1400;2680;1600;670;0;0;840
England;East Surrey;South East;Surrey;73145;3660;1680;2590;1240;620;0;0;220
England;East Thanet;South East;Kent;73790;2630;3870;380;2140;470;0;0;510
England;East Wiltshire;South West;Wiltshire;71109;2880;2270;1310;2080;700;0;0;760
England;East Worthing and Shoreham;South East;West Sussex;75466;2710;4370;560;1350;410;0;0;610
England;Eastbourne;South East;East Sussex;73322;2280;920;4480;1340;380;0;0;600
England;Eastleigh;South East;Hampshire;69982;2450;1290;3750;1460;450;0;0;600
England;Edmonton and Winchmore Hill;London;Enfield;75204;1370;6190;620;940;500;0;0;380
England;Ellesmere Port and Bromborough;North West;Cheshire;71027;1210;6310;700;910;550;0;0;320
England;Eltham and Chislehurst;London;Greenwich;74179;2570;4820;460;1180;430;0;0;540
England;Ely and East Cambridgeshire;East of England;Cambridgeshire;76279;3380;1760;3470;820;440;0;0;140
England;Enfield North;London;Enfield;76824;1580;5740;600;1090;570;0;0;410
England;Epping Forest;East of England;Essex;74553;3480;3330;1200;0;990;0;0;1000
England;Epsom and Ewell;South East;Surrey;76844;3390;1950;3080;870;550;0;0;160
England;Erewash;East Midlands;Derbyshire;71986;2400;3930;600;1750;550;0;0;770
England;Erith and Thamesmead;London;Greenwich;76728;1250;6190;500;1120;550;0;0;390
England;Esher and Walton;South East;Surrey;73280;3030;1100;4570;730;480;0;0;090
England;Exeter;South West;Devon;71713;1340;5550;650;950;1050;0;0;460
England;Exmouth and Exeter East;South West;Devon;74502;2370;2040;2050;1800;710;0;0;1020
England;Fareham and Waterlooville;South East;Hampshire;77036;2650;2190;1700;2070;710;0;0;690
England;Farnham and Bordon;South East;Surrey;72938;3710;1260;3660;890;480;0;0;0
England;Faversham and Mid Kent;South East;Kent;71798;2650;2550;1090;2140;770;0;0;790
England;Feltham and Heston;London;Hounslow;75226;1580;5590;600;1240;570;0;0;410
England;Filton and Bradley Stoke;South West;Bristol area;73598;3500;4720;590;740;450;0;0;0
England;Finchley and Golders Green;London;Barnet;75761;2620;3140;2990;710;540;0;0;0
England;Folkestone and Hythe;South East;Kent;70023;2930;3360;630;1680;630;0;0;770
England;Forest of Dean;South West;Gloucestershire;71510;2980;3560;440;1450;720;0;0;850
England;Frome and East Somerset;South West;Somerset;70177;3070;2210;3170;740;740;0;0;060
England;Fylde;North West;Lancashire;75114;2690;3120;740;1910;650;0;0;880
England;Gainsborough;East Midlands;Lincolnshire;74750;2800;2710;960;2030;560;0;0;940
England;Gateshead Central and Whickham;North East;Newcastle area;70994;1450;5080;1110;1420;550;0;0;380
England;Gedling;East Midlands;Nottinghamshire;75795;3170;5320;310;950;250;0;0;000
England;Gillingham and Rainham;South East;Kent;73951;3110;3530;440;1680;340;0;0;900
England;Glastonbury and Somerton;South West;Somerset;70015;3540;1440;3670;840;520;0;0;0
England;Gloucester;South West;Gloucestershire;76695;2890;4320;480;1330;370;0;0;620
England;Godalming and Ash;South East;Surrey;71399;3390;1360;3850;810;440;0;0;150
England;Goole and Pocklington;Yorkshire and The Humber;Humber area;76337;2800;2670;780;2030;710;0;0;1010
England;Gorton and Denton;North West;Central Manchester;74306;830;6950;920;650;350;0;0;290
England;Gosport;South East;Hampshire;73763;2800;2440;1080;2240;710;0;0;730
England;Grantham and Bourne;East Midlands;Lincolnshire;72071;2820;2620;800;2200;750;0;0;820
England;Gravesham;South East;Kent;72866;3400;3930;380;1870;410;0;0;0
England;Great Grimsby and Cleethorpes;Yorkshire and The Humber;Humber area;77050;3650;4160;400;1520;240;0;0;040
England;Great Yarmouth;East of England;Norfolk;70077;2620;2910;470;2490;570;0;0;940
England;Greenwich and Woolwich;London;Greenwich;69824;1010;5850;1350;720;730;0;0;350
England;Guildford;South East;Surrey;71367;2870;1220;4280;700;390;0;0;540
England;Hackney North and Stoke Newington;London;Hackney;75401;570;7150;830;390;870;0;0;190
England;Hackney South and Shoreditch;London;Hackney;75197;460;7540;820;320;720;0;0;140
England;Halesowen;West Midlands;Black Country;69907;2680;3940;520;2300;570;0;0;0
England;Halifax;Yorkshire and The Humber;West Yorkshire;74563;2300;5340;480;1070;330;0;0;480
England;Hamble Valley;South East;Hampshire;76902;2920;1510;2620;1730;490;0;0;720
England;Hammersmith and Chiswick;London;Hammersmith and Fulham;74746;1370;5520;1290;920;540;0;0;360
England;Hampstead and Highgate;London;Camden;74222;1040;5130;2260;700;600;0;0;270
England;Harborough, Oadby and Wigston;East Midlands;Leicestershire;74810;2370;3030;1530;1730;650;0;0;700
England;Harlow;East of England;Essex;73479;3260;3700;380;1600;340;0;0;710
England;Harpenden and Berkhamsted;East of England;Hertfordshire;71635;3410;1520;3210;820;550;0;0;480
England;Harrogate and Knaresborough;Yorkshire and The Humber;North Yorkshire;75800;2460;1150;3860;1390;320;0;0;830
England;Harrow East;London;Harrow;76299;3630;4860;440;680;390;0;0;0
England;Harrow West;London;Harrow;74060;1540;5730;760;1040;530;0;0;400
England;Hartlepool;North East;Teesside;71228;2460;4580;370;2060;180;0;0;350
England;Harwich and North Essex;East of England;Essex;74838;2710;3380;1030;2150;730;0;0;0
England;Hastings and Rye;South East;East Sussex;75581;2540;4830;430;1160;400;0;0;640
England;Havant;South East;Hampshire;72766;2710;2340;1060;2450;650;0;0;780
England;Hayes and Harlington;London;Hillingdon;72897;1550;6040;410;1140;410;0;0;450
England;Hazel Grove;North West;Eastern Manchester;72941;2180;1610;4110;1300;270;0;0;530
England;Hemel Hempstead;East of England;Hertfordshire;70496;3270;4060;720;1460;500;0;0;0
England;Hendon;London;Barnet;71496;3310;5150;500;620;420;0;0;0
England;Henley and Thame;South East;Oxfordshire;70626;3460;1370;3700;830;630;0;0;0
England;Hereford and South Herefordshire;West Midlands;Hereford and Worcestershire;71125;2590;2520;1420;2000;790;0;0;680
England;Herne Bay and Sandwich;South East;Kent;76028;2650;2920;680;2900;840;0;0;0
England;Hertford and Stortford;East of England;Hertfordshire;75396;2440;2950;1290;1750;750;0;0;820
England;Hertsmere;East of England;Hertfordshire;73256;2830;2780;980;2030;640;0;0;740
England;Hexham;North East;Northumberland;72738;2840;4460;1190;0;760;0;0;740
England;Heywood and Middleton North;North West;Eastern Manchester;73306;2910;4820;430;1830;0;0;0;000
England;High Peak;East Midlands;Derbyshire;73960;2540;5430;470;1080;480;0;0;0
England;Hinckley and Bosworth;East Midlands;Leicestershire;75683;2810;2080;1640;2070;660;0;0;740
England;Hitchin;East of England;Hertfordshire;72112;3540;3980;1340;640;380;0;0;120
England;Holborn and St Pancras;London;Camden;75475;680;6910;1130;460;600;0;0;220
England;Honiton and Sidmouth;South West;Devon;74365;2780;1520;2490;1760;400;0;0;1050
England;Hornchurch and Upminster;London;Havering;76938;2580;2670;580;2760;650;0;0;770
England;Hornsey and Friern Barnet;London;Haringey;70565;360;6050;2640;330;410;0;0;200
England;Horsham;South East;West Sussex;76981;2640;1620;2980;1570;460;0;0;730
England;Houghton and Sunderland South;North East;Newcastle area;76883;2270;5210;450;1740;330;0;0;0
England;Hove and Portslade;South East;East Sussex;73726;1770;5680;1010;310;940;0;0;290
England;Huddersfield;Yorkshire and The Humber;West Yorkshire;76044;1610;5600;840;1220;730;0;0;0
England;Huntingdon;East of England;Cambridgeshire;75590;2540;2640;1240;2030;640;0;0;910
England;Hyndburn;North West;Lancashire;69971;3250;5070;230;1230;220;0;0;0
England;Ilford North;London;Redbridge;74684;1600;5780;490;1110;400;0;0;620
England;Ilford South;London;Redbridge;74065;920;6640;560;640;350;0;0;890
England;Ipswich;East of England;Suffolk;75117;2690;4710;450;1210;360;0;0;580
England;Isle of Wight East;South East;Hampshire;56805;2160;2580;850;2000;1460;0;0;950
England;Isle of Wight West;South East;Hampshire;54911;2070;2590;870;1920;1650;0;0;900
England;Islington North;London;Islington;73970;450;6640;1440;310;990;0;0;160
England;Islington South and Finsbury;London;Islington;75905;740;6030;1830;520;660;0;0;230
England;Jarrow and Gateshead East;North East;Newcastle area;71106;1050;5240;700;1410;450;0;0;1150
England;Keighley and Ilkley;Yorkshire and The Humber;West Yorkshire;72954;2480;4990;360;1090;410;0;0;680
England;Kenilworth and Southam;West Midlands;Warwickshire;71541;2610;2540;1550;1810;730;0;0;770
England;Kensington and Bayswater;London;Kensington and Chelsea;75980;2360;4840;1120;880;330;0;0;470
England;Kettering;East Midlands;Northamptonshire;76163;2590;3250;590;1820;770;0;0;990
England;Kingston and Surbiton;London;Kingston upon Thames;75410;1620;1070;5430;900;450;0;0;530
England;Kingston upon Hull East;Yorkshire and The Humber;Humber area;72622;2250;5140;660;1620;330;0;0;0
England;Kingston upon Hull North and Cottingham;Yorkshire and The Humber;Humber area;76039;1480;5050;1130;1450;500;0;0;390
England;Kingston upon Hull West and Haltemprice;Yorkshire and The Humber;Humber area;74321;2570;4340;730;1520;320;0;0;510
England;Kingswinford and South Staffordshire;West Midlands;Staffordshire;71896;3140;2360;600;2370;700;0;0;820
England;Knowsley;North West;Merseyside;71228;390;8110;510;350;450;0;0;190
England;Lancaster and Wyre;North West;Lancashire;74992;2700;5260;390;1160;490;0;0;0
England;Leeds Central and Headingley;Yorkshire and The Humber;West Yorkshire;75396;1120;6150;1310;280;990;0;0;150
England;Leeds East;Yorkshire and The Humber;West Yorkshire;75330;2240;5270;380;1250;340;0;0;510
England;Leeds North East;Yorkshire and The Humber;West Yorkshire;70976;1070;6220;1060;760;580;0;0;320
England;Leeds North West;Yorkshire and The Humber;West Yorkshire;71607;2370;4780;900;950;370;0;0;640
England;Leeds South;Yorkshire and The Humber;West Yorkshire;71376;1290;6850;810;0;640;0;0;410
England;Leeds South West and Morley;Yorkshire and The Humber;West Yorkshire;74726;3410;4640;310;1050;360;0;0;210
England;Leeds West and Pudsey;Yorkshire and The Humber;West Yorkshire;70270;2220;5400;450;980;330;0;0;620
England;Leicester East;East Midlands;Leicestershire;76465;1710;5570;520;1190;500;0;0;520
England;Leicester South;East Midlands;Leicestershire;71007;930;6840;790;660;550;0;0;240
England;Leicester West;East Midlands;Leicestershire;76992;1570;5180;920;1310;610;0;0;410
England;Leigh and Atherton;North West;Western Manchester;76363;2990;5200;370;1130;080;0;0;220
England;Lewes;South East;East Sussex;75091;3020;1130;4360;720;750;0;0;020
England;Lewisham East;London;Lewisham;71706;880;6540;1000;630;600;0;0;340
England;Lewisham North;London;Lewisham;73504;540;7110;1010;370;790;0;0;180
England;Lewisham West and East Dulwich;London;Lewisham;69904;650;6860;1000;440;840;0;0;220
England;Leyton and Wanstead;London;Waltham Forest;71330;880;6570;980;600;640;0;0;320
England;Lichfield;West Midlands;Staffordshire;74942;2760;2720;940;2110;640;0;0;830
England;Lincoln;East Midlands;Lincolnshire;74128;2540;4830;470;1120;320;0;0;720
England;Liverpool Garston;North West;Merseyside;70372;530;7470;1000;440;340;0;0;210
England;Liverpool Riverside;North West;Merseyside;70157;480;8150;690;120;470;0;0;090
England;Liverpool Walton;North West;Merseyside;75926;430;8280;470;340;230;0;0;250
England;Liverpool Wavertree;North West;Merseyside;71076;610;7040;1220;150;800;0;0;180
England;Liverpool West Derby;North West;Merseyside;70730;380;8030;530;320;240;0;0;500
England;Loughborough;East Midlands;Leicestershire;73902;2890;4980;490;1270;370;0;0;0
England;Louth and Horncastle;East Midlands;Lincolnshire;75959;2940;2340;760;2560;440;0;0;960
England;Lowestoft;East of England;Suffolk;73967;3390;3930;380;1640;650;0;0;0
England;Luton North;East of England;Bedfordshire;73266;1520;5820;490;1150;370;0;0;650
England;Luton South and South Bedfordshire;East of England;Bedfordshire;70197;1550;5500;620;1140;430;0;0;760
England;Macclesfield;North West;Cheshire;75881;2290;3800;950;1600;750;0;0;600
England;Maidenhead;South East;Berkshire;73463;3200;1950;3390;0;640;0;0;810
England;Maidstone and Malling;South East;Kent;73084;2530;2420;1670;1970;670;0;0;740
England;Makerfield;North West;Western Manchester;76517;2110;5200;420;1570;300;0;0;400
England;Maldon;East of England;Essex;76794;3370;2150;1130;2540;810;0;0;0
England;Manchester Central;North West;Central Manchester;75311;1300;6260;980;600;660;0;0;200
England;Manchester Rusholme;North West;Central Manchester;70692;620;8320;0;190;770;0;0;090
England;Manchester Withington;North West;Central Manchester;71614;730;6650;1680;130;700;0;0;100
England;Mansfield;East Midlands;Nottinghamshire;74680;3910;3780;290;1700;130;0;0;180
England;Melksham and Devizes;South West;Wiltshire;71823;2940;1470;3370;1720;500;0;0;0
England;Melton and Syston;East Midlands;Leicestershire;71615;2710;2940;710;2070;860;0;0;710
England;Meriden and Solihull East;West Midlands;Coventry and Solihull;74211;2860;2860;1290;2080;910;0;0;0
England;Mid Bedfordshire;East of England;Bedfordshire;71748;3970;3550;870;840;540;0;0;230
England;Mid Buckinghamshire;South East;Buckinghamshire;72240;2470;1980;1630;2550;710;0;0;650
England;Mid Cheshire;North West;Cheshire;69775;2520;4950;520;1100;370;0;0;540
England;Mid Derbyshire;East Midlands;Derbyshire;70085;2600;3300;870;1860;690;0;0;680
England;Mid Dorset and North Poole;South West;Dorset;74305;3350;1260;3870;0;650;0;0;860
England;Mid Leicestershire;East Midlands;Leicestershire;76173;2890;3400;820;2120;770;0;0;0
England;Mid Norfolk;East of England;Norfolk;71060;2860;3000;960;2480;690;0;0;0
England;Mid Sussex;South East;West Sussex;72255;2450;1780;3110;1420;530;0;0;710
England;Middlesbrough and Thornaby East;North East;Teesside;71742;1360;5780;670;1210;350;0;0;640
England;Middlesbrough South and East Cleveland;North East;Teesside;69967;3010;4860;660;0;610;0;0;860
England;Milton Keynes Central;South East;Buckinghamshire;76708;2600;4590;610;1150;360;0;0;680
England;Milton Keynes North;South East;Buckinghamshire;70620;2900;4890;510;1300;400;0;0;0
England;Mitcham and Morden;London;Merton;76877;1190;6130;1000;840;490;0;0;350
England;Morecambe and Lunesdale;North West;Lancashire;76040;2550;3660;1540;1810;430;0;0;0
England;New Forest East;South East;Hampshire;73823;2770;2110;1290;2170;790;0;0;860
England;New Forest West;South East;Hampshire;71009;2760;1950;1370;2110;1080;0;0;720
England;Newark;East Midlands;Nottinghamshire;76478;2760;3040;870;1970;630;0;0;720
England;Newbury;South East;Berkshire;71631;2610;1020;3530;1460;670;0;0;700
England;Newcastle upon Tyne Central and West;North East;Newcastle area;76460;1160;6180;610;1230;510;0;0;300
England;Newcastle upon Tyne East and Wallsend;North East;Newcastle area;76875;1040;6210;1000;960;510;0;0;270
England;Newcastle upon Tyne North;North East;Newcastle area;76503;1450;4950;1440;1190;590;0;0;380
England;Newcastle-under-Lyme;West Midlands;Staffordshire;70025;3540;4600;370;1240;250;0;0;0
England;Newton Abbot;South West;Devon;72956;2610;1760;2780;1540;510;0;0;800
England;Newton Aycliffe and Spennymoor;North East;Durham;71299;3190;4930;440;1080;260;0;0;090
England;Normanton and Hemsworth;Yorkshire and The Humber;West Yorkshire;75388;2630;5220;320;1580;250;0;0;0
England;North Bedfordshire;East of England;Bedfordshire;76319;2960;2810;1320;2260;660;0;0;0
England;North Cornwall;South West;Cornwall;75034;2760;1190;3280;1620;350;0;0;810
England;North Cotswolds;South West;Gloucestershire;70915;2620;2290;1650;1870;890;0;0;690
England;North Devon;South West;Devon;76455;2630;1120;3260;1640;620;0;0;740
England;North Dorset;South West;Dorset;72109;2970;1380;2510;1850;560;0;0;730
England;North Durham;North East;Durham;73079;2560;5510;410;980;310;0;0;240
England;North East Cambridgeshire;East of England;Cambridgeshire;70806;3000;2200;620;2720;660;0;0;790
England;North East Derbyshire;East Midlands;Derbyshire;72344;3790;4350;450;1160;250;0;0;000
England;North East Hampshire;South East;Hampshire;73306;2920;1270;2670;1630;540;0;0;970
England;North East Hertfordshire;East of England;Hertfordshire;76849;2660;3170;1500;1900;770;0;0;0
England;North East Somerset and Hanham;South West;Bristol area;73113;3830;3940;860;730;510;0;0;120
England;North Herefordshire;West Midlands;Hereford and Worcestershire;70894;2730;1690;600;1190;2970;0;0;820
England;North Norfolk;East of England;Norfolk;70719;2950;1120;3540;1910;480;0;0;0
England;North Northumberland;North East;Northumberland;72541;2520;2980;1500;1690;640;0;0;660
England;North Shropshire;West Midlands;Shropshire;77052;2590;1890;2600;1660;560;0;0;700
England;North Somerset;South West;Bristol area;73963;2340;3050;1500;1680;810;0;0;610
England;North Warwickshire and Bedworth;West Midlands;Warwickshire;70245;3060;3570;470;2230;660;0;0;0
England;North West Cambridgeshire;East of England;Cambridgeshire;73556;2640;3020;1000;2500;830;0;0;0
England;North West Essex;East of England;Essex;76280;2710;2020;1790;1970;800;0;0;710
England;North West Hampshire;South East;Hampshire;76004;2640;2320;1680;1920;760;0;0;690
England;North West Leicestershire;East Midlands;Leicestershire;75373;2690;3150;610;1970;770;0;0;800
England;North West Norfolk;East of England;Norfolk;75200;2970;3030;880;2330;780;0;0;0
England;Northampton North;East Midlands;Northamptonshire;75713;2550;4720;570;1230;400;0;0;530
England;Northampton South;East Midlands;Northamptonshire;71512;2450;3580;750;1920;660;0;0;640
England;Norwich North;East of England;Norfolk;71441;2680;4560;430;1230;430;0;0;660
England;Norwich South;East of England;Norfolk;73201;1260;5610;1020;900;880;0;0;330
England;Nottingham East;East Midlands;Nottinghamshire;75327;1290;6050;1060;290;810;0;0;490
England;Nottingham North and Kimberley;East Midlands;Nottinghamshire;74515;2380;5640;420;1240;330;0;0;0
England;Nottingham South;East Midlands;Nottinghamshire;76076;1400;5780;770;1100;590;0;0;370
England;Nuneaton;West Midlands;Warwickshire;70335;2570;3660;540;1850;720;0;0;670
England;Old Bexley and Sidcup;London;Bexley;74317;2720;2960;730;2180;650;0;0;760
England;Oldham East and Saddleworth;North West;Eastern Manchester;72997;2230;4900;670;1240;240;0;0;710
England;Oldham West, Chadderton and Royton;North West;Eastern Manchester;74183;1270;5620;630;1650;300;0;0;530
England;Orpington;London;Bromley;71571;2670;2580;1300;2070;680;0;0;700
England;Ossett and Denby Dale;Yorkshire and The Humber;West Yorkshire;71595;3590;4280;350;1090;330;0;0;370
England;Oxford East;South East;Oxfordshire;72731;1400;5690;1550;0;1060;0;0;300
England;Oxford West and Abingdon;South East;Oxfordshire;72004;2200;850;5740;330;600;0;0;280
England;Peckham;London;Southwark;71176;500;7370;960;350;650;0;0;160
England;Pendle and Clitheroe;North West;Lancashire;76941;3750;4490;470;1030;210;0;0;060
England;Penistone and Stocksbridge;Yorkshire and The Humber;South Yorkshire;71377;3360;4340;550;1550;200;0;0;0
England;Penrith and Solway;North West;Cumbria;76720;2400;3580;740;1870;590;0;0;830
England;Peterborough;East of England;Cambridgeshire;72273;2510;4820;450;1290;300;0;0;640
England;Plymouth Moor View;South West;Devon;73378;3220;4070;450;1880;370;0;0;0
England;Plymouth Sutton and Devonport;South West;Devon;73495;2140;5450;540;1100;330;0;0;430
England;Pontefract, Castleford and Knottingley;Yorkshire and The Humber;West Yorkshire;72751;2730;4830;430;1470;170;0;0;380
England;Poole;South West;Dorset;72162;2500;2600;1350;1950;770;0;0;830
England;Poplar and Limehouse;London;Tower Hamlets;75814;800;6420;1450;550;490;0;0;280
England;Portsmouth North;South East;Hampshire;71844;3480;3830;490;1780;430;0;0;0
England;Portsmouth South;South East;Hampshire;74253;2200;4450;1650;490;870;0;0;340
England;Preston;North West;Lancashire;72946;1290;5990;850;1110;420;0;0;340
England;Putney;London;Wandsworth;73041;2190;5260;940;830;350;0;0;420
England;Queen's Park and Maida Vale;London;City of Westminster;75256;880;6470;1280;600;520;0;0;260
England;Rawmarsh and Conisbrough;Yorkshire and The Humber;South Yorkshire;70272;2260;4520;350;1900;290;0;0;670
England;Rayleigh and Wickford;East of England;Essex;76422;3230;2350;710;2910;810;0;0;0
England;Reading Central;South East;Berkshire;71283;2180;4870;910;400;1330;0;0;320
England;Reading West and Mid Berkshire;South East;Berkshire;69999;3400;3210;1590;960;840;0;0;0
England;Redcar;North East;Teesside;71331;3120;4540;700;1090;270;0;0;280
England;Redditch;West Midlands;Hereford and Worcestershire;69921;2750;3160;640;2110;620;0;0;720
England;Reigate;South East;Surrey;76139;2860;1850;2800;1650;830;0;0;0
England;Ribble Valley;North West;Lancashire;75993;2600;3350;720;1900;580;0;0;850
England;Richmond and Northallerton;Yorkshire and The Humber;North Yorkshire;72744;2780;2310;1130;1950;710;0;0;1120
England;Richmond Park;London;Richmond upon Thames;75037;1930;720;5310;1050;460;0;0;520
England;Rochdale;North West;Eastern Manchester;71697;1190;4620;980;1300;410;0;0;1500
England;Rochester and Strood;South East;Kent;72155;2930;3260;420;2150;320;0;0;920
England;Romford;London;Havering;72730;3270;3350;370;1910;410;0;0;690
England;Romsey and Southampton North;South East;Hampshire;73831;3610;1630;3330;880;460;0;0;090
England;Rossendale and Darwen;North West;Lancashire;74593;2390;4110;600;1720;560;0;0;630
England;Rother Valley;Yorkshire and The Humber;South Yorkshire;70814;3310;4190;350;1860;290;0;0;0
England;Rotherham;Yorkshire and The Humber;South Yorkshire;75345;0;4600;680;3570;460;0;0;690
England;Rugby;West Midlands;Warwickshire;72603;2510;3710;750;1760;620;0;0;660
England;Ruislip, Northwood and Pinner;London;Hillingdon;72168;2620;3340;1490;1820;730;0;0;0
England;Runcorn and Helsby;North West;Cheshire;70950;1650;5390;650;1230;640;0;0;430
England;Runnymede and Weybridge;South East;Surrey;73778;3330;1980;2930;920;570;0;0;270
England;Rushcliffe;East Midlands;Nottinghamshire;76171;2040;3930;1420;1470;440;0;0;700
England;Rutland and Stamford;East Midlands;Leicestershire;70864;2730;2090;1410;2120;670;0;0;970
England;Salford;North West;Central Manchester;72169;1460;5550;1140;790;860;0;0;190
England;Salisbury;South West;Wiltshire;70242;2430;2460;1780;1750;790;0;0;780
England;Scarborough and Whitby;Yorkshire and The Humber;North Yorkshire;73862;2280;3810;750;1810;420;0;0;930
England;Scunthorpe;Yorkshire and The Humber;Humber area;74278;3700;4540;340;1230;190;0;0;000
England;Sefton Central;North West;Merseyside;74746;1520;5660;770;1130;450;0;0;470
England;Selby;Yorkshire and The Humber;North Yorkshire;74761;2590;4270;630;1890;630;0;0;0
England;Sevenoaks;South East;Kent;73684;2640;1950;1720;2120;690;0;0;880
England;Sheffield Brightside and Hillsborough;Yorkshire and The Humber;South Yorkshire;71154;1260;6690;760;0;800;0;0;490
England;Sheffield Central;Yorkshire and The Humber;South Yorkshire;70453;730;6100;1350;0;1600;0;0;220
England;Sheffield Hallam;Yorkshire and The Humber;South Yorkshire;76637;800;4350;3940;0;540;0;0;390
England;Sheffield Heeley;Yorkshire and The Humber;South Yorkshire;74614;1330;6370;1130;0;820;0;0;350
England;Sheffield South East;Yorkshire and The Humber;South Yorkshire;76223;2010;6330;590;0;340;0;0;730
England;Sherwood Forest;East Midlands;Nottinghamshire;76543;2610;3510;560;1880;620;0;0;810
England;Shipley;Yorkshire and The Humber;West Yorkshire;74095;2630;4650;440;1090;470;0;0;720
England;Shrewsbury;West Midlands;Shropshire;75139;2130;3990;1020;1570;620;0;0;670
England;Sittingbourne and Sheppey;South East;Kent;76818;2670;2540;570;2490;660;0;0;1070
England;Skipton and Ripon;Yorkshire and The Humber;North Yorkshire;76758;2550;2510;1470;1840;770;0;0;870
England;Sleaford and North Hykeham;East Midlands;Lincolnshire;73380;2850;2500;730;2180;570;0;0;1170
England;Slough;South East;Berkshire;75287;1900;5860;800;440;740;0;0;250
England;Smethwick;West Midlands;Black Country;71195;1310;5980;570;1330;470;0;0;340
England;Solihull West and Shirley;West Midlands;Coventry and Solihull;70537;2630;2540;1400;1830;910;0;0;690
England;South Basildon and East Thurrock;East of England;Essex;73322;2430;2570;420;2880;490;0;0;1210
England;South Cambridgeshire;East of England;Cambridgeshire;75484;2720;1680;4520;650;420;0;0;0
England;South Cotswolds;South West;Gloucestershire;72865;2760;1280;3170;1580;530;0;0;680
England;South Derbyshire;East Midlands;Derbyshire;71202;2690;3320;660;1980;640;0;0;710
England;South Devon;South West;Devon;71691;2440;1640;3200;1510;520;0;0;690
England;South Dorset;South West;Dorset;76640;2550;3040;950;1860;850;0;0;760
England;South East Cornwall;South West;Cornwall;71734;2580;2640;1480;1890;570;0;0;840
England;South Holland and the Deepings;East Midlands;Lincolnshire;76139;3100;1960;560;2760;720;0;0;910
England;South Leicestershire;East Midlands;Leicestershire;75634;3080;2830;920;2390;780;0;0;0
England;South Norfolk;East of England;Norfolk;69837;2460;2910;1530;1790;660;0;0;650
England;South Northamptonshire;East Midlands;Northamptonshire;76555;2740;2710;1000;1970;750;0;0;830
England;South Ribble;North West;Lancashire;72029;2470;4400;740;1800;590;0;0;0
England;South Shields;North East;Newcastle area;69725;1110;4570;500;1980;700;0;0;1140
England;South Shropshire;West Midlands;Shropshire;77034;3310;1840;2340;1940;570;0;0;0
England;South Suffolk;East of England;Suffolk;71070;2830;2670;1210;2180;1110;0;0;0
England;South West Devon;South West;Devon;75371;2700;2750;1080;2070;700;0;0;710
England;South West Hertfordshire;East of England;Hertfordshire;71552;3250;2790;2170;940;660;0;0;190
England;South West Norfolk;East of England;Norfolk;72496;2780;2350;750;2600;640;0;0;890
England;South West Wiltshire;South West;Wiltshire;71551;2520;2720;1470;1970;660;0;0;660
England;Southampton Itchen;South East;Hampshire;72150;2630;4750;460;1200;310;0;0;660
England;Southampton Test;South East;Hampshire;69960;2270;4870;1040;520;960;0;0;350
England;Southend East and Rochford;East of England;Essex;70094;2950;3680;460;1680;330;0;0;900
England;Southend West and Leigh;East of England;Essex;76824;3070;3650;670;1520;330;0;0;770
England;Southgate and Wood Green;London;Enfield;76034;1260;6110;910;850;540;0;0;330
England;Southport;North West;Merseyside;74168;2120;4030;1290;1690;320;0;0;560
England;Spelthorne;South East;Surrey;72897;2410;2600;1280;2320;760;0;0;630
England;Spen Valley;Yorkshire and The Humber;West Yorkshire;72169;1900;3630;650;1450;480;0;0;1890
England;St Albans;East of England;Hertfordshire;70881;1890;990;5100;1050;480;0;0;490
England;St Austell and Newquay;South West;Cornwall;74585;2980;3500;810;1340;390;0;0;980
England;St Helens North;North West;Merseyside;76082;1230;5790;730;1240;680;0;0;320
England;St Helens South and Whiston;North West;Merseyside;70302;960;6210;780;1010;790;0;0;250
England;St Ives;South West;Cornwall;70107;2330;1090;4150;1370;410;0;0;660
England;St Neots and Mid Cambridgeshire;East of England;Cambridgeshire;74699;3190;2030;3300;850;530;0;0;100
England;Stafford;West Midlands;Staffordshire;70537;2510;3680;590;1830;740;0;0;660
England;Staffordshire Moorlands;West Midlands;Staffordshire;70113;2920;3470;610;2230;770;0;0;0
England;Stalybridge and Hyde;North West;Eastern Manchester;73028;2190;5200;430;1280;360;0;0;540
England;Stevenage;East of England;Hertfordshire;70370;2850;4340;510;1300;380;0;0;610
England;Stockport;North West;Eastern Manchester;74769;1280;5960;820;1090;520;0;0;340
England;Stockton North;North East;Teesside;69779;2310;5780;410;1330;170;0;0;0
England;Stockton West;North East;Teesside;70108;2530;4060;580;1790;380;0;0;660
England;Stoke-on-Trent Central;West Midlands;Staffordshire;70550;3100;4940;370;1410;180;0;0;000
England;Stoke-on-Trent North;West Midlands;Staffordshire;69821;3520;4250;330;1660;160;0;0;070
England;Stoke-on-Trent South;West Midlands;Staffordshire;69831;4060;4130;380;1250;190;0;0;000
England;Stone, Great Wyrley and Penkridge;West Midlands;Staffordshire;70701;3730;3570;860;0;860;0;0;980
England;Stourbridge;West Midlands;Black Country;69840;2600;3410;580;2070;530;0;0;810
England;Stratford and Bow;London;Newham;73849;640;7240;820;460;680;0;0;170
England;Stratford-on-Avon;West Midlands;Warwickshire;72388;2850;1340;2910;1650;540;0;0;700
England;Streatham and Croydon North;London;Lambeth;76050;840;6070;1610;570;700;0;0;220
England;Stretford and Urmston;North West;Central Manchester;73212;1230;6450;660;920;420;0;0;320
England;Stroud;South West;Gloucestershire;76249;2440;4890;350;1030;690;0;0;610
England;Suffolk Coastal;East of England;Suffolk;72683;2710;2990;1500;1990;800;0;0;0
England;Sunderland Central;North East;Newcastle area;72688;2300;5350;500;1510;340;0;0;0
England;Surrey Heath;South East;Surrey;70825;3640;1440;3290;950;590;0;0;090
England;Sussex Weald;South East;East Sussex;70075;2710;2090;1480;2090;930;0;0;710
England;Sutton and Cheam;London;Sutton;71284;2390;1490;3740;1340;450;0;0;580
England;Sutton Coldfield;West Midlands;Birmingham;74584;2640;2970;1100;1910;690;0;0;690
England;Swindon North;South West;Wiltshire;72163;3090;3890;480;1490;390;0;0;660
England;Swindon South;South West;Wiltshire;72468;2710;4720;450;1240;300;0;0;580
England;Tamworth;West Midlands;Staffordshire;73644;3200;3580;390;1550;340;0;0;940
England;Tatton;North West;Cheshire;75538;2720;3080;1590;1870;750;0;0;0
England;Taunton and Wellington;South West;Somerset;76049;3260;1250;3980;840;390;0;0;290
England;Telford;West Midlands;Shropshire;70768;2680;4170;640;2120;380;0;0;0
England;Tewkesbury;South West;Gloucestershire;72426;2760;1650;2760;1590;560;0;0;670
England;The Wrekin;West Midlands;Shropshire;76143;2780;3040;710;2130;610;0;0;730
England;Thirsk and Malton;Yorkshire and The Humber;North Yorkshire;76623;2690;2390;1110;2080;760;0;0;980
England;Thornbury and Yate;South West;Bristol area;74985;3620;1370;3640;870;500;0;0;0
England;Thurrock;East of England;Essex;73347;2800;3330;290;2550;290;0;0;730
England;Tipton and Wednesbury;West Midlands;Black Country;73820;3350;4640;260;1500;260;0;0;000
England;Tiverton and Minehead;South West;Somerset;70829;2860;1640;3030;1870;600;0;0;0
England;Tonbridge;South East;Kent;73692;2800;2150;1100;2120;1100;0;0;730
England;Tooting;London;Wandsworth;76986;1260;5670;1310;850;560;0;0;340
England;Torbay;South West;Devon;75742;2750;1430;2860;1630;530;0;0;800
England;Torridge and Tavistock;South West;Devon;74802;2520;2320;1560;2010;830;0;0;760
England;Tottenham;London;Haringey;75968;480;7850;580;330;570;0;0;170
England;Truro and Falmouth;South West;Cornwall;73326;2560;4580;760;1100;400;0;0;600
England;Tunbridge Wells;South East;Kent;75213;3400;1770;3350;880;480;0;0;130
England;Twickenham;London;Richmond upon Thames;75889;1640;940;5660;900;460;0;0;400
England;Tynemouth;North East;Newcastle area;73022;2240;5530;420;990;340;0;0;480
England;Uxbridge and South Ruislip;London;Hillingdon;75042;2770;4430;440;1280;390;0;0;700
England;Vauxhall and Camberwell Green;London;Lambeth;69995;650;6310;1760;440;630;0;0;200
England;Wakefield and Rothwell;Yorkshire and The Humber;West Yorkshire;73968;2960;4990;540;950;190;0;0;370
England;Wallasey;North West;Merseyside;73054;1150;6700;490;870;490;0;0;300
England;Walsall and Bloxwich;West Midlands;Black Country;74886;3160;5190;270;1110;200;0;0;060
England;Walthamstow;London;Waltham Forest;70867;510;7400;940;350;600;0;0;180
England;Warrington North;North West;Cheshire;72350;2290;5170;530;1150;390;0;0;470
England;Warrington South;North West;Cheshire;76639;2380;5190;590;990;310;0;0;540
England;Warwick and Leamington;West Midlands;Warwickshire;75440;2250;5140;650;920;530;0;0;510
England;Washington and Gateshead South;North East;Newcastle area;71775;2090;5090;450;1460;330;0;0;580
England;Watford;East of England;Hertfordshire;70576;3040;4990;990;560;370;0;0;050
England;Waveney Valley;East of England;Suffolk;70540;2780;2280;560;1210;2900;0;0;260
England;Weald of Kent;South East;Kent;70110;3360;2290;980;2570;800;0;0;0
England;Wellingborough and Rushden;East Midlands;Northamptonshire;76669;2910;4110;420;1480;410;0;0;680
England;Wells and Mendip Hills;South West;Somerset;69843;3530;1520;3560;860;440;0;0;090
England;Welwyn Hatfield;East of England;Hertfordshire;74535;3100;4340;780;1370;420;0;0;0
England;West Bromwich;West Midlands;Black Country;72208;3130;5030;270;1210;240;0;0;130
England;West Dorset;South West;Dorset;75390;3700;1530;4030;0;750;0;0;0
England;West Ham and Beckton;London;Newham;70590;720;7260;550;510;610;0;0;340
England;West Lancashire;North West;Lancashire;73652;1710;6000;560;1280;450;0;0;0
England;West Suffolk;East of England;Suffolk;76243;2630;2700;840;2420;720;0;0;690
England;West Worcestershire;West Midlands;Hereford and Worcestershire;76638;2660;2280;1640;1930;780;0;0;700
England;Westmorland and Lonsdale;North West;Cumbria;72322;2420;950;4290;1350;330;0;0;660
England;Weston-super-Mare;South West;Bristol area;70722;3270;3890;830;1560;440;0;0;0
England;Wetherby and Easingwold;Yorkshire and The Humber;North Yorkshire;71455;2990;2540;720;2060;740;0;0;960
England;Whitehaven and Workington;North West;Cumbria;73385;3220;5370;230;1020;160;0;0;0
England;Widnes and Halewood;North West;Cheshire;70865;930;7010;470;850;500;0;0;240
England;Wigan;North West;Western Manchester;75607;1460;5240;630;1820;470;0;0;380
England;Wimbledon;London;Merton;74641;2500;2060;4390;570;430;0;0;050
England;Winchester;South East;Hampshire;76577;3380;1040;4250;800;500;0;0;030
England;Windsor;South East;Berkshire;74338;2480;2570;1730;1760;640;0;0;830
England;Wirral West;North West;Merseyside;72126;2510;5600;410;1050;420;0;0;0
England;Witham;East of England;Essex;75064;2850;2380;880;2160;990;0;0;750
England;Witney;South East;Oxfordshire;70042;3590;1860;3170;850;490;0;0;040
England;Woking;South East;Surrey;71737;3070;1880;3710;770;480;0;0;090
England;Wokingham;South East;Berkshire;70235;3500;1450;3690;840;520;0;0;0
England;Wolverhampton North East;West Midlands;Black Country;70449;3640;4570;280;1310;190;0;0;0
England;Wolverhampton South East;West Midlands;Black Country;75685;2810;5470;310;1250;160;0;0;000
England;Wolverhampton West;West Midlands;Black Country;75592;3140;5530;300;910;110;0;0;000
England;Worcester;West Midlands;Hereford and Worcestershire;73928;2140;4110;720;1560;810;0;0;670
England;Worsley and Eccles;North West;Central Manchester;76915;1700;5090;660;1660;450;0;0;450
England;Worthing West;South East;West Sussex;76293;2990;3760;600;1500;440;0;0;710
England;Wycombe;South East;Buckinghamshire;71769;3030;5040;650;600;440;0;0;230
England;Wyre Forest;West Midlands;Hereford and Worcestershire;77015;2770;2870;710;2140;780;0;0;730
England;Wythenshawe and Sale East;North West;Central Manchester;76971;1330;5710;840;1250;510;0;0;360
England;Yeovil;South West;Somerset;76056;3670;1210;3510;950;540;0;0;120
England;York Central;Yorkshire and The Humber;North Yorkshire;74854;1720;5410;1030;340;1130;0;0;360
England;York Outer;Yorkshire and The Humber;North Yorkshire;72720;2160;3490;1680;1490;490;0;0;690
Scotland;Aberdeen North;Scotland;Grampian;76895;1780;2400;690;0;0;4700;0;420
Scotland;Aberdeen South;Scotland;Grampian;76560;2490;2070;960;0;0;4030;0;440
Scotland;Aberdeenshire North and Moray East;Scotland;Grampian;71485;4110;1510;270;0;020;4090;0;0
Scotland;Airdrie and Shotts;Scotland;Glasgow area;70420;860;4850;190;0;0;3760;0;340
Scotland;Alloa and Grangemouth;Scotland;Central;72265;1770;2650;470;0;0;4610;0;510
Scotland;Angus and Perthshire Glens;Scotland;Tayside;77006;3310;1270;290;0;020;4600;0;520
Scotland;Arbroath and Broughty Ferry;Scotland;Tayside;76810;2180;2140;710;0;0;4490;0;470
Scotland;Argyll, Bute and South Lochaber;Scotland;Argyll and Bute;71707;2500;1880;1270;0;0;3920;0;440
Scotland;Ayr, Carrick and Cumnock;Scotland;Ayrshire and Lanark;72057;2710;2650;400;0;0;3750;0;480
Scotland;Bathgate and Linlithgow;Scotland;Edinburgh area;71650;1820;3050;750;0;0;3880;0;500
Scotland;Berwickshire, Roxburgh and Selkirk;Scotland;Borders;74867;3990;1470;450;0;020;3450;0;620
Scotland;Caithness, Sutherland and Easter Ross;Scotland;Highland;75173;820;1140;3860;0;0;3680;0;500
Scotland;Central Ayrshire;Scotland;Ayrshire and Lanark;69779;2470;2650;430;0;0;4020;0;440
Scotland;Coatbridge and Bellshill;Scotland;Glasgow area;72507;570;5020;160;0;0;3900;0;350
Scotland;Cowdenbeath and Kirkcaldy;Scotland;Fife;70329;1190;4830;370;0;0;3310;0;300
Scotland;Cumbernauld and Kirkintilloch;Scotland;Glasgow area;70579;760;4450;300;0;0;4490;0;0
Scotland;Dumfries and Galloway;Scotland;Dumfries and Galloway;76863;3650;1760;340;0;020;3650;0;560
Scotland;Dumfriesshire, Clydesdale and Tweeddale;Scotland;Dumfries and Galloway;70738;3860;1720;410;0;020;3380;0;600
Scotland;Dundee Central;Scotland;Tayside;75298;750;3600;470;0;0;4700;0;480
Scotland;Dunfermline and Dollar;Scotland;Fife;70725;1110;4190;470;0;0;3890;0;350
Scotland;East Kilbride and Strathaven;Scotland;Ayrshire and Lanark;75161;1510;3320;600;0;0;4080;0;490
Scotland;East Renfrewshire;Scotland;Glasgow area;72959;2500;2470;670;0;0;3920;0;440
Scotland;Edinburgh East and Musselburgh;Scotland;Edinburgh area;75705;710;4330;370;0;0;4210;0;380
Scotland;Edinburgh North and Leith;Scotland;Edinburgh area;76770;920;4100;690;0;0;3900;0;380
Scotland;Edinburgh South;Scotland;Edinburgh area;73315;850;6260;440;0;0;2230;0;210
Scotland;Edinburgh South West;Scotland;Edinburgh area;70980;1810;2610;870;0;0;4290;0;410
Scotland;Edinburgh West;Scotland;Edinburgh area;76723;840;1430;4330;0;0;3090;0;310
Scotland;Falkirk;Scotland;Central;75067;1900;2420;620;0;0;4650;0;420
Scotland;Glasgow East;Scotland;Glasgow area;69748;600;4800;210;0;0;4030;0;360
Scotland;Glasgow North;Scotland;Glasgow area;75236;440;4930;270;0;0;4010;0;360
Scotland;Glasgow North East;Scotland;Glasgow area;73210;520;5090;170;0;0;3860;0;350
Scotland;Glasgow South;Scotland;Glasgow area;70431;630;4560;320;0;0;4110;0;370
Scotland;Glasgow South West;Scotland;Glasgow area;71344;620;4890;230;0;0;3910;0;350
Scotland;Glasgow West;Scotland;Glasgow area;72499;750;4420;390;0;0;4070;0;370
Scotland;Glenrothes and Mid Fife;Scotland;Fife;69734;800;4540;250;0;0;4410;0;0
Scotland;Gordon and Buchan;Scotland;Grampian;70238;4170;1410;670;0;020;3740;0;0
Scotland;Hamilton and Clyde Valley;Scotland;Ayrshire and Lanark;74577;1290;4400;220;0;0;3750;0;340
Scotland;Inverclyde and Renfrewshire West;Scotland;Glasgow area;70418;880;4440;340;0;0;3980;0;360
Scotland;Inverness, Skye and West Ross-shire;Scotland;Highland;76903;1730;2070;1390;0;0;4420;0;400
Scotland;Kilmarnock and Loudoun;Scotland;Ayrshire and Lanark;74801;1690;3040;440;0;0;4340;0;480
Scotland;Livingston;Scotland;Edinburgh area;75454;1130;4000;350;0;0;4150;0;370
Scotland;Lothian East;Scotland;Edinburgh area;71287;1380;4860;350;0;0;2970;0;450
Scotland;Mid Dunbartonshire;Scotland;Glasgow area;75099;710;1490;3870;0;0;3490;0;440
Scotland;Midlothian;Scotland;Edinburgh area;71210;1090;4660;380;0;0;3550;0;320
Scotland;Moray West, Nairn and Strathspey;Scotland;Grampian;76237;3450;1330;340;0;020;4230;0;630
Scotland;Motherwell, Wishaw and Carluke;Scotland;Glasgow area;72318;1050;4340;220;0;0;3890;0;500
Scotland;Na h-Eileanan an Iar;Scotland;Western Isles;21177;1110;4470;240;0;0;3840;0;340
Scotland;North Ayrshire and Arran;Scotland;Ayrshire and Lanark;73588;2260;2590;400;0;0;4360;0;400
Scotland;North East Fife;Scotland;Fife;70452;640;1190;4320;0;0;3860;0;0
Scotland;Orkney and Shetland;Scotland;Orkney and Shetland;34824;480;1380;4860;0;0;3290;0;0
Scotland;Paisley and Renfrewshire North;Scotland;Glasgow area;69941;1010;4250;420;0;0;4310;0;0
Scotland;Paisley and Renfrewshire South;Scotland;Glasgow area;69813;900;4220;330;0;0;4180;0;380
Scotland;Perth and Kinross-shire;Scotland;Tayside;76320;3510;1360;450;0;020;4120;0;540
Scotland;Rutherglen;Scotland;Ayrshire and Lanark;71612;850;4700;380;0;0;3610;0;460
Scotland;Stirling and Strathallan;Scotland;Central;77008;3220;1550;360;0;020;4850;0;0
Scotland;West Aberdeenshire and Kincardine;Scotland;Grampian;73634;3720;1350;650;0;020;3710;0;560
Scotland;West Dunbartonshire;Scotland;Glasgow area;70286;700;4380;220;0;0;4160;0;540
Wales;Aberafan Maesteg;Wales;West Glamorgan;69817;1250;5510;540;1060;410;1040;0;180
Wales;Alyn and Deeside;Wales;Clwyd;75695;2740;4820;420;1090;330;580;0;030
Wales;Bangor Aberconwy;Wales;Clwyd;70468;2470;4210;360;830;310;1790;0;030
Wales;Blaenau Gwent and Rhymney;Wales;Gwent;71079;1340;6520;640;0;420;940;0;130
Wales;Brecon, Radnor and Cwm Tawe;Wales;Powys;72113;2790;1600;3250;1180;430;610;0;150
Wales;Bridgend;Wales;Mid Glamorgan;70770;2840;4420;470;1070;400;770;0;030
Wales;Caerfyrddin;Wales;Dyfed;72683;2420;2390;270;1090;410;3400;0;030
Wales;Caerphilly;Wales;Gwent;72458;1530;4510;420;1560;370;1610;0;0
Wales;Cardiff East;Wales;South Glamorgan;72463;1250;6150;1110;660;420;290;0;120
Wales;Cardiff North;Wales;South Glamorgan;71143;1980;5280;660;1020;500;550;0;0
Wales;Cardiff South and Penarth;Wales;South Glamorgan;72269;1920;5300;1080;420;830;450;0;0
Wales;Cardiff West;Wales;South Glamorgan;73947;1640;5270;590;930;480;1030;0;050
Wales;Ceredigion Preseli;Wales;Dyfed;74063;2010;2070;990;850;480;3580;0;020
Wales;Clwyd East;Wales;Clwyd;76395;3040;4310;350;1160;370;720;0;030
Wales;Clwyd North;Wales;Clwyd;76150;2850;4490;320;1000;380;960;0;0
Wales;Dwyfor Meirionnydd;Wales;Gwynedd;72533;1410;2410;370;790;340;4660;0;020
Wales;Gower;Wales;West Glamorgan;76801;2550;5060;510;880;250;720;0;030
Wales;Llanelli;Wales;Dyfed;69895;2020;4280;220;930;250;2280;0;020
Wales;Merthyr Tydfil and Aberdare;Wales;Mid Glamorgan;74805;1100;5180;740;1220;300;910;0;550
Wales;Mid and South Pembrokeshire;Wales;Dyfed;76820;2780;3910;460;1440;570;800;0;030
Wales;Monmouthshire;Wales;Gwent;72681;2850;3500;810;1510;670;540;0;120
Wales;Montgomeryshire and Glyndwr;Wales;Powys;74223;2960;2840;1440;1580;600;580;0;0
Wales;Neath and Swansea East;Wales;West Glamorgan;74705;1600;5080;600;1300;370;1050;0;0
Wales;Newport East;Wales;Gwent;76159;2380;5160;550;1060;380;450;0;020
Wales;Newport West and Islwyn;Wales;Gwent;76234;2580;4840;330;1160;370;700;0;030
Wales;Pontypridd;Wales;Mid Glamorgan;73743;1450;4710;710;1040;380;1210;0;510
Wales;Rhondda and Ogmore;Wales;Mid Glamorgan;73557;890;6090;470;790;340;1420;0;0
Wales;Swansea West;Wales;West Glamorgan;74612;1560;5310;870;1040;460;750;0;020
Wales;Torfaen;Wales;Gwent;70591;2400;4940;420;1300;350;570;0;020
Wales;Vale of Glamorgan;Wales;South Glamorgan;70426;2910;4710;270;970;590;410;0;130
Wales;Wrexham;Wales;Clwyd;70964;2910;4270;490;1080;360;860;0;030
Wales;Ynys Mon;Wales;Gwynedd;52415;1640;3330;220;1300;250;3240;0;030
Northern Ireland;Antrim East;1;Antrim;69936;5943;241;12312;9406;946;3247;0;5167
Northern Ireland;Antrim North;1;Antrim;71165;8805;785;15400;5334;371;7237;0;6119
Northern Ireland;Antrim South;1;Antrim;71646;13045;610;10220;7315;326;6297;0;5160
Northern Ireland;Belfast East;1;Antrim;70076;3000;0;15554;18190;270;1166;0;4266
Northern Ireland;Belfast North;1;Antrim;71732;540;0;15216;3841;301;24379;0;4760
Northern Ireland;Belfast South;1;Antrim;71978;2001;23606;6630;5822;414;1787;0;7091
Northern Ireland;Belfast West;1;Antrim;71921;499;796;1418;1499;278;22067;6194;6031
Northern Ireland;Down North;1;Down;70412;5372;0;10647;17530;243;1050;0;5801
Northern Ireland;Down South;1;Down;71772;4059;10868;2670;5902;419;17948;0;7895
Northern Ireland;Fermanagh and South Tyrone;1;Fermanagh;74643;22169;919;0;2110;134;22564;0;2866
Northern Ireland;Foyle;1;Londonderry;69890;1731;23424;272;1009;358;11319;2032;6999
Northern Ireland;Lagan Valley;1;Antrim;76332;9208;469;14104;12162;336;2548;0;6578
Northern Ireland;Londonderry East;1;Londonderry;72213;4251;3276;11111;5121;364;7699;0;7481
Northern Ireland;Newry and Armagh;1;Armagh;74585;4977;5725;5704;3353;431;22149;0;8441
Northern Ireland;Strangford;1;Down;70070;4560;532;13062;9871;1090;1849;0;6521
Northern Ireland;Tyrone West;1;Tyrone;70614;3411;4310;4759;3169;876;18078;0;6584
Northern Ireland;Ulster Mid;1;Tyrone;70094;3295;3112;6185;2808;381;22120;0;6719
Northern Ireland;Upper Bann;1;Armagh;76969;7008;1233;14542;5414;452;14245;0;7151