Country;Constituency;Area;Area;County;Electorate;CON;LAB;LIB;UKIP;Green;NAT;MIN;OTH
Wales;Aberafan Maesteg;Wales;Wales;West Glamorgan;69817;1300;5000;300;1300;600;1300;0;100
Scotland;Aberdeen North;Scotland;Scotland;Grampian;76895;1300;3000;500;700;300;4000;0;200
Scotland;Aberdeen South;Scotland;Scotland;Grampian;76560;1900;2700;900;400;400;3400;0;200
Scotland;Aberdeenshire North and Moray East;Scotland;Scotland;Grampian;71485;2600;1600;400;1100;0;4100;0;0
Scotland;Airdrie and Shotts;Scotland;Scotland;Glasgow area;70420;700;5500;200;400;0;3100;0;100
England;Aldershot;South East;South East;Hampshire;76765;3100;3300;1400;1500;500;0;0;100
England;Aldridge-Brownhills;West Midlands;West Midlands;Black Country;73122;3900;3500;500;1700;200;0;0;0
Scotland;Alloa and Grangemouth;Scotland;Scotland;Central;72265;600;4000;100;800;200;3900;0;200
England;Altrincham and Sale West;North West;North West;Central Manchester;73934;2800;5500;500;700;400;0;0;100
Wales;Alyn and Deeside;Wales;Wales;Clwyd;75695;2600;4300;400;1100;700;700;0;100
England;Amber Valley;East Midlands;East Midlands;Derbyshire;70625;3400;4100;300;1600;500;0;0;0
Scotland;Angus and Perthshire Glens;Scotland;Scotland;Tayside;77006;2400;1900;700;600;0;4200;0;100
Scotland;Arbroath and Broughty Ferry;Scotland;Scotland;Tayside;76810;1500;3500;500;900;0;3600;0;100
Scotland;Argyll, Bute and South Lochaber;Scotland;Scotland;Argyll and Bute;71707;2100;2600;1000;400;0;3700;0;100
England;Arundel and South Downs;South East;South East;West Sussex;76974;3700;2400;1900;1300;600;0;0;000
England;Ashfield;East Midlands;East Midlands;Nottinghamshire;69819;800;2100;200;5900;700;0;0;100
England;Ashford;South East;South East;Kent;73546;3200;3900;700;1400;600;0;0;000
England;Ashton-under-Lyne;North West;North West;Eastern Manchester;72278;2000;5500;300;1200;800;0;0;100
England;Aylesbury;South East;South East;Buckinghamshire;75636;3000;3400;1700;1200;500;0;0;100
Scotland;Ayr, Carrick and Cumnock;Scotland;Scotland;Ayrshire and Lanark;72057;2000;3700;400;400;200;3200;0;100
England;Banbury;South East;South East;Oxfordshire;69943;3000;4000;1000;1200;600;0;0;000
Wales;Bangor Aberconwy;Wales;Wales;Clwyd;70468;2100;4200;300;1100;400;1700;0;100
England;Barking;London;London;Barking and Dagenham;71822;1600;6000;300;900;700;0;0;300
England;Barnsley North;Yorkshire and The Humber;Yorkshire and The Humber;South Yorkshire;76794;1100;5500;500;2300;400;0;0;100
England;Barnsley South;Yorkshire and The Humber;Yorkshire and The Humber;South Yorkshire;75896;1000;5700;300;2500;400;0;0;000
England;Barrow and Furness;North West;North West;Cumbria;76603;2800;5100;300;1300;500;0;0;100
England;Basildon and Billericay;Eastern;East of England;Essex;76993;3300;3800;600;1700;400;0;0;100
England;Basingstoke;South East;South East;Hampshire;77050;3000;4300;1000;1000;600;0;0;100
England;Bassetlaw;East Midlands;East Midlands;Nottinghamshire;75773;3100;3800;400;2100;500;0;0;0
England;Bath;South West;South West;Bristol area;73241;1300;1800;5500;800;500;0;0;100
Scotland;Bathgate and Linlithgow;Scotland;Scotland;Edinburgh area;71650;1200;4000;700;600;300;2900;0;100
England;Battersea;London;London;Wandsworth;71949;1800;5800;500;900;800;0;0;200
England;Beaconsfield;South East;South East;Buckinghamshire;72315;3400;2000;2400;1400;500;0;0;100
England;Beckenham and Penge;London;London;Bromley;76625;2300;5300;800;1000;600;0;0;0
England;Bedford;Eastern;East of England;Bedfordshire;70068;2100;5300;500;1100;700;0;0;100
England;Bermondsey and Old Southwark;London;London;Southwark;70602;900;5700;1800;500;800;0;0;200
Scotland;Berwickshire, Roxburgh and Selkirk;Scotland;Scotland;Borders;74867;3400;1700;900;300;200;3200;0;100
England;Bethnal Green and Stepney;London;London;Tower Hamlets;77000;700;6800;600;300;1200;0;0;300
England;Beverley and Holderness;Yorkshire and The Humber;Yorkshire and The Humber;Humber area;71102;3600;3700;1000;1100;400;0;0;000
England;Bexhill and Battle;South East;South East;East Sussex;70869;3700;2900;1300;1400;600;0;0;000
England;Bexleyheath and Crayford;London;London;Bexley;69948;3700;4100;500;1200;400;0;0;0
England;Bicester and Woodstock;South East;South East;Oxfordshire;70389;3400;3000;2200;900;400;0;0;000
England;Birkenhead;North West;North West;Merseyside;76271;800;6600;300;900;1100;0;0;100
England;Birmingham Edgbaston;West Midlands;West Midlands;Birmingham;71354;2100;5000;600;1100;900;0;0;200
England;Birmingham Erdington;West Midlands;West Midlands;Birmingham;76856;2300;5300;500;1300;400;0;0;200
England;Birmingham Hall Green and Moseley;West Midlands;West Midlands;Birmingham;75781;1100;6300;700;700;700;0;0;400
England;Birmingham Hodge Hill and Solihull North;West Midlands;West Midlands;Birmingham;76922;1600;6100;400;1100;600;0;0;200
England;Birmingham Ladywood;West Midlands;West Midlands;Birmingham;76585;700;6900;400;400;1200;0;0;400
England;Birmingham Northfield;West Midlands;West Midlands;Birmingham;73483;2300;5300;400;1400;400;0;0;100
England;Birmingham Perry Barr;West Midlands;West Midlands;Birmingham;74048;1300;6300;400;600;900;0;0;300
England;Birmingham Selly Oak;West Midlands;West Midlands;Birmingham;76285;1700;6000;500;800;700;0;0;200
England;Birmingham Yardley;West Midlands;West Midlands;Birmingham;71912;1700;5900;800;800;500;0;0;200
England;Bishop Auckland;North East;North East;Durham;70879;2700;4500;400;1800;300;0;0;000
England;Blackburn;North West;North West;Lancashire;70586;1500;6000;400;1000;700;0;0;300
England;Blackley and Middleton South;North West;North West;Central Manchester;71735;1600;6300;300;900;700;0;0;0
England;Blackpool North and Fleetwood;North West;North West;Lancashire;75396;3000;5100;300;1200;300;0;0;000
England;Blackpool South;North West;North West;Lancashire;76071;2400;4900;300;1900;400;0;0;100
Wales;Blaenau Gwent and Rhymney;Wales;Wales;Gwent;71079;1600;6100;300;0;400;1300;0;100
England;Blaydon and Consett;North East;North East;Durham;70163;1700;5300;400;2000;500;0;0;000
England;Blyth and Ashington;North East;North East;Northumberland;75452;1600;5800;300;1900;400;0;0;0
England;Bognor Regis and Littlehampton;South East;South East;West Sussex;76985;3300;3600;800;1700;400;0;0;000
England;Bolsover;East Midlands;East Midlands;Derbyshire;74680;2800;4700;300;1700;400;0;0;0
England;Bolton North East;North West;North West;Western Manchester;77020;2500;5200;300;1300;400;0;0;100
England;Bolton South and Walkden;North West;North West;Western Manchester;75716;1600;6500;300;900;500;0;0;100
England;Bolton West;North West;North West;Western Manchester;72125;3000;4500;500;1300;500;0;0;100
England;Bootle;North West;North West;Merseyside;75194;600;7200;300;700;1100;0;0;100
England;Boston and Skegness;East Midlands;East Midlands;Lincolnshire;75806;3400;2300;500;3100;400;0;0;100
England;Bournemouth East;South West;South West;Dorset;73173;2600;4200;1300;1100;600;0;0;100
England;Bournemouth West;South West;South West;Dorset;72094;2700;4300;900;1200;800;0;0;100
England;Bracknell;South East;South East;Berkshire;70247;3200;4400;700;1100;500;0;0;100
England;Bradford East;Yorkshire and The Humber;Yorkshire and The Humber;West Yorkshire;72150;1400;5600;800;800;1000;0;0;300
England;Bradford South;Yorkshire and The Humber;Yorkshire and The Humber;West Yorkshire;70890;2200;5100;400;1400;600;0;0;100
England;Bradford West;Yorkshire and The Humber;Yorkshire and The Humber;West Yorkshire;71258;1100;6400;400;500;1100;0;0;400
England;Braintree;Eastern;East of England;Essex;75662;3600;3000;1000;1900;300;0;0;000
Wales;Brecon, Radnor and Cwm Tawe;Wales;Wales;Powys;72113;2700;2400;2300;1100;300;1100;0;000
England;Brent East;London;London;Brent;75880;1400;6200;500;700;900;0;0;300
England;Brent West;London;London;Brent;76443;2100;5900;400;700;500;0;0;300
England;Brentford and Isleworth;London;London;Hounslow;76354;1700;5800;1000;700;600;0;0;200
England;Brentwood and Ongar;Eastern;East of England;Essex;74937;3600;2600;1000;2000;600;0;0;000
Wales;Bridgend;Wales;Wales;Mid Glamorgan;70770;2500;4900;300;1400;300;600;0;100
England;Bridgwater;South West;South West;Somerset;71418;3200;3600;1700;1100;300;0;0;000
England;Bridlington and The Wolds;Yorkshire and The Humber;Yorkshire and The Humber;Humber area;72501;3600;3300;600;1900;400;0;0;000
England;Brigg and Immingham;Yorkshire and The Humber;Yorkshire and The Humber;Humber area;71628;3800;3800;600;1400;300;0;0;0
England;Brighton Kemptown and Peacehaven;South East;South East;East Sussex;69865;2200;5700;500;0;1400;0;0;100
England;Brighton Pavilion;South East;South East;East Sussex;75722;400;5100;300;400;3400;0;0;200
England;Bristol Central;South West;South West;Bristol area;70227;400;4100;100;400;4600;0;0;300
England;Bristol East;South West;South West;Bristol area;75936;1300;6600;500;0;1400;0;0;200
England;Bristol North East;South West;South West;Bristol area;69793;2000;5400;600;1000;900;0;0;100
England;Bristol North West;South West;South West;Bristol area;76783;1700;5700;500;800;1100;0;0;100
England;Bristol South;South West;South West;Bristol area;74696;1600;5700;500;800;1200;0;0;100
England;Broadland and Fakenham;Eastern;East of England;Norfolk;72907;3300;2900;1500;1600;600;0;0;0
England;Bromley and Biggin Hill;London;London;Bromley;71515;3200;4200;900;1200;300;0;0;100
England;Bromsgrove;West Midlands;West Midlands;Hereford and Worcestershire;75305;3500;4000;600;1400;300;0;0;000
England;Broxbourne;Eastern;East of England;Hertfordshire;75454;3500;3400;600;1700;600;0;0;100
England;Broxtowe;East Midlands;East Midlands;Nottinghamshire;72461;2300;5100;300;1600;500;0;0;100
England;Buckingham and Bletchley;South East;South East;Buckinghamshire;73644;3100;4200;800;1200;600;0;0;100
England;Burnley;North West;North West;Lancashire;75436;2200;5300;500;1400;400;0;0;100
England;Burton and Uttoxeter;West Midlands;West Midlands;Staffordshire;75460;3100;4200;500;1600;300;0;0;100
England;Bury North;North West;North West;Western Manchester;77009;2600;5500;300;1100;400;0;0;100
England;Bury South;North West;North West;Western Manchester;74598;2300;5200;500;1400;400;0;0;100
England;Bury St Edmunds and Stowmarket;Eastern;East of England;Suffolk;75655;3000;3100;1000;1600;1200;0;0;000
Wales;Caerfyrddin;Wales;Wales;Dyfed;72683;1900;2500;400;1000;500;3500;0;100
Wales;Caerphilly;Wales;Wales;Gwent;72458;1500;5000;200;1500;400;1300;0;0
Scotland;Caithness, Sutherland and Easter Ross;Scotland;Scotland;Highland;75173;1100;1200;4200;200;300;2800;0;100
England;Calder Valley;Yorkshire and The Humber;Yorkshire and The Humber;West Yorkshire;75987;2900;5400;300;900;300;0;0;100
England;Camborne and Redruth;South West;South West;Cornwall;73568;2700;5000;600;1200;400;0;0;000
England;Cambridge;Eastern;East of England;Cambridgeshire;72560;900;5800;1600;0;1500;0;0;200
England;Cannock Chase;West Midlands;West Midlands;Staffordshire;75582;2900;4600;200;1800;400;0;0;0
England;Canterbury;South East;South East;Kent;75499;2200;5600;300;1100;600;0;0;100
Wales;Cardiff East;Wales;Wales;South Glamorgan;72463;1400;5800;800;700;700;400;0;200
Wales;Cardiff North;Wales;Wales;South Glamorgan;71143;2000;5800;500;900;400;300;0;0
Wales;Cardiff South and Penarth;Wales;Wales;South Glamorgan;72269;1600;5500;600;800;800;600;0;0
Wales;Cardiff West;Wales;Wales;South Glamorgan;73947;1700;5200;400;1000;700;700;0;100
England;Carlisle;North West;North West;Cumbria;75868;2900;4900;400;1300;300;0;0;100
England;Carshalton and Wallington;London;London;Sutton;72755;2500;2300;3800;900;300;0;0;100
England;Castle Point;Eastern;East of England;Essex;70923;3900;3000;500;2200;300;0;0;0
Scotland;Central Ayrshire;Scotland;Scotland;Ayrshire and Lanark;69779;1900;3500;400;500;200;3200;0;100
England;Central Devon;South West;South West;Devon;73491;3100;3800;1200;1100;700;0;0;000
England;Central Suffolk and North Ipswich;Eastern;East of England;Essex;71020;3200;3700;800;1400;700;0;0;000
Wales;Ceredigion Preseli;Wales;Wales;Dyfed;74063;1400;2200;1000;1000;400;3900;0;100
England;Chatham and Aylesford;South East;South East;Kent;74840;3800;3800;500;1400;400;0;0;000
England;Cheadle;North West;North West;Eastern Manchester;73775;2700;2000;4000;900;200;0;0;100
England;Chelmsford;Eastern;East of England;Essex;76454;3100;2700;2900;900;300;0;0;100
England;Chelsea and Fulham;London;London;Hammersmith and Fulham;76481;2600;4300;1300;1000;600;0;0;200
England;Cheltenham;South West;South West;Gloucestershire;75292;2600;1100;6000;0;200;0;0;000
England;Chesham and Amersham;South East;South East;Buckinghamshire;74155;3500;1800;3300;700;500;0;0;100
England;Chester North and Neston;North West;North West;Cheshire;72327;1900;6100;400;1000;500;0;0;0
England;Chester South and Eddisbury;North West;North West;Cheshire;71975;3500;3400;1300;1100;400;0;0;000
England;Chesterfield;East Midlands;East Midlands;Derbyshire;70722;2200;5200;500;1300;800;0;0;100
England;Chichester;South East;South East;West Sussex;76785;2800;1700;3600;1200;400;0;0;000
England;Chingford and Woodford Green;London;London;Waltham Forest;75677;3600;3900;200;900;500;0;0;600
England;Chippenham;South West;South West;Wiltshire;71648;3200;2200;2800;1300;300;0;0;000
England;Chipping Barnet;London;London;Barnet;76187;2800;5200;500;800;400;0;0;200
England;Chorley;North West;North West;Lancashire;74568;0;0;0;0;0;0;0;10000
England;Christchurch;South West;South West;Dorset;71598;3900;2700;1200;1600;500;0;0;000
England;Cities of London and Westminster;London;London;City of Westminster;73140;2500;3900;1800;600;900;0;0;200
England;City of Durham;North East;North East;Durham;72878;1500;5300;800;1600;600;0;0;100
England;Clacton;Eastern;East of England;Essex;75959;1600;2400;200;5200;300;0;0;100
England;Clapham and Brixton Hill;London;London;Lambeth;75460;1000;6500;700;500;1000;0;0;200
Wales;Clwyd East;Wales;Wales;Clwyd;76395;3000;4100;100;1000;300;1200;0;100
Wales;Clwyd North;Wales;Wales;Clwyd;76150;2600;5000;200;1000;300;800;0;0
Scotland;Coatbridge and Bellshill;Scotland;Scotland;Glasgow area;72507;500;5400;100;300;300;3200;0;100
England;Colchester;Eastern;East of England;Essex;76843;2700;3800;1000;1300;1000;0;0;100
England;Colne Valley;Yorkshire and The Humber;Yorkshire and The Humber;West Yorkshire;71518;2900;4900;500;1100;400;0;0;000
England;Congleton;North West;North West;Cheshire;69836;3500;4000;700;1300;400;0;0;000
England;Corby and East Northamptonshire;East Midlands;East Midlands;Northamptonshire;76748;2700;5100;200;1500;300;0;0;000
England;Coventry East;West Midlands;West Midlands;Coventry and Solihull;73389;2000;5500;500;1200;500;0;0;200
England;Coventry North West;West Midlands;West Midlands;Coventry and Solihull;73431;2400;4600;800;1400;600;0;0;100
England;Coventry South;West Midlands;West Midlands;Coventry and Solihull;70998;2400;5000;400;1100;800;0;0;200
Scotland;Cowdenbeath and Kirkcaldy;Scotland;Scotland;Fife;70329;900;4100;200;500;900;2800;0;300
England;Cramlington and Killingworth;North East;North East;Newcastle area;73295;1900;5200;300;2000;500;0;0;000
England;Crawley;South East;South East;West Sussex;74446;2700;4300;600;1800;500;0;0;100
England;Crewe and Nantwich;North West;North West;Cheshire;76236;2300;5100;300;1700;400;0;0;000
England;Croydon East;London;London;Croydon;75436;2400;5500;500;900;600;0;0;0
England;Croydon South;London;London;Croydon;71541;3500;4000;600;1100;500;0;0;100
England;Croydon West;London;London;Croydon;70812;1200;6600;400;600;900;0;0;300
Scotland;Cumbernauld and Kirkintilloch;Scotland;Scotland;Glasgow area;70579;800;4400;200;400;300;3800;0;0
England;Dagenham and Rainham;London;London;Barking and Dagenham;73627;2500;4900;300;1500;500;0;0;200
England;Darlington;North East;North East;Durham;70446;2700;5300;300;1200;400;0;0;0
England;Dartford;South East;South East;Kent;72048;3200;4500;500;1300;400;0;0;0
England;Daventry;East Midlands;East Midlands;Northamptonshire;76539;3500;2700;1400;1700;600;0;0;0
England;Derby North;East Midlands;East Midlands;Derbyshire;71876;2700;5000;300;1100;700;0;0;0
England;Derby South;East Midlands;East Midlands;Derbyshire;72067;1900;5200;400;1700;600;0;0;200
England;Derbyshire Dales;East Midlands;East Midlands;Derbyshire;71435;3300;3800;800;1400;500;0;0;000
England;Dewsbury and Batley;Yorkshire and The Humber;Yorkshire and The Humber;West Yorkshire;70226;1800;5500;300;900;1100;0;0;200
England;Didcot and Wantage;South East;South East;Oxfordshire;74456;2900;2900;2700;1000;400;0;0;000
England;Doncaster Central;Yorkshire and The Humber;Yorkshire and The Humber;South Yorkshire;75007;2100;4900;500;1700;600;0;0;100
England;Doncaster East and the Isle of Axholme;Yorkshire and The Humber;Yorkshire and The Humber;South Yorkshire;70113;2700;3300;500;2800;500;0;0;000
England;Doncaster North;Yorkshire and The Humber;Yorkshire and The Humber;South Yorkshire;71739;2500;6200;600;0;400;0;0;100
England;Dorking and Horley;South East;South East;Surrey;70317;2900;1700;4100;800;400;0;0;0
England;Dover and Deal;South East;South East;Kent;75855;2700;4600;500;1600;400;0;0;000
England;Droitwich and Evesham;West Midlands;West Midlands;Hereford and Worcestershire;74345;3500;2800;1300;1900;400;0;0;000
England;Dudley;West Midlands;West Midlands;Black Country;71083;3200;4800;200;1400;300;0;0;100
England;Dulwich and West Norwood;London;London;Lambeth;74314;700;6300;400;500;1800;0;0;200
Scotland;Dumfries and Galloway;Scotland;Scotland;Dumfries and Galloway;76863;2700;2400;600;500;400;3200;0;100
Scotland;Dumfriesshire, Clydesdale and Tweeddale;Scotland;Scotland;Dumfries and Galloway;70738;3200;2000;900;300;300;3100;0;100
Scotland;Dundee Central;Scotland;Scotland;Tayside;75298;500;3800;300;800;0;4200;0;200
Scotland;Dunfermline and Dollar;Scotland;Scotland;Fife;70725;1000;4600;600;500;300;2800;0;100
England;Dunstable and Leighton Buzzard;Eastern;East of England;Bedfordshire;74069;3000;3700;1000;1500;700;0;0;000
Wales;Dwyfor Meirionnydd;Wales;Wales;Gwynedd;72533;1200;2400;400;900;400;4400;0;100
England;Ealing Central and Acton;London;London;Ealing;75399;1300;5900;800;700;1000;0;0;200
England;Ealing North;London;London;Ealing;72985;1900;6000;500;600;600;0;0;200
England;Ealing Southall;London;London;Ealing;75085;1500;6700;400;500;700;0;0;300
England;Earley and Woodley;South East;South East;Berkshire;70083;3700;4200;1200;0;600;0;0;100
England;Easington;North East;North East;Durham;70043;1300;5700;500;2000;400;0;0;000
England;East Grinstead and Uckfield;South East;South East;West Sussex;72356;4500;3000;1500;0;900;0;0;000
England;East Ham;London;London;Newham;70902;1000;7200;300;400;700;0;0;300
England;East Hampshire;South East;South East;Hampshire;69959;3500;2300;2000;1300;800;0;0;000
Scotland;East Kilbride and Strathaven;Scotland;Scotland;Ayrshire and Lanark;75161;1100;4500;300;400;400;3100;0;100
Scotland;East Renfrewshire;Scotland;Scotland;Glasgow area;72959;2100;3600;600;400;200;3000;0;100
England;East Surrey;South East;South East;Surrey;73145;3800;2500;1500;1500;500;0;0;000
England;East Thanet;South East;South East;Kent;73790;2500;4600;300;1900;600;0;0;000
England;East Wiltshire;South West;South West;Wiltshire;71109;3600;3200;1200;1400;400;0;0;000
England;East Worthing and Shoreham;South East;South East;West Sussex;75466;2700;4800;500;1200;600;0;0;000
England;Eastbourne;South East;South East;East Sussex;73322;2900;2300;3300;1100;300;0;0;000
England;Eastleigh;South East;South East;Hampshire;69982;3000;2000;3600;900;400;0;0;000
Scotland;Edinburgh East and Musselburgh;Scotland;Scotland;Edinburgh area;75705;600;4000;300;300;800;3600;0;200
Scotland;Edinburgh North and Leith;Scotland;Scotland;Edinburgh area;76770;700;4300;700;200;700;3100;0;300
Scotland;Edinburgh South;Scotland;Scotland;Edinburgh area;73315;900;5100;600;100;1000;1900;0;200
Scotland;Edinburgh South West;Scotland;Scotland;Edinburgh area;70980;1100;4100;500;400;400;3200;0;200
Scotland;Edinburgh West;Scotland;Scotland;Edinburgh area;76723;1300;1900;3800;100;600;2100;0;200
England;Edmonton and Winchmore Hill;London;London;Enfield;75204;1800;6200;400;700;600;0;0;200
England;Ellesmere Port and Bromborough;North West;North West;Cheshire;71027;1300;6600;400;1000;500;0;0;100
England;Eltham and Chislehurst;London;London;Greenwich;74179;2600;5000;400;1300;500;0;0;100
England;Ely and East Cambridgeshire;Eastern;East of England;Cambridgeshire;76279;3400;2800;1900;1200;500;0;0;000
England;Enfield North;London;London;Enfield;76824;2100;5600;300;1000;700;0;0;200
England;Epping Forest;Eastern;East of England;Essex;74553;4200;4000;1100;0;500;0;0;100
England;Epsom and Ewell;South East;South East;Surrey;76844;3000;2300;3500;700;400;0;0;100
England;Erewash;East Midlands;East Midlands;Derbyshire;71986;2800;4500;300;1600;600;0;0;000
England;Erith and Thamesmead;London;London;Greenwich;76728;1600;6000;400;900;800;0;0;300
England;Esher and Walton;South East;South East;Surrey;73280;2800;1100;4900;800;300;0;0;100
England;Exeter;South West;South West;Devon;71713;1400;5500;700;900;1400;0;0;100
England;Exmouth and Exeter East;South West;South West;Devon;74502;3400;2600;1600;1600;500;0;0;100
Scotland;Falkirk;Scotland;Scotland;Central;75067;1200;3500;400;500;400;3700;0;100
England;Fareham and Waterlooville;South East;South East;Hampshire;77036;3700;3100;1300;1300;500;0;0;000
England;Farnham and Bordon;South East;South East;Surrey;72938;3700;1700;3100;1100;400;0;0;000
England;Faversham and Mid Kent;South East;South East;Kent;71798;3400;3500;1000;1600;500;0;0;000
England;Feltham and Heston;London;London;Hounslow;75226;2200;5700;500;700;600;0;0;200
England;Filton and Bradley Stoke;South West;South West;Bristol area;73598;2600;5300;500;1000;500;0;0;0
England;Finchley and Golders Green;London;London;Barnet;75761;2900;4500;1200;600;500;0;0;200
England;Folkestone and Hythe;South East;South East;Kent;70023;3000;4300;500;1500;600;0;0;000
England;Forest of Dean;South West;South West;Gloucestershire;71510;2900;4000;700;1600;700;0;0;000
England;Frome and East Somerset;South West;South West;Somerset;70177;2800;3100;2000;1200;800;0;0;000
England;Fylde;North West;North West;Lancashire;75114;3600;4200;600;1200;400;0;0;000
England;Gainsborough;East Midlands;East Midlands;Lincolnshire;74750;3700;3300;900;1700;300;0;0;000
England;Gateshead Central and Whickham;North East;North East;Newcastle area;70994;1400;5900;400;1300;800;0;0;100
England;Gedling;East Midlands;East Midlands;Nottinghamshire;75795;2400;4800;300;1700;700;0;0;100
England;Gillingham and Rainham;South East;South East;Kent;73951;3100;4000;500;1800;400;0;0;100
Scotland;Glasgow East;Scotland;Scotland;Glasgow area;69748;500;4400;100;300;600;3800;0;300
Scotland;Glasgow North;Scotland;Scotland;Glasgow area;75236;400;4500;200;200;800;3500;0;300
Scotland;Glasgow North East;Scotland;Scotland;Glasgow area;73210;400;4700;100;300;500;3600;0;200
Scotland;Glasgow South;Scotland;Scotland;Glasgow area;70431;500;4400;200;300;900;3400;0;300
Scotland;Glasgow South West;Scotland;Scotland;Glasgow area;71344;500;4500;100;300;600;3700;0;300
Scotland;Glasgow West;Scotland;Scotland;Glasgow area;72499;500;4900;200;300;400;3400;0;200
England;Glastonbury and Somerton;South West;South West;Somerset;70015;3400;1500;3400;1100;500;0;0;0
Scotland;Glenrothes and Mid Fife;Scotland;Scotland;Fife;69734;800;4500;300;600;0;3800;0;0
England;Gloucester;South West;South West;Gloucestershire;76695;2800;4600;700;1400;400;0;0;100
England;Godalming and Ash;South East;South East;Surrey;71399;3400;1700;3300;1100;400;0;0;000
England;Goole and Pocklington;Yorkshire and The Humber;Yorkshire and The Humber;Humber area;76337;3500;3800;700;1400;500;0;0;000
Scotland;Gordon and Buchan;Scotland;Scotland;Grampian;70238;3200;2100;1200;400;0;3000;0;0
England;Gorton and Denton;North West;North West;Central Manchester;74306;1100;6800;400;800;700;0;0;200
England;Gosport;South East;South East;Hampshire;73763;3900;3300;700;1400;500;0;0;000
Wales;Gower;Wales;Wales;West Glamorgan;76801;2000;4900;300;1700;300;600;0;000
England;Grantham and Bourne;East Midlands;East Midlands;Lincolnshire;72071;3600;3200;500;1800;700;0;0;000
England;Gravesham;South East;South East;Kent;72866;3300;3900;500;1600;500;0;0;0
England;Great Grimsby and Cleethorpes;Yorkshire and The Humber;Yorkshire and The Humber;Humber area;77050;2800;4400;500;1700;400;0;0;100
England;Great Yarmouth;Eastern;East of England;Norfolk;70077;2000;4300;200;2800;400;0;0;100
England;Greenwich and Woolwich;London;London;Greenwich;69824;1200;6000;900;500;1000;0;0;300
England;Guildford;South East;South East;Surrey;71367;2500;1600;3900;1500;400;0;0;100
England;Hackney North and Stoke Newington;London;London;Hackney;75401;700;6200;400;500;1800;0;0;300
England;Hackney South and Shoreditch;London;London;Hackney;75197;600;7500;400;300;1000;0;0;200
England;Halesowen;West Midlands;West Midlands;Black Country;69907;3200;4600;200;1600;300;0;0;0
England;Halifax;Yorkshire and The Humber;Yorkshire and The Humber;West Yorkshire;74563;2300;5100;600;1200;600;0;0;100
England;Hamble Valley;South East;South East;Hampshire;76902;3800;2400;1800;1300;600;0;0;000
Scotland;Hamilton and Clyde Valley;Scotland;Scotland;Ayrshire and Lanark;74577;1100;5100;200;500;0;3000;0;100
England;Hammersmith and Chiswick;London;London;Hammersmith and Fulham;74746;1600;5800;800;600;800;0;0;200
England;Hampstead and Highgate;London;London;Camden;74222;1400;5900;900;500;900;0;0;200
England;Harborough, Oadby and Wigston;East Midlands;East Midlands;Leicestershire;74810;3600;4000;800;1000;400;0;0;100
England;Harlow;Eastern;East of England;Essex;73479;3100;4100;400;1900;400;0;0;100
England;Harpenden and Berkhamsted;Eastern;East of England;Hertfordshire;71635;3100;1700;3700;900;500;0;0;000
England;Harrogate and Knaresborough;Yorkshire and The Humber;Yorkshire and The Humber;North Yorkshire;75800;3300;1800;3700;800;200;0;0;000
England;Harrow East;London;London;Harrow;76299;3600;4800;300;800;300;0;0;200
England;Harrow West;London;London;Harrow;74060;2000;6100;300;700;500;0;0;200
England;Hartlepool;North East;North East;Teesside;71228;1300;5400;300;2500;300;0;0;100
England;Harwich and North Essex;Eastern;East of England;Essex;74838;3200;3800;700;1600;600;0;0;0
England;Hastings and Rye;South East;South East;East Sussex;75581;2800;4900;300;1200;700;0;0;100
England;Havant;South East;South East;Hampshire;72766;3700;3100;900;1500;700;0;0;000
England;Hayes and Harlington;London;London;Hillingdon;72897;2200;5900;300;700;500;0;0;300
England;Hazel Grove;North West;North West;Eastern Manchester;72941;2600;2700;3300;900;300;0;0;000
England;Hemel Hempstead;Eastern;East of England;Hertfordshire;70496;2900;4200;600;1700;600;0;0;0
England;Hendon;London;London;Barnet;71496;2900;5000;300;900;600;0;0;200
England;Henley and Thame;South East;South East;Oxfordshire;70626;3200;1400;3800;900;500;0;0;000
England;Hereford and South Herefordshire;West Midlands;West Midlands;Hereford and Worcestershire;71125;3400;3300;1100;1500;500;0;0;000
England;Herne Bay and Sandwich;South East;South East;Kent;76028;3200;3500;900;1900;400;0;0;0
England;Hertford and Stortford;Eastern;East of England;Hertfordshire;75396;2800;4000;900;1500;700;0;0;000
England;Hertsmere;Eastern;East of England;Hertfordshire;73256;3400;3300;1000;1600;500;0;0;100
England;Hexham;North East;North East;Northumberland;72738;3800;5000;600;0;500;0;0;000
England;Heywood and Middleton North;North West;North West;Eastern Manchester;73306;2300;5500;400;1700;0;0;0;100
England;High Peak;East Midlands;East Midlands;Derbyshire;73960;2300;5900;200;1100;400;0;0;0
England;Hinckley and Bosworth;East Midlands;East Midlands;Leicestershire;75683;4000;2800;1200;1300;500;0;0;000
England;Hitchin;Eastern;East of England;Hertfordshire;72112;2700;3600;2200;900;400;0;0;000
England;Holborn and St Pancras;London;London;Camden;75475;800;6600;600;600;1000;0;0;200
England;Honiton and Sidmouth;South West;South West;Devon;74365;2900;1400;4200;1100;200;0;0;000
England;Hornchurch and Upminster;London;London;Havering;76938;3500;3800;400;1900;300;0;0;100
England;Hornsey and Friern Barnet;London;London;Haringey;70565;800;6400;1100;500;900;0;0;200
England;Horsham;South East;South East;West Sussex;76981;3700;2500;2200;1000;500;0;0;000
England;Houghton and Sunderland South;North East;North East;Newcastle area;76883;1600;5400;400;2000;500;0;0;0
England;Hove and Portslade;South East;South East;East Sussex;73726;1400;5700;600;700;1400;0;0;100
England;Huddersfield;Yorkshire and The Humber;Yorkshire and The Humber;West Yorkshire;76044;2000;5800;700;800;700;0;0;0
England;Huntingdon;Eastern;East of England;Cambridgeshire;75590;3400;3300;1600;1100;500;0;0;000
England;Hyndburn;North West;North West;Lancashire;69971;2500;5300;300;1400;500;0;0;0
England;Ilford North;London;London;Redbridge;74684;2300;5800;300;800;500;0;0;300
England;Ilford South;London;London;Redbridge;74065;1500;6300;400;600;700;0;0;400
Scotland;Inverclyde and Renfrewshire West;Scotland;Scotland;Glasgow area;70418;800;4700;200;500;300;3400;0;100
Scotland;Inverness, Skye and West Ross-shire;Scotland;Scotland;Highland;76903;1100;2500;2000;500;200;3500;0;100
England;Ipswich;Eastern;East of England;Suffolk;75117;2400;4600;300;1700;700;0;0;100
England;Isle of Wight East;South East;South East;Hampshire;56805;3000;3400;600;1700;1100;0;0;000
England;Isle of Wight West;South East;South East;Hampshire;54911;2600;3900;900;1100;1300;0;0;000
England;Islington North;London;London;Islington;73970;600;5400;600;800;1100;0;0;1300
England;Islington South and Finsbury;London;London;Islington;75905;900;6500;800;600;900;0;0;200
England;Jarrow and Gateshead East;North East;North East;Newcastle area;71106;1200;6000;400;1800;500;0;0;100
England;Keighley and Ilkley;Yorkshire and The Humber;Yorkshire and The Humber;West Yorkshire;72954;2800;5500;300;900;400;0;0;100
England;Kenilworth and Southam;West Midlands;West Midlands;Warwickshire;71541;3600;3200;1100;1300;500;0;0;000
England;Kensington and Bayswater;London;London;Kensington and Chelsea;75980;2200;5400;700;800;700;0;0;200
England;Kettering;East Midlands;East Midlands;Northamptonshire;76163;3200;4400;400;1400;500;0;0;100
Scotland;Kilmarnock and Loudoun;Scotland;Scotland;Ayrshire and Lanark;74801;1100;4200;300;600;200;3400;0;100
England;Kingston and Surbiton;London;London;Kingston upon Thames;75410;1700;1900;5000;800;400;0;0;100
England;Kingston upon Hull East;Yorkshire and The Humber;Yorkshire and The Humber;Humber area;72622;1800;5500;400;1600;700;0;0;0
England;Kingston upon Hull North and Cottingham;Yorkshire and The Humber;Yorkshire and The Humber;Humber area;76039;2000;5100;700;1200;800;0;0;100
England;Kingston upon Hull West and Haltemprice;Yorkshire and The Humber;Yorkshire and The Humber;Humber area;74321;2300;4800;500;1700;500;0;0;100
England;Kingswinford and South Staffordshire;West Midlands;West Midlands;Staffordshire;71896;3900;3000;500;2100;300;0;0;000
England;Knowsley;North West;North West;Merseyside;71228;600;7200;300;800;900;0;0;100
England;Lancaster and Wyre;North West;North West;Lancashire;74992;2300;5700;400;900;600;0;0;0
England;Leeds Central and Headingley;Yorkshire and The Humber;Yorkshire and The Humber;West Yorkshire;75396;800;6200;600;500;1600;0;0;300
England;Leeds East;Yorkshire and The Humber;Yorkshire and The Humber;West Yorkshire;75330;2100;5400;400;1300;600;0;0;100
England;Leeds North East;Yorkshire and The Humber;Yorkshire and The Humber;West Yorkshire;70976;1400;5900;1000;500;800;0;0;200
England;Leeds North West;Yorkshire and The Humber;Yorkshire and The Humber;West Yorkshire;71607;2400;5200;600;800;800;0;0;100
England;Leeds South;Yorkshire and The Humber;Yorkshire and The Humber;West Yorkshire;71376;1700;5900;800;0;1300;0;0;200
England;Leeds South West and Morley;Yorkshire and The Humber;Yorkshire and The Humber;West Yorkshire;74726;2600;5400;300;1100;400;0;0;100
England;Leeds West and Pudsey;Yorkshire and The Humber;Yorkshire and The Humber;West Yorkshire;70270;2100;6200;300;800;500;0;0;100
England;Leicester East;East Midlands;East Midlands;Leicestershire;76465;2100;4600;200;1000;900;0;0;1000
England;Leicester South;East Midlands;East Midlands;Leicestershire;71007;1300;5700;400;600;1600;0;0;400
England;Leicester West;East Midlands;East Midlands;Leicestershire;76992;1900;5100;600;1200;900;0;0;200
England;Leigh and Atherton;North West;North West;Western Manchester;76363;2200;5200;400;1600;400;0;0;100
England;Lewes;South East;South East;East Sussex;75091;2800;1600;4000;900;500;0;0;000
England;Lewisham East;London;London;Lewisham;71706;1100;5800;1100;700;1000;0;0;300
England;Lewisham North;London;London;Lewisham;73504;700;6800;500;300;1300;0;0;200
England;Lewisham West and East Dulwich;London;London;Lewisham;69904;800;7000;400;500;1100;0;0;200
England;Leyton and Wanstead;London;London;Waltham Forest;71330;1200;6400;400;500;1200;0;0;200
England;Lichfield;West Midlands;West Midlands;Staffordshire;74942;3300;3700;500;2000;300;0;0;000
England;Lincoln;East Midlands;East Midlands;Lincolnshire;74128;2400;5200;400;1200;700;0;0;100
England;Liverpool Garston;North West;North West;Merseyside;70372;800;6800;500;800;900;0;0;100
England;Liverpool Riverside;North West;North West;Merseyside;70157;400;6900;500;400;1500;0;0;300
England;Liverpool Walton;North West;North West;Merseyside;75926;600;7400;300;700;800;0;0;100
England;Liverpool Wavertree;North West;North West;Merseyside;71076;600;7000;500;400;1200;0;0;200
England;Liverpool West Derby;North West;North West;Merseyside;70730;600;7300;300;700;800;0;0;100
Scotland;Livingston;Scotland;Scotland;Edinburgh area;75454;1000;4400;400;700;300;3000;0;100
Wales;Llanelli;Wales;Wales;Dyfed;69895;1500;3600;300;1400;300;2600;0;100
Scotland;Lothian East;Scotland;Scotland;Edinburgh area;71287;1000;5400;200;300;300;2400;0;200
England;Loughborough;East Midlands;East Midlands;Leicestershire;73902;2700;5100;300;1100;700;0;0;0
England;Louth and Horncastle;East Midlands;East Midlands;Lincolnshire;75959;3800;3100;500;2200;200;0;0;000
England;Lowestoft;Eastern;East of England;Suffolk;73967;2700;4300;300;2100;500;0;0;0
England;Luton North;Eastern;East of England;Bedfordshire;73266;2000;5600;500;900;700;0;0;200
England;Luton South and South Bedfordshire;Eastern;East of England;Bedfordshire;70197;1800;5200;600;1300;900;0;0;200
England;Macclesfield;North West;North West;Cheshire;75881;2700;5000;500;1300;400;0;0;100
England;Maidenhead;South East;South East;Berkshire;73463;4300;2700;2100;0;700;0;0;100
England;Maidstone and Malling;South East;South East;Kent;73084;3300;3700;1000;1300;500;0;0;000
England;Makerfield;North West;North West;Western Manchester;76517;1900;5500;300;1600;600;0;0;100
England;Maldon;Eastern;East of England;Essex;76794;4000;2400;1200;1900;400;0;0;0
England;Manchester Central;North West;North West;Central Manchester;75311;1000;6700;400;700;1000;0;0;300
England;Manchester Rusholme;North West;North West;Central Manchester;70692;500;6500;0;400;2100;0;0;400
England;Manchester Withington;North West;North West;Central Manchester;71614;600;6600;900;400;1000;0;0;200
England;Mansfield;East Midlands;East Midlands;Nottinghamshire;74680;3000;4200;200;2200;300;0;0;000
England;Melksham and Devizes;South West;South West;Wiltshire;71823;3600;2400;2500;1000;400;0;0;0
England;Melton and Syston;East Midlands;East Midlands;Leicestershire;71615;3600;3500;700;1400;600;0;0;000
England;Meriden and Solihull East;West Midlands;West Midlands;Coventry and Solihull;74211;3600;3800;600;1700;300;0;0;0
Wales;Merthyr Tydfil and Aberdare;Wales;Wales;Mid Glamorgan;74805;1300;5400;300;1500;400;1000;0;100
Wales;Mid and South Pembrokeshire;Wales;Wales;Dyfed;76820;3000;4300;500;800;200;1000;0;000
England;Mid Bedfordshire;Eastern;East of England;Bedfordshire;71748;3400;3500;800;1500;600;0;0;000
England;Mid Buckinghamshire;South East;South East;Buckinghamshire;72240;3600;2600;2100;1100;400;0;0;000
England;Mid Cheshire;North West;North West;Cheshire;69775;2200;5800;400;1100;300;0;0;000
England;Mid Derbyshire;East Midlands;East Midlands;Derbyshire;70085;3100;3900;400;1800;600;0;0;000
England;Mid Dorset and North Poole;South West;South West;Dorset;74305;4400;1800;3400;0;400;0;0;000
Scotland;Mid Dunbartonshire;Scotland;Scotland;Glasgow area;75099;1100;2100;3600;200;500;2300;0;100
England;Mid Leicestershire;East Midlands;East Midlands;Leicestershire;76173;3400;4000;400;1500;500;0;0;0
England;Mid Norfolk;Eastern;East of England;Norfolk;71060;3500;2800;900;2200;500;0;0;0
England;Mid Sussex;South East;South East;West Sussex;72255;3000;2800;2500;1100;500;0;0;000
England;Middlesbrough and Thornaby East;North East;North East;Teesside;71742;1300;5900;400;1500;700;0;0;100
England;Middlesbrough South and East Cleveland;North East;North East;Teesside;69967;3600;5700;300;0;300;0;0;000
Scotland;Midlothian;Scotland;Scotland;Edinburgh area;71210;1200;4700;300;300;0;3300;0;100
England;Milton Keynes Central;South East;South East;Buckinghamshire;76708;2600;4900;700;1000;600;0;0;100
England;Milton Keynes North;South East;South East;Buckinghamshire;70620;2700;4600;600;1400;500;0;0;0
England;Mitcham and Morden;London;London;Merton;76877;1500;6000;500;800;800;0;0;200
Wales;Monmouthshire;Wales;Wales;Gwent;72681;2900;4500;400;1100;300;600;0;000
Wales;Montgomeryshire and Glyndwr;Wales;Wales;Powys;74223;3300;3300;900;1000;400;900;0;0
Scotland;Moray West, Nairn and Strathspey;Scotland;Scotland;Grampian;76237;2600;1800;800;600;300;3700;0;100
England;Morecambe and Lunesdale;North West;North West;Lancashire;76040;3000;4400;700;1500;300;0;0;0
Scotland;Motherwell, Wishaw and Carluke;Scotland;Scotland;Glasgow area;72318;900;4600;300;500;200;3200;0;100
Scotland;Na h-Eileanan an Iar;Scotland;Scotland;Western Isles;21177;1100;2700;200;800;0;4700;0;300
Wales;Neath and Swansea East;Wales;Wales;West Glamorgan;74705;1800;4900;300;1300;500;1100;0;0
England;New Forest East;South East;South East;Hampshire;73823;3900;2800;1000;1300;800;0;0;000
England;New Forest West;South East;South East;Hampshire;71009;3700;2600;1200;1600;700;0;0;000
England;Newark;East Midlands;East Midlands;Nottinghamshire;76478;3500;4000;400;1400;500;0;0;000
England;Newbury;South East;South East;Berkshire;71631;3400;1900;3000;1100;500;0;0;000
England;Newcastle upon Tyne Central and West;North East;North East;Newcastle area;76460;1300;6000;300;1200;900;0;0;200
England;Newcastle upon Tyne East and Wallsend;North East;North East;Newcastle area;76875;1000;6000;600;1200;1000;0;0;100
England;Newcastle upon Tyne North;North East;North East;Newcastle area;76503;1700;5600;1100;1000;500;0;0;100
England;Newcastle-under-Lyme;West Midlands;West Midlands;Staffordshire;70025;2900;4700;400;1400;400;0;0;0
Wales;Newport East;Wales;Wales;Gwent;76159;2300;5100;500;1000;600;400;0;100
Wales;Newport West and Islwyn;Wales;Wales;Gwent;76234;2100;4900;300;1500;500;600;0;100
England;Newton Abbot;South West;South West;Devon;72956;3500;2900;1800;1200;400;0;0;000
England;Newton Aycliffe and Spennymoor;North East;North East;Durham;71299;2500;5000;300;1600;400;0;0;000
England;Normanton and Hemsworth;Yorkshire and The Humber;Yorkshire and The Humber;West Yorkshire;75388;1500;5000;400;2300;700;0;0;0
Scotland;North Ayrshire and Arran;Scotland;Scotland;Ayrshire and Lanark;73588;1500;3500;400;500;400;3400;0;100
England;North Bedfordshire;Eastern;East of England;Bedfordshire;76319;3500;3500;900;1500;500;0;0;0
England;North Cornwall;South West;South West;Cornwall;75034;3600;1500;3300;1300;300;0;0;000
England;North Cotswolds;South West;South West;Gloucestershire;70915;3500;2900;1600;1300;500;0;0;000
England;North Devon;South West;South West;Devon;76455;3000;1500;3300;1600;400;0;0;000
England;North Dorset;South West;South West;Dorset;72109;4200;2200;1700;1300;500;0;0;000
England;North Durham;North East;North East;Durham;73079;1700;5400;600;1700;400;0;0;000
England;North East Cambridgeshire;Eastern;East of England;Cambridgeshire;70806;3400;2600;600;2600;600;0;0;000
England;North East Derbyshire;East Midlands;East Midlands;Derbyshire;72344;3000;4800;200;1400;400;0;0;000
Scotland;North East Fife;Scotland;Scotland;Fife;70452;900;1400;4200;200;300;2900;0;0
England;North East Hampshire;South East;South East;Hampshire;73306;3600;1900;2300;1500;400;0;0;000
England;North East Hertfordshire;Eastern;East of England;Hertfordshire;76849;3200;3800;1000;1400;500;0;0;0
England;North East Somerset and Hanham;South West;South West;Bristol area;73113;2900;4700;700;1200;300;0;0;000
England;North Herefordshire;West Midlands;West Midlands;Hereford and Worcestershire;70894;2900;1500;500;1300;3500;0;0;100
England;North Norfolk;Eastern;East of England;Norfolk;70719;3700;1100;3500;1300;300;0;0;0
England;North Northumberland;North East;North East;Northumberland;72541;2700;4100;1000;1900;300;0;0;000
England;North Shropshire;West Midlands;West Midlands;Shropshire;77052;3100;2500;2100;1800;300;0;0;000
England;North Somerset;South West;South West;Bristol area;73963;3200;4200;800;1000;600;0;0;000
England;North Warwickshire and Bedworth;West Midlands;West Midlands;Warwickshire;70245;3300;4000;300;2000;300;0;0;0
England;North West Cambridgeshire;Eastern;East of England;Cambridgeshire;73556;3200;3600;600;1500;900;0;0;0
England;North West Essex;Eastern;East of England;Essex;76280;3700;2800;1500;1300;600;0;0;000
England;North West Hampshire;South East;South East;Hampshire;76004;3200;2700;1500;1900;600;0;0;000
England;North West Leicestershire;East Midlands;East Midlands;Leicestershire;75373;2500;2900;200;3500;600;0;0;100
England;North West Norfolk;Eastern;East of England;Norfolk;75200;3000;3100;900;2400;500;0;0;0
England;Northampton North;East Midlands;East Midlands;Northamptonshire;75713;2500;5000;500;1200;600;0;0;100
England;Northampton South;East Midlands;East Midlands;Northamptonshire;71512;3000;4400;500;1500;400;0;0;100
England;Norwich North;Eastern;East of England;Norfolk;71441;2300;5100;300;1700;500;0;0;000
England;Norwich South;Eastern;East of England;Norfolk;73201;1400;6100;300;700;1300;0;0;100
England;Nottingham East;East Midlands;East Midlands;Nottinghamshire;75327;1000;6700;300;700;900;0;0;200
England;Nottingham North and Kimberley;East Midlands;East Midlands;Nottinghamshire;74515;2200;5100;400;1700;500;0;0;0
England;Nottingham South;East Midlands;East Midlands;Nottinghamshire;76076;1400;5000;400;1500;1400;0;0;200
England;Nuneaton;West Midlands;West Midlands;Warwickshire;70335;3200;4500;200;1500;400;0;0;000
England;Old Bexley and Sidcup;London;London;Bexley;74317;3800;3900;700;1100;300;0;0;100
England;Oldham East and Saddleworth;North West;North West;Eastern Manchester;72997;2500;5100;500;1100;500;0;0;100
England;Oldham West, Chadderton and Royton;North West;North West;Eastern Manchester;74183;1800;6000;400;900;600;0;0;200
Scotland;Orkney and Shetland;Scotland;Scotland;Orkney and Shetland;34824;800;1500;4500;200;400;2500;0;0
England;Orpington;London;London;Bromley;71571;3800;3400;1100;1100;300;0;0;100
England;Ossett and Denby Dale;Yorkshire and The Humber;Yorkshire and The Humber;West Yorkshire;71595;3000;4600;400;1500;400;0;0;000
England;Oxford East;South East;South East;Oxfordshire;72731;1300;6100;700;0;1700;0;0;200
England;Oxford West and Abingdon;South East;South East;Oxfordshire;72004;1700;2600;4300;700;600;0;0;100
Scotland;Paisley and Renfrewshire North;Scotland;Scotland;Glasgow area;69941;800;4900;200;300;300;3300;0;0
Scotland;Paisley and Renfrewshire South;Scotland;Scotland;Glasgow area;69813;800;4400;300;400;200;3700;0;100
England;Peckham;London;London;Southwark;71176;600;7400;400;400;1000;0;0;200
England;Pendle and Clitheroe;North West;North West;Lancashire;76941;3300;4400;500;1100;400;0;0;100
England;Penistone and Stocksbridge;Yorkshire and The Humber;Yorkshire and The Humber;South Yorkshire;71377;3300;4600;500;1200;400;0;0;0
England;Penrith and Solway;North West;North West;Cumbria;76720;3000;4200;800;1400;500;0;0;100
Scotland;Perth and Kinross-shire;Scotland;Scotland;Tayside;76320;2600;2400;800;500;0;3500;0;100
England;Peterborough;Eastern;East of England;Cambridgeshire;72273;2300;4900;400;1700;500;0;0;100
England;Plymouth Moor View;South West;South West;Devon;73378;3000;4900;300;1300;400;0;0;0
England;Plymouth Sutton and Devonport;South West;South West;Devon;73495;1900;5500;400;1000;1000;0;0;100
England;Pontefract, Castleford and Knottingley;Yorkshire and The Humber;Yorkshire and The Humber;West Yorkshire;72751;1900;5600;400;1500;400;0;0;100
Wales;Pontypridd;Wales;Wales;Mid Glamorgan;73743;1700;5000;300;1400;400;1000;0;100
England;Poole;South West;South West;Dorset;72162;3400;3700;1300;1000;500;0;0;000
England;Poplar and Limehouse;London;London;Tower Hamlets;75814;1100;6200;800;500;1100;0;0;300
England;Portsmouth North;South East;South East;Hampshire;71844;3300;4100;500;1500;500;0;0;0
England;Portsmouth South;South East;South East;Hampshire;74253;1700;5400;800;1000;800;0;0;100
England;Preston;North West;North West;Lancashire;72946;1700;5700;600;1000;800;0;0;300
England;Putney;London;London;Wandsworth;73041;2100;5600;800;600;700;0;0;200
England;Queen's Park and Maida Vale;London;London;City of Westminster;75256;1200;6500;600;500;1000;0;0;300
England;Rawmarsh and Conisbrough;Yorkshire and The Humber;Yorkshire and The Humber;South Yorkshire;70272;1800;5200;300;2100;500;0;0;000
England;Rayleigh and Wickford;Eastern;East of England;Essex;76422;3600;3000;1000;1900;400;0;0;0
England;Reading Central;South East;South East;Berkshire;71283;1900;5200;800;900;1000;0;0;200
England;Reading West and Mid Berkshire;South East;South East;Berkshire;69999;3000;3600;1300;1500;500;0;0;000
England;Redcar;North East;North East;Teesside;71331;2300;5300;300;1700;300;0;0;000
England;Redditch;West Midlands;West Midlands;Hereford and Worcestershire;69921;3400;4200;500;1500;300;0;0;100
England;Reigate;South East;South East;Surrey;76139;3400;2900;1800;800;1000;0;0;0
Wales;Rhondda and Ogmore;Wales;Wales;Mid Glamorgan;73557;1000;5500;300;1300;500;1300;0;0
England;Ribble Valley;North West;North West;Lancashire;75993;3200;4300;500;1500;400;0;0;100
England;Richmond and Northallerton;Yorkshire and The Humber;Yorkshire and The Humber;North Yorkshire;72744;4000;3300;1000;1100;500;0;0;100
England;Richmond Park;London;London;Richmond upon Thames;75037;2300;1800;4600;900;300;0;0;100
England;Rochdale;North West;North West;Eastern Manchester;71697;1500;4900;400;1700;700;0;0;600
England;Rochester and Strood;South East;South East;Kent;72155;3300;4100;700;1300;500;0;0;100
England;Romford;London;London;Havering;72730;4000;3600;400;1200;600;0;0;100
England;Romsey and Southampton North;South East;South East;Hampshire;73831;3900;2200;2400;900;500;0;0;000
England;Rossendale and Darwen;North West;North West;Lancashire;74593;2700;5200;300;1300;400;0;0;000
England;Rother Valley;Yorkshire and The Humber;Yorkshire and The Humber;South Yorkshire;70814;2800;4800;300;1400;500;0;0;0
England;Rotherham;Yorkshire and The Humber;Yorkshire and The Humber;South Yorkshire;75345;0;5300;400;3600;500;0;0;100
England;Rugby;West Midlands;West Midlands;Warwickshire;72603;3200;4600;600;1100;300;0;0;100
England;Ruislip, Northwood and Pinner;London;London;Hillingdon;72168;3900;3800;1000;900;300;0;0;0
England;Runcorn and Helsby;North West;North West;Cheshire;70950;1800;5700;400;1500;500;0;0;100
England;Runnymede and Weybridge;South East;South East;Surrey;73778;3400;3000;1800;1000;500;0;0;100
England;Rushcliffe;East Midlands;East Midlands;Nottinghamshire;76171;2800;5100;500;1000;400;0;0;100
Scotland;Rutherglen;Scotland;Scotland;Ayrshire and Lanark;71612;800;5400;300;300;0;3100;0;200
England;Rutland and Stamford;East Midlands;East Midlands;Leicestershire;70864;3800;2600;1800;1300;400;0;0;000
England;Salford;North West;North West;Central Manchester;72169;1100;5600;700;900;1400;0;0;200
England;Salisbury;South West;South West;Wiltshire;70242;3000;3200;1800;1400;400;0;0;000
England;Scarborough and Whitby;Yorkshire and The Humber;Yorkshire and The Humber;North Yorkshire;73862;3300;4400;600;1000;500;0;0;100
England;Scunthorpe;Yorkshire and The Humber;Yorkshire and The Humber;Humber area;74278;2800;4100;500;1900;500;0;0;100
England;Sefton Central;North West;North West;Merseyside;74746;1900;5700;400;1200;700;0;0;100
England;Selby;Yorkshire and The Humber;Yorkshire and The Humber;North Yorkshire;74761;3000;4700;500;1400;400;0;0;0
England;Sevenoaks;South East;South East;Kent;73684;3700;2500;1900;1300;500;0;0;000
England;Sheffield Brightside and Hillsborough;Yorkshire and The Humber;Yorkshire and The Humber;South Yorkshire;71154;2000;6400;400;0;1000;0;0;200
England;Sheffield Central;Yorkshire and The Humber;Yorkshire and The Humber;South Yorkshire;70453;700;6600;400;0;1900;0;0;300
England;Sheffield Hallam;Yorkshire and The Humber;Yorkshire and The Humber;South Yorkshire;76637;1600;4500;2700;0;1100;0;0;100
England;Sheffield Heeley;Yorkshire and The Humber;Yorkshire and The Humber;South Yorkshire;74614;2000;5200;900;0;1600;0;0;200
England;Sheffield South East;Yorkshire and The Humber;Yorkshire and The Humber;South Yorkshire;76223;2800;5800;500;0;700;0;0;100
England;Sherwood Forest;East Midlands;East Midlands;Nottinghamshire;76543;3200;3900;500;1800;500;0;0;000
England;Shipley;Yorkshire and The Humber;Yorkshire and The Humber;West Yorkshire;74095;2900;5000;400;900;600;0;0;100
England;Shrewsbury;West Midlands;West Midlands;Shropshire;75139;2700;5000;500;1300;400;0;0;000
England;Sittingbourne and Sheppey;South East;South East;Kent;76818;3400;3200;600;2300;400;0;0;000
England;Skipton and Ripon;Yorkshire and The Humber;Yorkshire and The Humber;North Yorkshire;76758;3600;3600;800;1200;600;0;0;000
England;Sleaford and North Hykeham;East Midlands;East Midlands;Lincolnshire;73380;3500;3200;700;2000;400;0;0;000
England;Slough;South East;South East;Berkshire;75287;1700;5600;700;700;900;0;0;200
England;Smethwick;West Midlands;West Midlands;Black Country;71195;1700;5600;700;1100;600;0;0;200
England;Solihull West and Shirley;West Midlands;West Midlands;Coventry and Solihull;70537;3900;3000;500;1400;800;0;0;200
England;South Basildon and East Thurrock;Eastern;East of England;Essex;73322;3600;3700;500;1700;400;0;0;000
England;South Cambridgeshire;Eastern;East of England;Cambridgeshire;75484;2200;2200;4200;900;300;0;0;000
England;South Cotswolds;South West;South West;Gloucestershire;72865;3500;1600;3200;1100;400;0;0;000
England;South Derbyshire;East Midlands;East Midlands;Derbyshire;71202;3100;3900;400;1800;600;0;0;000
England;South Devon;South West;South West;Devon;71691;3200;1900;3400;900;300;0;0;000
England;South Dorset;South West;South West;Dorset;76640;3200;4100;700;1400;500;0;0;000
England;South East Cornwall;South West;South West;Cornwall;71734;3400;3300;1200;1600;500;0;0;000
England;South Holland and The Deepings;East Midlands;East Midlands;Lincolnshire;76139;4000;2700;800;1900;500;0;0;000
England;South Leicestershire;East Midlands;East Midlands;Leicestershire;75634;3600;3200;1000;1600;400;0;0;0
England;South Norfolk;Eastern;East of England;Norfolk;69837;3300;3400;1200;1400;600;0;0;000
England;South Northamptonshire;East Midlands;East Midlands;Northamptonshire;76555;3400;3600;700;1700;400;0;0;000
England;South Ribble;North West;North West;Lancashire;72029;2400;4800;400;1900;400;0;0;0
England;South Shields;North East;North East;Newcastle area;69725;1400;5600;300;1600;900;0;0;100
England;South Shropshire;West Midlands;West Midlands;Shropshire;77034;3900;2600;1500;1500;400;0;0;0
England;South Suffolk;Eastern;East of England;Suffolk;71070;3400;3200;900;1600;700;0;0;0
England;South West Devon;South West;South West;Devon;75371;3500;3800;900;1200;400;0;0;000
England;South West Hertfordshire;Eastern;East of England;Hertfordshire;71552;3300;2900;1500;1500;500;0;0;100
England;South West Norfolk;Eastern;East of England;Norfolk;72496;3100;2600;800;3000;400;0;0;000
England;South West Wiltshire;South West;South West;Wiltshire;71551;3300;3200;1400;1400;500;0;0;000
England;Southampton Itchen;South East;South East;Hampshire;72150;2500;5100;300;1000;700;0;0;100
England;Southampton Test;South East;South East;Hampshire;69960;1800;5400;600;1200;800;0;0;100
England;Southend East and Rochford;Eastern;East of England;Essex;70094;3000;4500;400;1400;500;0;0;100
England;Southend West and Leigh;Eastern;East of England;Essex;76824;3200;4400;600;1400;300;0;0;000
England;Southgate and Wood Green;London;London;Enfield;76034;1600;5200;600;1000;1200;0;0;300
England;Southport;North West;North West;Merseyside;74168;2700;4900;800;1200;300;0;0;100
England;Spelthorne;South East;South East;Surrey;72897;3100;3000;1700;1600;400;0;0;100
England;Spen Valley;Yorkshire and The Humber;Yorkshire and The Humber;West Yorkshire;72169;2700;4800;400;1400;500;0;0;100
England;St Albans;Eastern;East of England;Hertfordshire;70881;1700;1500;5600;700;400;0;0;100
England;St Austell and Newquay;South West;South West;Cornwall;74585;3200;4000;800;1400;500;0;0;000
England;St Helens North;North West;North West;Merseyside;76082;1600;5700;600;1200;700;0;0;100
England;St Helens South and Whiston;North West;North West;Merseyside;70302;1100;6200;300;1400;800;0;0;100
England;St Ives;South West;South West;Cornwall;70107;2700;1700;4000;1100;500;0;0;000
England;St Neots and Mid Cambridgeshire;Eastern;East of England;Cambridgeshire;74699;3000;3200;2200;1000;500;0;0;000
England;Stafford;West Midlands;West Midlands;Staffordshire;70537;2900;4500;400;1600;500;0;0;000
England;Staffordshire Moorlands;West Midlands;West Midlands;Staffordshire;70113;3500;3800;500;1800;400;0;0;0
England;Stalybridge and Hyde;North West;North West;Eastern Manchester;73028;1900;5900;300;1300;400;0;0;100
England;Stevenage;Eastern;East of England;Hertfordshire;70370;2700;5000;600;1100;500;0;0;100
Scotland;Stirling and Strathallan;Scotland;Scotland;Central;77008;1700;3200;500;700;300;3600;0;0
England;Stockport;North West;North West;Eastern Manchester;74769;1300;6200;600;1000;700;0;0;100
England;Stockton North;North East;North East;Teesside;69779;1900;5800;300;1600;400;0;0;0
England;Stockton West;North East;North East;Teesside;70108;2900;4600;500;1600;200;0;0;000
England;Stoke-on-Trent Central;West Midlands;West Midlands;Staffordshire;70550;2300;5100;300;1600;400;0;0;100
England;Stoke-on-Trent North;West Midlands;West Midlands;Staffordshire;69821;3100;4800;300;1500;300;0;0;100
England;Stoke-on-Trent South;West Midlands;West Midlands;Staffordshire;69831;3400;4200;300;1700;300;0;0;000
England;Stone, Great Wyrley and Penkridge;West Midlands;West Midlands;Staffordshire;70701;5000;3700;700;0;500;0;0;000
England;Stourbridge;West Midlands;West Midlands;Black Country;69840;3300;4300;400;1500;300;0;0;100
England;Stratford and Bow;London;London;Newham;73849;1000;5900;700;500;1400;0;0;400
England;Stratford-on-Avon;West Midlands;West Midlands;Warwickshire;72388;3600;1800;2300;1900;400;0;0;000
England;Streatham and Croydon North;London;London;Lambeth;76050;1200;6500;700;400;900;0;0;300
England;Stretford and Urmston;North West;North West;Central Manchester;73212;1500;6000;600;800;900;0;0;200
England;Stroud;South West;South West;Gloucestershire;76249;2100;5200;600;1400;600;0;0;000
England;Suffolk Coastal;Eastern;East of England;Suffolk;72683;3400;3200;1200;1300;800;0;0;0
England;Sunderland Central;North East;North East;Newcastle area;72688;1800;5100;600;1700;700;0;0;0
England;Surrey Heath;South East;South East;Surrey;70825;3500;1800;2900;1200;400;0;0;000
England;Sussex Weald;South East;South East;East Sussex;70075;3500;2600;1500;1800;600;0;0;000
England;Sutton and Cheam;London;London;Sutton;71284;3300;2500;2600;900;300;0;0;100
England;Sutton Coldfield;West Midlands;West Midlands;Birmingham;74584;3300;3900;500;1800;300;0;0;100
Wales;Swansea West;Wales;Wales;West Glamorgan;74612;1400;5000;500;1300;800;800;0;100
England;Swindon North;South West;South West;Wiltshire;72163;3000;4600;400;1400;500;0;0;000
England;Swindon South;South West;South West;Wiltshire;72468;2800;5500;300;900;300;0;0;100
England;Tamworth;West Midlands;West Midlands;Staffordshire;73644;3700;3800;300;1800;300;0;0;000
England;Tatton;North West;North West;Cheshire;75538;3300;4200;1000;1000;400;0;0;0
England;Taunton and Wellington;South West;South West;Somerset;76049;3100;1900;3500;1000;300;0;0;000
England;Telford;West Midlands;West Midlands;Shropshire;70768;2600;4500;200;2300;200;0;0;0
England;Tewkesbury;South West;South West;Gloucestershire;72426;3300;2500;2300;1200;500;0;0;000
England;The Wrekin;West Midlands;West Midlands;Shropshire;76143;3600;3900;600;1500;400;0;0;000
England;Thirsk and Malton;Yorkshire and The Humber;Yorkshire and The Humber;North Yorkshire;76623;3400;2800;1400;1600;600;0;0;000
England;Thornbury and Yate;South West;South West;Bristol area;74985;3600;1600;3300;1100;300;0;0;0
England;Thurrock;Eastern;East of England;Essex;73347;2800;4800;400;1400;400;0;0;100
England;Tipton and Wednesbury;West Midlands;West Midlands;Black Country;73820;2800;4700;300;1700;300;0;0;100
England;Tiverton and Minehead;South West;South West;Somerset;70829;2900;1600;3800;1200;300;0;0;0
England;Tonbridge;South East;South East;Kent;73692;3300;3400;1000;1600;700;0;0;000
England;Tooting;London;London;Wandsworth;76986;1300;6500;700;500;700;0;0;200
England;Torbay;South West;South West;Devon;75742;3400;2100;2900;1000;400;0;0;000
Wales;Torfaen;Wales;Wales;Gwent;70591;1800;4800;300;1500;400;1000;0;100
England;Torridge and Tavistock;South West;South West;Devon;74802;3400;3200;1700;1300;300;0;0;000
England;Tottenham;London;London;Haringey;75968;700;6900;400;400;1200;0;0;300
England;Truro and Falmouth;South West;South West;Cornwall;73326;2600;5200;700;900;500;0;0;000
England;Tunbridge Wells;South East;South East;Kent;75213;3400;2800;2200;1100;300;0;0;000
England;Twickenham;London;London;Richmond upon Thames;75889;1800;2200;4700;800;300;0;0;100
England;Tynemouth;North East;North East;Newcastle area;73022;1900;6100;300;1100;500;0;0;000
England;Uxbridge and South Ruislip;London;London;Hillingdon;75042;3000;4900;500;1000;400;0;0;100
Wales;Vale of Glamorgan;Wales;Wales;South Glamorgan;70426;2500;5300;200;1100;500;300;0;000
England;Vauxhall and Camberwell Green;London;London;Lambeth;69995;900;5700;1000;500;1600;0;0;300
England;Wakefield and Rothwell;Yorkshire and The Humber;Yorkshire and The Humber;West Yorkshire;73968;2100;5000;500;1700;400;0;0;100
England;Wallasey;North West;North West;Merseyside;73054;1200;6700;300;800;700;0;0;100
England;Walsall and Bloxwich;West Midlands;West Midlands;Black Country;74886;2700;5400;300;1100;300;0;0;100
England;Walthamstow;London;London;Waltham Forest;70867;700;7000;400;500;1100;0;0;200
England;Warrington North;North West;North West;Cheshire;72350;2100;5100;900;1200;500;0;0;100
England;Warrington South;North West;North West;Cheshire;76639;2300;5200;600;1300;300;0;0;100
England;Warwick and Leamington;West Midlands;West Midlands;Warwickshire;75440;2100;5700;500;900;500;0;0;100
England;Washington and Gateshead South;North East;North East;Newcastle area;71775;1600;5800;200;1700;500;0;0;000
England;Watford;Eastern;East of England;Hertfordshire;70576;2400;5000;1200;700;500;0;0;100
England;Waveney Valley;Eastern;East of England;Suffolk;70540;2300;1000;400;2800;3300;0;0;100
England;Weald of Kent;South East;South East;Kent;70110;3600;2500;1100;2200;500;0;0;0
England;Wellingborough and Rushden;East Midlands;East Midlands;Northamptonshire;76669;3000;4300;300;1900;500;0;0;100
England;Wells and Mendip Hills;South West;South West;Somerset;69843;3700;1700;2900;1000;600;0;0;000
England;Welwyn Hatfield;Eastern;East of England;Hertfordshire;74535;2800;4700;500;1200;700;0;0;0
Scotland;West Aberdeenshire and Kincardine;Scotland;Scotland;Grampian;73634;2800;1900;1300;400;200;3100;0;100
England;West Bromwich;West Midlands;West Midlands;Black Country;72208;2800;4600;400;1500;500;0;0;200
England;West Dorset;South West;South West;Dorset;75390;3500;1200;4900;0;400;0;0;000
Scotland;West Dunbartonshire;Scotland;Scotland;Glasgow area;70286;500;5100;100;300;400;3300;0;100
England;West Ham and Beckton;London;London;Newham;70590;1000;6800;400;500;900;0;0;300
England;West Lancashire;North West;North West;Lancashire;73652;2000;5800;400;1100;600;0;0;0
England;West Suffolk;Eastern;East of England;Suffolk;76243;3100;3300;800;2100;600;0;0;000
England;West Worcestershire;West Midlands;West Midlands;Hereford and Worcestershire;76638;3500;2800;1600;1600;500;0;0;000
England;Westmorland and Lonsdale;North West;North West;Cumbria;72322;2600;1200;4800;900;200;0;0;000
England;Weston-super-Mare;South West;South West;Bristol area;70722;3300;4400;500;1000;600;0;0;0
England;Wetherby and Easingwold;Yorkshire and The Humber;Yorkshire and The Humber;North Yorkshire;71455;3800;3400;700;1500;400;0;0;000
England;Whitehaven and Workington;North West;North West;Cumbria;73385;2200;5400;200;1700;300;0;0;0
England;Widnes and Halewood;North West;North West;Cheshire;70865;1100;6400;500;1200;600;0;0;100
England;Wigan;North West;North West;Western Manchester;75607;1500;5400;500;1800;500;0;0;100
England;Wimbledon;London;London;Merton;74641;2400;3200;3300;600;300;0;0;100
England;Winchester;South East;South East;Hampshire;76577;3200;1100;4300;700;500;0;0;000
England;Windsor;South East;South East;Berkshire;74338;3400;3200;1700;1000;600;0;0;100
England;Wirral West;North West;North West;Merseyside;72126;2300;6100;300;900;400;0;0;0
England;Witham;Eastern;East of England;Essex;75064;3200;3100;600;2400;600;0;0;000
England;Witney;South East;South East;Oxfordshire;70042;3300;1900;3100;1300;300;0;0;000
England;Woking;South East;South East;Surrey;71737;3000;3000;2500;900;500;0;0;100
England;Wokingham;South East;South East;Berkshire;70235;3400;2000;3100;1000;400;0;0;0
England;Wolverhampton North East;West Midlands;West Midlands;Black Country;70449;3000;5200;300;1300;300;0;0;0
England;Wolverhampton South East;West Midlands;West Midlands;Black Country;75685;2400;5300;300;1200;400;0;0;200
England;Wolverhampton West;West Midlands;West Midlands;Black Country;75592;2700;5100;300;1300;300;0;0;200
England;Worcester;West Midlands;West Midlands;Hereford and Worcestershire;73928;2400;5700;300;1100;400;0;0;100
England;Worsley and Eccles;North West;North West;Central Manchester;76915;2000;5200;400;1600;600;0;0;100
England;Worthing West;South East;South East;West Sussex;76293;3300;4400;500;1200;500;0;0;000
Wales;Wrexham;Wales;Wales;Clwyd;70964;2400;4600;200;1600;300;600;0;100
England;Wycombe;South East;South East;Buckinghamshire;71769;2600;4800;800;900;700;0;0;100
England;Wyre Forest;West Midlands;West Midlands;Hereford and Worcestershire;77015;3300;3700;500;2100;300;0;0;000
England;Wythenshawe and Sale East;North West;North West;Central Manchester;76971;1700;5700;600;1000;700;0;0;200
England;Yeovil;South West;South West;Somerset;76056;3300;1400;3500;1300;300;0;0;000
Wales;Ynys Mon;Wales;Wales;Gwynedd;52415;1800;2800;300;1200;500;3300;0;100
England;York Central;Yorkshire and The Humber;Yorkshire and The Humber;North Yorkshire;74854;1200;6000;600;700;1300;0;0;100
England;York Outer;Yorkshire and The Humber;Yorkshire and The Humber;North Yorkshire;72720;3000;5100;600;900;300;0;0;000
Northern Ireland;Antrim East;1;Northern Ireland;Antrim;69936;5943;241;12312;9406;946;3247;0;5167
Northern Ireland;Antrim North;1;Northern Ireland;Antrim;71165;8805;785;15400;5334;371;7237;0;6119
Northern Ireland;Antrim South;1;Northern Ireland;Antrim;71646;13045;610;10220;7315;326;6297;0;5160
Northern Ireland;Belfast East;1;Northern Ireland;Antrim;70076;3000;0;15554;18190;270;1166;0;4266
Northern Ireland;Belfast North;1;Northern Ireland;Antrim;71732;540;0;15216;3841;301;24379;0;4760
Northern Ireland;Belfast South;1;Northern Ireland;Antrim;71978;2001;23606;6630;5822;414;1787;0;7091
Northern Ireland;Belfast West;1;Northern Ireland;Antrim;71921;499;796;1418;1499;278;22067;6194;6031
Northern Ireland;Down North;1;Northern Ireland;Down;70412;5372;0;10647;17530;243;1050;0;5801
Northern Ireland;Down South;1;Northern Ireland;Down;71772;4059;10868;2670;5902;419;17948;0;7895
Northern Ireland;Fermanagh and South Tyrone;1;Northern Ireland;Fermanagh;74643;22169;919;0;2110;134;22564;0;2866
Northern Ireland;Foyle;1;Northern Ireland;Londonderry;69890;1731;23424;272;1009;358;11319;2032;6999
Northern Ireland;Lagan Valley;1;Northern Ireland;Antrim;76332;9208;469;14104;12162;336;2548;0;6578
Northern Ireland;Londonderry East;1;Northern Ireland;Londonderry;72213;4251;3276;11111;5121;364;7699;0;7481
Northern Ireland;Newry and Armagh;1;Northern Ireland;Armagh;74585;4977;5725;5704;3353;431;22149;0;8441
Northern Ireland;Strangford;1;Northern Ireland;Down;70070;4560;532;13062;9871;1090;1849;0;6521
Northern Ireland;Tyrone West;1;Northern Ireland;Tyrone;70614;3411;4310;4759;3169;876;18078;0;6584
Northern Ireland;Ulster Mid;1;Northern Ireland;Tyrone;70094;3295;3112;6185;2808;381;22120;0;6719
Northern Ireland;Upper Bann;1;Northern Ireland;Armagh;76969;7008;1233;14542;5414;452;14245;0;7151