Base order;Name;Area;County;Electorate;CON;LAB;LIB;UKIP;Green;NAT;MIN;OTH
1;Aldershot;12;Surrey West and Aldershot;78569;2000;2200;1000;3800;600;000;300;200
2;Aldridge-Brownhills;7;Wolverhampton and Walsall;70871;2500;1300;600;4600;500;000;200;200
3;Altrincham and Sale West;4;Manchester Central and Trafford;74025;1800;2600;1000;2700;1100;000;600;300
4;Amber Valley;8;Derbyshire North;71546;1500;1600;600;4900;700;000;400;200
5;Arundel and South Downs;12;Sussex West;77969;2800;1200;1500;3200;900;000;300;200
6;Ashfield;8;Nottinghamshire North;68929;600;1400;400;6000;600;000;600;500
7;Ashford;12;Kent South;76212;2000;1800;800;4100;800;000;300;300
8;Ashton-under-Lyne;4;Manchester East;71002;800;2100;500;4300;900;000;800;600
9;Aylesbury;12;Buckinghamshire North;79169;1700;2000;1400;3300;900;000;400;300
10;Banbury;12;Oxfordshire;73193;1900;2400;1000;3300;800;000;400;300
11;Barking;11;Dagenham and Redbridge;79825;1100;2300;300;2800;1700;000;600;1100
12;Barnsley North;5;Barnsley and Sheffield West;78267;800;2100;500;4900;800;000;500;400
13;Barnsley South;5;Barnsley and Sheffield West;75850;800;1900;500;5200;800;000;500;400
14;Barrow and Furness;4;Cumbria;74980;1900;2000;800;4200;500;000;400;200
15;Basildon and Billericay;9;Essex South West;76873;2000;1400;600;4800;600;000;300;300
16;Basildon South and East Thurrock;9;Essex South West;72673;1600;1300;500;5300;600;000;300;400
17;Basingstoke;12;Hampshire;78487;2100;2300;900;3400;700;000;300;200
18;Bassetlaw;8;Nottinghamshire North;78173;1600;1800;700;4800;500;000;400;200
19;Bath;10;Avon South;69655;1100;1700;2900;2100;1300;000;600;300
20;Battersea;11;Lambeth and Wandsworth;72767;1600;3200;1100;1600;1300;000;900;300
21;Beaconsfield;12;Buckinghamshire South;72751;2800;1100;2100;3000;500;000;200;200
22;Beckenham and Penge;11;Croydon;76876;1700;3200;1000;2400;1000;000;600;200
23;Bedford;9;Bedfordshire;72478;1300;2600;800;3200;1000;000;500;600
24;Bedfordshire Mid;9;Bedfordshire;76218;2400;1800;1100;3600;600;000;200;300
25;Bedfordshire North;9;Bedfordshire;78850;2700;1700;1200;3500;600;000;200;200
26;Bermondsey and Old Southwark;11;South East London;69473;700;2900;1400;1800;1900;000;800;400
27;Bethnal Green and Stepney;11;Hackney and Tower Hamlets;81922;600;2000;500;1100;2500;000;3400;000
28;Beverley and Holderness;5;East Yorkshire;70559;2100;1700;900;4100;600;000;400;200
29;Bexhill and Battle;12;Sussex East;72209;2400;1500;900;3800;700;000;300;400
30;Bexleyheath and Crayford;11;Bexley and Bromley;69470;2100;1800;600;4300;700;000;300;200
31;Bicester and Woodstock;12;Oxfordshire;74350;2100;1200;2900;2800;600;000;300;200
32;Birkenhead;4;Wirral and Chester North;78091;800;2500;600;3000;1800;000;900;300
33;Birmingham Edgbaston;7;Birmingham South;71787;1400;2700;600;2800;1100;000;700;700
34;Birmingham Erdington;7;Birmingham North;77463;1100;2300;400;4100;900;000;600;600
35;Birmingham Hall Green and Moseley;7;Birmingham South;76936;1100;1900;700;1500;1800;000;3000;000
36;Birmingham Hodge Hill and Solihull North;7;Birmingham North;77737;1000;1700;400;3800;1000;000;600;1600
37;Birmingham Ladywood;7;Birmingham North;83693;700;2400;300;1400;1900;000;3300;000
38;Birmingham Northfield;7;Birmingham South;74048;1300;2200;500;4300;900;000;400;400
39;Birmingham Perry Barr;7;Birmingham North;76350;1100;1900;300;2000;1500;000;3300;000
40;Birmingham Selly Oak;7;Birmingham South;75678;1100;2700;600;3000;1200;000;800;600
41;Birmingham Yardley;7;Birmingham South;73203;900;1900;600;3100;1100;000;700;1700
42;Bishop Auckland;3;County Durham;70745;1200;2100;600;4700;700;000;500;300
43;Blackburn;4;Lancashire East;73259;1000;1400;300;2600;1200;000;3500;000
44;Blackley and Middleton South;4;Manchester North East;72097;800;2500;500;3700;1400;000;700;400
45;Blackpool North and Fleetwood;4;Lancashire West;73339;1800;1800;700;4700;400;000;300;200
46;Blackpool South;4;Lancashire West;77459;800;2100;500;5000;700;000;500;300
47;Blaydon and Consett;3;County Durham;70487;900;2600;700;4200;800;000;700;200
48;Blyth and Ashington;3;Northumberland;76263;900;2400;600;4600;700;000;700;200
49;Bognor Regis and Littlehampton;12;South Coast;77565;2200;1400;1000;4300;600;000;200;200
50;Bolsover;8;Derbyshire North;77207;1100;1900;500;4900;900;000;500;200
51;Bolton North East;4;Manchester North West;80011;1100;1900;500;4200;1100;000;600;500
52;Bolton South and Walkden;4;Manchester North West;79622;700;2000;400;4100;1000;000;900;800
53;Bolton West;4;Manchester North West;74933;1900;2000;800;3900;800;000;400;200
54;Bootle;4;Merseyside East and Liverpool;73037;600;3200;600;3100;1300;000;900;400
55;Boston and Skegness;8;Lincolnshire South;75811;1800;800;500;6100;500;000;200;200
56;Bournemouth East;10;Bournemouth;72354;1600;2500;800;3400;900;000;400;300
57;Bournemouth West;10;Bournemouth;70259;1900;2000;1100;3800;700;000;300;200
58;Bracknell;12;Berkshire;71656;2200;1800;1200;3700;600;000;300;200
59;Bradford East;5;Bradford;75167;900;1900;500;2700;1500;000;2500;000
60;Bradford South;5;Bradford;71002;900;1700;400;4200;1100;000;800;800
61;Bradford West;5;Bradford;77897;900;1500;300;1900;1900;000;3500;000
62;Braintree;9;Essex North;77781;2400;1400;700;4400;700;000;300;200
63;Brent East;11;Brent Harrow Barnet;77257;1400;2900;600;1800;1600;000;700;1000
64;Brent West;11;Brent Harrow Barnet;79937;1900;2500;500;2400;1300;000;700;800
65;Brentford and Isleworth;11;South West London;79283;1500;2600;800;2400;1300;000;700;700
66;Brentwood and Ongar;9;Essex South West;75352;2500;1300;1100;4200;600;000;200;200
67;Bridgwater;10;Somerset West and Barnstaple;71571;2000;1400;1400;4400;500;000;200;200
68;Bridlington and the Wolds;5;East Yorkshire;72931;2100;1200;800;4800;600;000;300;300
69;Brigg and Immingham;5;Lincolnshire North;74297;2200;1300;600;4900;600;000;300;200
70;Brighton Kemptown and Peacehaven;12;South Coast;68784;1300;2700;900;2100;1700;000;900;400
71;Brighton Pavilion;12;South Coast;74786;800;2000;500;1100;4200;000;1100;200
72;Bristol Central;10;Avon North;62735;500;2300;500;800;4600;000;1100;200
73;Bristol East;10;Avon South;75917;1200;2600;700;1600;2700;000;800;400
74;Bristol North East;10;Avon North;70076;1100;2700;600;2900;1600;000;800;400
75;Bristol North West;10;Avon North;74869;1100;3100;1000;2300;1500;000;800;200
76;Bristol South;10;Avon South;75533;800;2500;700;3000;1900;000;900;200
77;Broadland and Fakenham;9;Norfolk North;76859;2300;1800;1200;3700;600;000;200;200
78;Bromley and Biggin Hill;11;Bexley and Bromley;70713;2500;2000;1100;3400;600;000;300;200
79;Bromsgrove;7;Worcestershire;76468;2300;1500;1200;3800;600;000;200;300
80;Broxbourne;9;Hertfordshire East;75187;2400;1500;700;4300;700;000;200;200
81;Broxtowe;8;Nottinghamshire South;71923;1200;2300;800;3800;1000;000;600;300
82;Buckingham and Bletchley;12;Buckinghamshire North;74832;1800;2300;900;3500;800;000;300;300
83;Buckinghamshire Mid;12;Buckinghamshire South;75415;2700;1100;2000;3000;700;000;300;200
84;Burnley;4;Lancashire East;74951;1100;1800;1300;4100;800;000;700;300
85;Burton and Uttoxeter;7;Staffordshire South;77994;2200;1700;600;4200;700;000;300;400
86;Bury North;4;Manchester North East;77703;1500;2300;600;3800;800;000;500;500
87;Bury South;4;Manchester North East;75339;1100;2300;600;3800;1000;000;700;400
88;Bury St Edmunds and Stowmarket;9;Suffolk West and Ipswich;77599;2200;1800;800;3600;1000;000;400;300
89;Calder Valley;5;Huddersfield and Halifax;77364;1300;2500;700;3600;1000;000;600;200
90;Camborne and Redruth;10;Cornwall;74402;1400;2400;900;3900;800;000;400;300
91;Cambridge;9;Cambridgeshire South;70315;1000;3000;1400;1300;2100;000;700;400
92;Cambridgeshire North East;9;Cambridgeshire North;71511;2500;1000;700;4800;500;000;200;300
93;Cambridgeshire North West;9;Cambridgeshire North;75915;2200;1700;800;4000;800;000;300;200
94;Cambridgeshire South;9;Cambridgeshire South;77327;1600;1300;3100;2600;900;000;400;200
95;Cannock Chase;7;Staffordshire South;76974;1900;1600;500;4900;600;000;300;200
96;Canterbury;12;Kent East;71171;1400;2700;900;3100;1200;000;500;200
97;Carlisle;4;Cumbria;77863;1800;1900;900;4300;500;000;400;200
98;Carshalton and Wallington;11;Wimbledon and Sutton;74362;1300;1300;2500;3500;800;000;300;300
99;Castle Point;9;Essex South East;70967;2300;1100;500;5200;500;000;200;200
100;Chatham and Aylesford;12;Medway and Maidstone;75109;1900;1600;600;4500;700;000;300;300
101;Cheadle;4;Manchester East;74383;1200;1400;3100;2700;900;000;500;200
102;Chelmsford;9;Essex South East;76972;2100;1000;2800;3200;500;000;200;200
103;Chelsea and Fulham;11;West London;78468;2300;2600;900;2300;1100;000;500;300
104;Cheltenham;10;Gloucestershire;76143;1900;900;3300;2300;1000;000;300;200
105;Chesham and Amersham;12;Buckinghamshire South;74889;2500;800;3100;2600;500;000;200;200
106;Cheshire Mid;4;Cheshire;70384;1200;2400;800;4100;800;000;500;300
107;Chester North and Neston;4;Wirral and Chester North;70215;1400;2800;700;3100;1000;000;800;200
108;Chester South and Eddisbury;4;Cheshire;74284;2500;1800;1300;3200;500;000;300;200
109;Chesterfield;8;Derbyshire North;71654;1100;2400;700;4100;800;000;700;200
110;Chichester;12;Sussex West;78374;1900;700;3300;3200;500;000;200;100
111;Chingford and Woodford Green;11;Lea Valley;75178;2100;1800;500;3000;800;000;1700;000
112;Chippenham;10;Swindon and Chippenham;73876;2000;800;3200;3100;500;000;200;200
113;Chipping Barnet;11;Brent Harrow Barnet;78038;2200;2700;700;2600;1100;000;400;300
114;Chorley;4;Lancashire South;74575;600;3300;600;2600;1500;000;800;600
115;Christchurch;10;Bournemouth;71064;2500;1000;1500;3900;500;000;200;300
116;Cities of London and Westminster;11;Central London;73369;2000;2500;1000;2000;1200;000;800;400
117;Clacton;9;Essex North;78703;1800;800;500;6100;400;000;200;200
118;Clapham and Brixton Hill;11;Lambeth and Wandsworth;74435;900;3600;1100;1300;2000;000;900;300
119;Colchester;9;Essex North;78662;1300;2500;1100;3500;900;000;400;200
120;Colne Valley;5;Huddersfield and Halifax;72638;1600;2400;700;3600;1000;000;500;200
121;Congleton;4;Cheshire;74243;2000;1900;900;3700;700;000;400;300
122;Corby and East Northamptonshire;8;Northamptonshire;78787;1900;2000;800;4100;600;000;400;200
123;Cornwall North;10;Cornwall;76832;1800;700;3300;3600;400;000;200;100
124;Cornwall South East;10;Cornwall;72728;2000;1900;1600;3700;500;000;200;200
125;Cotswolds North;10;Gloucestershire;72513;2500;1200;2300;3000;600;000;200;200
126;Cotswolds South;10;Swindon and Chippenham;71971;2400;800;3300;2700;400;000;200;200
127;Coventry East;7;Coventry and Meriden;75801;1100;2600;400;3700;900;000;600;600
128;Coventry North West;7;Coventry and Meriden;75057;1200;2600;600;3800;1000;000;400;400
129;Coventry South;7;Coventry and Meriden;76262;1300;2800;600;3200;1000;000;500;500
130;Cramlington and Killingworth;3;Northumberland;76228;1100;2500;600;4000;700;000;700;300
131;Crawley;12;Sussex West;75569;1900;2000;700;3800;700;000;400;500
132;Crewe and Nantwich;4;Cheshire;78423;1200;2300;700;4200;800;000;500;300
133;Croydon East;11;Croydon;76660;1700;2700;700;3000;1000;000;600;300
134;Croydon South;11;Croydon;74968;2900;2200;1000;2600;700;000;300;300
135;Croydon West;11;Croydon;77942;1300;3200;600;2000;1700;000;600;600
136;Dagenham and Rainham;11;Dagenham and Redbridge;76478;1000;2300;400;4300;1100;000;400;500
137;Darlington;3;Teesside;70763;1600;2100;600;4100;800;000;500;200
138;Dartford;12;Kent West;75426;2100;1700;600;4200;900;000;300;300
139;Daventry;8;Northamptonshire;80879;2100;1400;1200;4100;700;000;400;200
140;Derby North;8;Derbyshire South;71900;1100;2400;600;3900;1100;000;700;300
141;Derby South;8;Derbyshire South;72952;900;1900;500;4100;900;000;900;800
142;Derbyshire Dales;8;Derbyshire North;73317;2300;1900;1200;3500;600;000;400;200
143;Derbyshire Mid;8;Derbyshire South;69281;2100;2000;900;3700;700;000;400;200
144;Derbyshire North East;8;Derbyshire North;73139;2000;1900;800;4200;500;000;400;200
145;Derbyshire South;8;Derbyshire South;73714;1900;1800;700;4200;700;000;400;300
146;Devon Central;10;Devon Central and East;75385;2300;1900;1600;3200;600;000;300;200
147;Devon North;10;Somerset West and Barnstaple;79079;1900;700;3000;3600;500;000;200;200
148;Devon South;10;Devon South;70755;2200;700;3200;3100;400;000;200;100
149;Devon South West;10;Devon South;77600;2400;1700;1100;3700;700;000;300;200
150;Dewsbury and Batley;5;Wakefield and Dewsbury;71685;900;1300;400;3100;1100;000;3200;000
151;Didcot and Wantage;12;Oxfordshire;80689;1700;1300;2700;3000;800;000;300;200
152;Doncaster Central;5;Doncaster and Rotherham;74678;1100;2100;500;4500;700;000;700;300
153;Doncaster East and the Isle of Axholme;5;Doncaster and Rotherham;70154;1900;1700;700;4800;400;000;300;200
154;Doncaster North;5;Doncaster and Rotherham;69759;1100;2300;600;3800;800;000;800;600
155;Dorking and Horley;12;Surrey East;71850;2200;800;3100;3000;500;000;200;100
156;Dorset Mid and North Poole;10;Dorset;75294;2600;800;2900;2600;600;000;200;200
157;Dorset North;10;Dorset;72690;2500;700;2200;3600;600;000;200;200
158;Dorset South;10;Dorset;75924;2100;1800;1500;3700;500;000;200;200
159;Dorset West;10;Dorset;75998;2500;800;3700;2200;500;000;200;200
160;Dover and Deal;12;Kent East;76406;1700;2000;800;4300;600;000;300;300
161;Droitwich and Evesham;7;Worcestershire;76624;2700;1200;1000;4000;700;000;200;200
162;Dudley;7;Black Country;70151;1800;1500;500;5000;600;000;300;400
163;Dulwich and West Norwood;11;Lambeth and Wandsworth;74265;800;3800;800;1200;2100;000;900;300
164;Dunstable and Leighton Buzzard;9;Bedfordshire;76742;2200;1800;1300;3800;500;000;200;200
165;Durham North;3;County Durham;73235;900;2100;900;4400;700;000;700;300
166;Durham, City of;3;County Durham;70582;800;2600;1100;3500;900;000;800;200
167;Ealing Central and Acton;11;West London;78436;1500;2900;1100;1600;1800;000;700;500
168;Ealing North;11;Southall;74820;1300;2900;600;2400;1300;000;800;800
169;Ealing Southall;11;Southall;78669;1300;2700;500;1700;1800;000;600;1300
170;Earley and Woodley;12;Berkshire;73548;2200;2500;1100;2400;1100;000;400;300
171;Easington;3;County Durham;69411;900;2100;500;4800;700;000;500;400
172;East Grinstead and Uckfield;12;Sussex East;75385;2700;1300;1800;2400;1000;000;300;400
173;East Ham;11;Lea Valley;79086;1000;2600;300;1400;2000;000;2700;000
174;Eastbourne;12;Sussex East;72592;1300;900;3100;3500;700;000;300;200
175;Eastleigh;12;Southampton;69965;1700;1300;2300;3400;800;000;300;200
176;Edmonton and Winchmore Hill;11;Enfield and Haringey;75792;1400;3100;700;2300;1100;000;800;700
177;Ellesmere Port and Bromborough;4;Wirral and Chester North;70799;800;2900;700;3600;800;000;800;200
178;Eltham and Chislehurst;11;Bexley and Bromley;74224;1500;2700;700;3400;1000;000;500;400
179;Ely and East Cambridgeshire;9;Cambridgeshire South;79112;2200;1300;2500;3100;500;000;200;200
180;Enfield North;11;Enfield and Haringey;78770;1400;3000;700;2600;1100;000;700;500
181;Epping Forest;9;Essex South West;72229;2800;1500;1100;3100;800;000;300;500
182;Epsom and Ewell;12;Surrey East;77530;1900;1400;2500;2900;700;000;300;300
183;Erewash;8;Derbyshire South;71497;1600;1900;800;4400;600;000;400;200
184;Erith and Thamesmead;11;Bexley and Bromley;78886;900;3300;500;3000;1100;000;700;500
185;Esher and Walton;12;Runnymede;74042;1900;900;3500;2500;700;000;300;200
186;Essex North West;9;Essex North;79824;2500;1700;1100;3400;700;000;300;300
187;Exeter;10;Devon Central and East;67840;1100;2800;900;2800;1400;000;800;300
188;Exmouth and Exeter East;10;Devon Central and East;79983;1600;1900;1600;3600;700;000;300;200
189;Fareham and Waterlooville;12;Portsmouth;77691;2400;1300;1500;3800;600;000;200;200
190;Farnham and Bordon;12;Surrey West and Aldershot;75918;2500;1100;2600;2900;500;000;200;100
191;Faversham and Mid Kent;12;Medway and Maidstone;74301;2200;1500;900;4100;800;000;300;200
192;Feltham and Heston;11;South West London;76983;1300;2300;400;3200;1100;000;700;1100
193;Filton and Bradley Stoke;10;Avon North;77584;1500;2800;800;3200;1000;000;400;200
194;Finchley and Golders Green;11;Brent Harrow Barnet;77500;2100;2800;800;2200;1200;000;600;400
195;Folkestone and Hythe;12;Kent South;70056;1800;1800;700;4400;700;000;300;200
196;Forest of Dean;10;Gloucestershire;72052;2400;1900;900;3800;700;000;300;200
197;Frome and East Somerset;10;Somerset East and Weston;70378;1400;1200;2400;3300;1100;000;400;200
198;Fylde;4;Lancashire West;77100;2100;1600;800;4100;600;000;400;500
199;Gainsborough;8;Lincolnshire North;75836;2200;1300;1000;4400;600;000;300;200
200;Gateshead Central and Whickham;3;Tyne and Wear South;69823;700;2400;1000;3900;900;000;900;300
201;Gedling;8;Nottinghamshire South;77006;1200;2600;700;3700;900;000;600;200
202;Gillingham and Rainham;12;Medway and Maidstone;73523;2000;1800;700;4200;700;000;300;300
203;Glastonbury and Somerton;10;Somerset East and Weston;72982;2000;700;3000;3400;500;000;200;100
204;Gloucester;10;Gloucestershire;79475;2000;1900;1000;3800;600;000;300;300
205;Godalming and Ash;12;Surrey West and Aldershot;74168;3000;600;3100;2600;400;000;200;100
206;Goole and Pocklington;5;East Yorkshire;78287;2300;1500;900;4100;700;000;400;200
207;Gorton and Denton;4;Manchester East;78125;800;2400;400;2800;1700;000;900;900
208;Gosport;12;Portsmouth;73261;2600;1300;900;4100;600;000;200;200
209;Grantham and Bourne;8;Lincolnshire South;73280;2200;1200;700;4400;700;000;400;400
210;Gravesham;12;Kent West;73088;2100;1800;600;4300;700;000;300;300
211;Great Grimsby and Cleethorpes;5;Lincolnshire North;78875;1300;1700;600;5300;500;000;400;200
212;Great Yarmouth;9;Norfolk North;73317;1700;1400;500;5400;500;000;300;300
213;Greenwich and Woolwich;11;South East London;73573;1000;3300;800;1800;1900;000;800;400
214;Guildford;12;Surrey West and Aldershot;70734;1700;1100;3100;2700;900;000;300;200
215;Hackney North and Stoke Newington;11;Hackney and Tower Hamlets;77797;800;3300;500;1300;2500;000;1100;500
216;Hackney South and Shoreditch;11;Hackney and Tower Hamlets;78262;600;3400;500;1200;2600;000;1100;500
217;Halesowen;7;Black Country;68549;1900;1800;600;4300;700;000;300;300
218;Halifax;5;Huddersfield and Halifax;77516;1200;1800;600;3900;1100;000;800;600
219;Hamble Valley;12;Southampton;80537;2500;1100;2000;3400;600;000;200;200
220;Hammersmith and Chiswick;11;West London;75860;1300;3300;900;1700;1300;000;900;400
221;Hampshire East;12;Hampshire;71965;2600;900;2400;3000;700;000;200;200
222;Hampshire North East;12;Hampshire;76975;2700;800;2700;2800;600;000;200;200
223;Hampshire North West;12;Hampshire;78629;2400;1600;1300;3500;700;000;300;200
224;Hampstead and Highgate;11;Central London;80029;1500;2900;1100;1400;1900;000;800;400
225;Harborough, Oadby and Wigston;8;Leicestershire East and Rutland;77407;2300;1800;1100;3400;900;000;400;200
226;Harlow;9;Essex South West;74683;2100;1700;600;4400;700;000;300;300
227;Harpenden and Berkhamsted;9;Hertfordshire West;72242;1900;1000;3500;2400;700;000;300;200
228;Harrogate and Knaresborough;5;York;77970;1500;900;3100;3200;700;000;400;200
229;Harrow East;11;Brent Harrow Barnet;76386;3600;1700;500;2700;800;000;300;600
230;Harrow West;11;Brent Harrow Barnet;79902;1800;2600;500;2200;1200;000;700;900
231;Hartlepool;3;County Durham;71437;1100;2100;500;4900;500;000;600;300
232;Harwich and North Essex;9;Essex North;76579;2400;1800;1000;3900;500;000;200;200
233;Hastings and Rye;12;Sussex East;75939;1400;2400;700;3600;1200;000;500;300
234;Havant;12;Portsmouth;72346;2000;1500;800;4400;700;000;300;200
235;Hayes and Harlington;11;Southall;74405;1300;2800;400;2900;1100;000;700;800
236;Hazel Grove;4;Manchester East;72843;1000;1600;2500;3500;800;000;500;200
237;Hemel Hempstead;9;Hertfordshire West;71038;1900;2100;1200;3600;600;000;300;200
238;Hendon;11;Brent Harrow Barnet;74865;2100;2300;600;2600;1200;000;500;600
239;Henley and Thame;12;Oxfordshire;73749;2400;800;3400;2600;500;000;200;200
240;Hereford and South Herefordshire;7;English Marches;72203;2200;1500;1100;4000;700;000;300;200
241;Herefordshire North;7;English Marches;72797;2200;600;600;3400;2600;000;500;200
242;Herne Bay and Sandwich;12;Kent East;77841;2400;1500;700;4200;700;000;200;200
243;Hertford and Stortford;9;Hertfordshire East;78915;2200;2300;1100;3200;800;000;300;200
244;Hertfordshire North East;9;Hertfordshire East;77090;2300;2000;1200;3300;700;000;300;200
245;Hertfordshire South West;9;Hertfordshire West;71353;2000;1500;1700;3400;800;000;300;300
246;Hertsmere;9;Hertfordshire West;73518;3000;1500;800;3400;700;000;300;300
247;Hexham;3;Northumberland;76431;2500;2500;1000;2600;600;000;400;300
248;Heywood and Middleton North;4;Manchester North East;74786;1000;2000;600;4500;500;000;700;600
249;High Peak;8;Derbyshire North;74385;1500;2600;700;3600;900;000;600;200
250;Hinckley and Bosworth;8;Leicestershire West;76431;2000;1000;1700;4200;600;000;300;200
251;Hitchin;9;Hertfordshire East;75080;1700;2800;1000;3100;800;000;400;200
252;Holborn and St Pancras;11;Central London;71300;800;2900;500;1600;1900;000;1000;1400
253;Honiton and Sidmouth;10;Devon Central and East;75537;2300;700;3100;3200;400;000;200;200
254;Hornchurch and Upminster;11;Dagenham and Redbridge;75438;2100;1400;600;4800;600;000;200;300
255;Hornsey and Friern Barnet;11;Enfield and Haringey;69885;800;3800;1200;1100;2000;000;800;300
256;Horsham;12;Sussex West;79150;2400;900;2900;2900;500;000;200;200
257;Houghton and Sunderland South;3;Tyne and Wear South;78448;800;2200;600;4900;600;000;700;200
258;Hove and Portslade;12;South Coast;74063;1200;3100;800;1900;1800;000;700;400
259;Huddersfield;5;Huddersfield and Halifax;77795;1000;2000;500;3000;2000;000;1100;300
260;Hull East;5;East Yorkshire;70650;600;1800;700;5200;700;000;800;200
261;Hull North and Cottingham;5;East Yorkshire;75280;800;2400;800;4000;900;000;900;300
262;Hull West and Haltemprice;5;East Yorkshire;73252;900;2200;700;4600;800;000;600;300
263;Huntingdon;9;Cambridgeshire North;79074;2500;1900;1100;3500;600;000;300;200
264;Hyndburn;4;Lancashire East;76126;1400;1700;500;4500;1200;000;500;300
265;Ilford North;11;Dagenham and Redbridge;77835;1500;2000;300;2300;1100;000;2700;000
266;Ilford South;11;Dagenham and Redbridge;80993;1400;2100;300;1700;1800;000;2800;000
267;Ipswich;9;Suffolk West and Ipswich;76319;1400;2400;700;3700;1000;000;500;300
268;Isle of Wight East;12;Isle of Wight and the New Forest;55855;2100;1100;1000;4100;1100;000;300;200
269;Isle of Wight West;12;Isle of Wight and the New Forest;55406;2100;2100;1000;3800;600;000;300;200
270;Islington North;11;Central London;72582;600;2300;500;1400;1700;000;3500;000
271;Islington South and Finsbury;11;Central London;74122;800;3200;800;1600;2200;000;900;500
272;Jarrow and Gateshead East;3;Tyne and Wear South;70272;800;2300;600;4500;900;000;600;300
273;Keighley and Ilkley;5;Bradford;74367;2100;2000;500;3500;900;000;500;400
274;Kenilworth and Southam;7;Warwickshire;74923;2700;1600;1800;2900;600;000;200;200
275;Kensington and Bayswater;11;West London;77306;2200;2600;900;2000;1100;000;800;500
276;Kettering;8;Northamptonshire;79390;1800;1700;600;3900;1200;000;600;300
277;Kingston and Surbiton;11;South West London;77340;1200;1400;3200;2300;1100;000;500;300
278;Kingswinford and South Staffordshire;7;Staffordshire South;71662;2700;1300;700;4300;500;000;200;300
279;Knowsley;4;Merseyside East and Warrington;72087;600;3000;500;3600;1100;000;800;400
280;Lancashire West;4;Lancashire South;74083;1200;2600;700;3700;800;000;700;200
281;Lancaster and Wyre;4;Lancashire West;74760;1200;2500;600;3600;1200;000;600;200
282;Leeds Central and Headingley;5;Leeds;70554;600;2600;700;2000;2500;000;1200;400
283;Leeds East;5;Leeds;76207;1000;2300;500;3900;1000;000;900;400
284;Leeds North East;5;Leeds;70178;1300;2900;600;1900;1900;000;900;600
285;Leeds North West;5;Leeds;71592;1200;2800;1200;3000;1000;000;600;300
286;Leeds South;5;Leeds;75953;1000;2400;500;2500;1900;000;1000;700
287;Leeds South West and Morley;5;Leeds;71854;1100;2200;600;4300;900;000;600;300
288;Leeds West and Pudsey;5;Leeds;70069;1000;2500;600;3500;1100;000;1000;300
289;Leicester East;8;Leicestershire East and Rutland;76560;1500;1200;500;2700;1300;000;1000;1800
290;Leicester South;8;Leicestershire East and Rutland;70867;900;1800;400;1800;1900;000;3300;000
291;Leicester West;8;Leicestershire East and Rutland;74102;1000;2200;600;3500;1300;000;1000;400
292;Leicestershire Mid;8;Leicestershire West;75933;2200;1500;700;4100;900;000;400;200
293;Leicestershire North West;8;Leicestershire West;77757;2000;1600;600;4300;800;000;400;300
294;Leicestershire South;8;Leicestershire West;78543;2200;1300;1200;4100;700;000;300;200
295;Leigh and Atherton;4;Manchester North West;79761;800;2300;600;4900;700;000;500;300
296;Lewes;12;Sussex East;76166;1500;1000;3300;3100;700;000;300;200
297;Lewisham East;11;South East London;73376;900;3500;600;2100;1700;000;700;500
298;Lewisham North;11;South East London;74204;600;3600;600;1300;2500;000;1000;400
299;Lewisham West and East Dulwich;11;South East London;70099;800;3800;800;1300;2200;000;800;300
300;Leyton and Wanstead;11;Lea Valley;73366;1100;2900;600;1500;2100;000;800;1000
301;Lichfield;7;Staffordshire South;76118;2400;1800;900;3900;500;000;200;200
302;Lincoln;8;Lincolnshire North;72313;1100;2300;700;4100;900;000;600;300
303;Liverpool Garston;4;Merseyside East and Warrington;69282;800;3100;800;2700;1200;000;800;600
304;Liverpool Riverside;4;Merseyside East and Liverpool;71380;500;2800;500;2400;2000;000;1300;500
305;Liverpool Walton;4;Merseyside East and Liverpool;69317;500;3200;500;3400;1100;000;800;400
306;Liverpool Wavertree;4;Merseyside East and Liverpool;70581;600;3100;700;2100;2000;000;1100;500
307;Liverpool West Derby;4;Merseyside East and Liverpool;69934;600;3200;600;3200;1100;000;800;600
308;Loughborough;8;Leicestershire West;68996;1500;2300;700;3700;1000;000;600;200
309;Louth and Horncastle;8;Lincolnshire South;76882;2200;1000;700;5000;600;000;300;300
310;Lowestoft;9;Suffolk East;74332;2000;1600;600;4600;700;000;300;200
311;Luton North;9;Bedfordshire;74866;1400;2300;500;2900;1000;000;600;1400
312;Luton South and South Bedfordshire;9;Bedfordshire;76970;1300;2000;600;3100;1100;000;1900;000
313;Macclesfield;4;Cheshire;76416;1600;2700;800;3200;800;000;500;200
314;Maidenhead;12;Buckinghamshire South;75687;2700;1100;3100;2000;600;000;300;200
315;Maidstone and Malling;12;Medway and Maidstone;76449;2100;1600;1300;3900;700;000;300;200
316;Makerfield;4;Lancashire South;76845;700;2200;700;5000;600;000;600;300
317;Maldon;9;Essex South East;78281;2600;1100;1000;4400;500;000;200;200
318;Manchester Central;4;Manchester Central and Trafford;85049;600;2400;600;2500;2100;000;1100;600
319;Manchester Rusholme;4;Manchester Central and Trafford;72604;500;2500;300;1500;2800;000;1400;1100
320;Manchester Withington;4;Manchester Central and Trafford;70549;600;3000;1000;1300;2500;000;1200;400
321;Mansfield;8;Nottinghamshire North;73817;1600;1500;500;5000;600;000;400;300
322;Melksham and Devizes;10;Wiltshire South;71999;2300;800;2900;3100;500;000;200;100
323;Melton and Syston;8;Leicestershire East and Rutland;74316;2300;1300;700;4300;900;000;400;300
324;Meriden and Solihull East;7;Coventry and Meriden;73659;2600;1500;800;3900;700;000;300;200
325;Middlesbrough and Thornaby East;3;Teesside;75123;1000;2100;500;4300;800;000;800;500
326;Middlesbrough South and East Cleveland;3;Teesside;70328;2400;2000;900;3500;500;000;400;300
327;Milton Keynes Central;12;Buckinghamshire North;81078;1500;2700;900;3100;1100;000;500;300
328;Milton Keynes North;12;Buckinghamshire North;70709;1800;2600;800;3300;900;000;400;200
329;Mitcham and Morden;11;Wimbledon and Sutton;77272;1300;3200;700;2200;1500;000;600;600
330;Morecambe and Lunesdale;4;Lancashire West;76424;1900;2100;1300;3700;500;000;400;200
331;New Forest East;12;Isle of Wight and the New Forest;70618;2600;1100;1300;3800;700;000;200;200
332;New Forest West;12;Isle of Wight and the New Forest;68644;2500;1400;1400;3600;700;000;200;200
333;Newark;8;Nottinghamshire North;80028;2400;1600;800;3900;700;000;400;200
334;Newbury;12;Berkshire;71986;2400;800;3000;2900;600;000;200;100
335;Newcastle upon Tyne Central and West;3;Tyne and Wear North;76969;900;2200;500;3500;1300;000;800;800
336;Newcastle upon Tyne East and Wallsend;3;Tyne and Wear North;76421;700;2400;600;3500;1500;000;900;400
337;Newcastle upon Tyne North;3;Tyne and Wear North;75146;900;2900;1100;2700;1200;000;1000;200
338;Newcastle-under-Lyme;7;Staffordshire North;67839;1900;2100;800;4300;500;000;300;200
339;Newton Abbot;10;Devon Central and East;73885;1900;1100;2400;3700;500;000;200;200
340;Newton Aycliffe and Spennymoor;3;County Durham;72224;900;2300;600;4700;700;000;500;300
341;Norfolk Mid;9;Norfolk South;75238;2400;1500;800;4300;700;000;200;200
342;Norfolk North;9;Norfolk North;71438;2200;700;2900;3600;400;000;200;100
343;Norfolk North West;9;Norfolk North;74415;2400;1200;1100;4200;600;000;200;200
344;Norfolk South;9;Norfolk South;74135;2200;2100;1300;3300;700;000;300;200
345;Norfolk South West;9;Norfolk South;74724;1800;1300;700;4700;600;000;300;600
346;Normanton and Hemsworth;5;Wakefield and Dewsbury;75645;800;2100;500;5100;700;000;600;200
347;Northampton North;8;Northamptonshire;75575;1100;2300;600;3900;1000;000;700;400
348;Northampton South;8;Northamptonshire;70393;1800;2000;900;3900;700;000;400;200
349;Northamptonshire South;8;Northamptonshire;78233;2300;1500;1000;3800;800;000;400;300
350;Northumberland North;3;Northumberland;74132;1700;2000;1300;3800;500;000;400;300
351;Norwich North;9;Norfolk North;73721;1300;2600;700;3800;1000;000;500;300
352;Norwich South;9;Norfolk South;76381;900;2900;800;2500;1600;000;1000;300
353;Nottingham East;8;Nottinghamshire South;69395;900;2800;500;2200;1900;000;1000;700
354;Nottingham North and Kimberley;8;Nottinghamshire South;73768;1000;2300;500;4000;1000;000;900;300
355;Nottingham South;8;Nottinghamshire South;64255;900;2500;600;3300;1200;000;1000;500
356;Nuneaton;7;Warwickshire;71662;2000;1700;600;4400;800;000;300;300
357;Old Bexley and Sidcup;11;Bexley and Bromley;72290;2500;1600;600;4200;700;000;200;200
358;Oldham East and Saddleworth;4;Manchester North East;72760;1100;1900;800;3900;800;000;700;800
359;Oldham West, Chadderton and Royton;4;Manchester North East;73178;800;1800;400;3700;900;000;2400;000
360;Orpington;11;Bexley and Bromley;71203;2600;1500;1000;3800;700;000;200;200
361;Ossett and Denby Dale;5;Wakefield and Dewsbury;72312;1800;1900;800;4300;600;000;400;200
362;Oxford East;12;Oxfordshire;71845;1100;3000;800;1600;1800;000;700;900
363;Oxford West and Abingdon;12;Oxfordshire;71318;1200;1400;3300;2200;1000;000;500;200
364;Peckham;11;South East London;72123;600;3600;600;1500;2200;000;900;600
365;Pendle and Clitheroe;4;Lancashire East;78796;2100;1700;800;4000;500;000;400;500
366;Penistone and Stocksbridge;5;Barnsley and Sheffield West;70770;1200;2300;700;4400;700;000;500;200
367;Penrith and Solway;4;Cumbria;77935;1900;2100;1200;3800;500;000;400;200
368;Peterborough;9;Cambridgeshire North;73378;1700;1800;500;3800;900;000;400;800
369;Plymouth Moor View;10;Devon South;74724;1800;1800;600;4600;600;000;300;200
370;Plymouth Sutton and Devonport;10;Devon South;75313;1100;2800;700;3400;900;000;700;300
371;Pontefract, Castleford and Knottingley;5;Wakefield and Dewsbury;74618;800;2100;500;5100;600;000;600;200
372;Poole;10;Bournemouth;72509;2200;1800;1300;3700;500;000;300;200
373;Poplar and Limehouse;11;Hackney and Tower Hamlets;84469;1100;2400;600;1500;2300;000;900;1200
374;Portsmouth North;12;Portsmouth;70446;2100;1700;800;4200;700;000;300;200
375;Portsmouth South;12;Portsmouth;73711;1000;2900;1000;3100;1100;000;700;300
376;Preston;4;Lancashire West;77400;800;1900;700;3500;1000;000;1000;1200
377;Putney;11;Lambeth and Wandsworth;72614;1700;3200;1200;1700;1200;000;800;300
378;Queen's Park and Maida Vale;11;West London;75558;1200;3000;700;1600;1900;000;800;700
379;Rawmarsh and Conisbrough;5;Doncaster and Rotherham;69132;800;2200;500;5000;600;000;700;300
380;Rayleigh and Wickford;9;Essex South East;76576;2400;1200;800;4600;500;000;200;200
381;Reading Central;12;Berkshire;73600;1400;3000;900;2100;1600;000;800;300
382;Reading West and Mid Berkshire;12;Berkshire;68786;2400;2100;1300;3100;700;000;300;200
383;Redcar;3;Teesside;70241;1300;2000;600;4900;600;000;400;200
384;Redditch;7;Worcestershire;71038;2200;1700;700;4200;600;000;300;300
385;Reigate;12;Surrey East;77101;2600;1800;1400;3000;800;000;300;200
386;Ribble Valley;4;Lancashire West;80484;2200;1700;1000;3800;600;000;400;300
387;Richmond and Northallerton;5;North Yorkshire;73888;2900;1200;1000;3900;600;000;300;200
388;Richmond Park;11;South West London;68103;1500;1300;3900;1600;1000;000;500;200
389;Rochdale;4;Manchester North East;71264;800;1800;600;3500;900;000;900;1400
390;Rochester and Strood;12;Medway and Maidstone;74257;1900;1700;600;4500;700;000;300;300
391;Romford;11;Dagenham and Redbridge;72978;2300;1500;600;4300;700;000;300;300
392;Romsey and Southampton North;12;Southampton;71871;2700;900;2600;2900;500;000;200;100
393;Rossendale and Darwen;4;Lancashire East;74440;1800;2000;700;4300;600;000;400;200
394;Rother Valley;5;Doncaster and Rotherham;69460;1500;1900;500;4800;600;000;400;200
395;Rotherham;5;Doncaster and Rotherham;75929;300;2100;600;4700;900;000;900;600
396;Rugby;7;Warwickshire;74901;2200;2200;900;3700;600;000;300;200
397;Ruislip, Northwood and Pinner;11;Southall;71683;3200;1800;900;2800;800;000;300;200
398;Runcorn and Helsby;4;Cheshire;71955;1100;2700;700;3700;800;000;800;300
399;Runnymede and Weybridge;12;Runnymede;73610;2700;1300;1900;3200;500;000;200;200
400;Rushcliffe;8;Nottinghamshire South;79160;1700;2700;800;2900;1000;000;600;200
401;Rutland and Stamford;8;Leicestershire East and Rutland;71711;2700;1200;1200;3600;700;000;300;200
402;Salford;4;Manchester North West;83633;700;2500;600;3000;1800;000;1000;400
403;Salisbury;10;Wiltshire South;71553;2500;1700;2000;2900;500;000;200;200
404;Scarborough and Whitby;5;North Yorkshire;74558;1800;1900;800;4400;500;000;400;200
405;Scunthorpe;5;Lincolnshire North;74263;1800;1700;600;4800;500;000;400;300
406;Sefton Central;4;Merseyside East and Liverpool;74282;1200;3200;900;3000;800;000;700;200
407;Selby;5;York;78055;1700;2200;800;4100;600;000;400;200
408;Sevenoaks;12;Kent West;73708;2500;900;1900;3700;600;000;200;200
409;Sheffield Brightside and Hillsborough;5;Sheffield;70453;1000;2300;500;2600;1700;000;1000;900
410;Sheffield Central;5;Sheffield;60777;600;2800;600;1200;2900;000;1400;500
411;Sheffield Hallam;5;Barnsley and Sheffield West;73033;1000;3100;2200;1300;1400;000;700;200
412;Sheffield Heeley;5;Sheffield;73359;1000;2700;900;2300;1700;000;1000;500
413;Sheffield South East;5;Sheffield;74194;1000;2500;800;3100;1000;000;900;600
414;Sherwood Forest;8;Nottinghamshire North;78894;1700;1700;600;4600;700;000;400;300
415;Shipley;5;Bradford;74130;1500;2600;600;3400;1000;000;600;300
416;Shrewsbury;7;English Marches;76633;1400;2700;1200;3400;700;000;400;200
417;Shropshire North;7;English Marches;77594;1700;700;3100;3500;500;000;200;200
418;Shropshire South;7;English Marches;76723;2400;900;2100;3600;500;000;200;200
419;Sittingbourne and Sheppey;12;Medway and Maidstone;79067;1900;1300;600;4900;600;000;300;500
420;Skipton and Ripon;5;North Yorkshire;79251;2300;1800;1100;3600;600;000;400;200
421;Sleaford and North Hykeham;8;Lincolnshire South;75807;2100;1300;700;4500;700;000;400;300
422;Slough;12;Runnymede;81512;1200;2000;400;2400;1100;000;2800;000
423;Smethwick;7;Black Country;72863;900;2500;400;3500;1100;000;700;1000
424;Solihull West and Shirley;7;Birmingham South;71813;2500;1500;1300;3300;900;000;300;300
425;Somerset North;10;Avon South;74426;2500;2200;1500;2800;600;000;300;100
426;Somerset North East and Hanham;10;Avon South;73887;2200;2300;1000;3400;600;000;300;200
427;South Holland and The Deepings;8;Lincolnshire South;78473;2200;900;600;5100;500;000;300;400
428;South Ribble;4;Lancashire South;73420;1900;2100;1000;4100;500;000;300;200
429;South Shields;3;Tyne and Wear South;68366;900;1900;500;4000;1400;000;700;500
430;Southampton Itchen;12;Southampton;68379;1300;2300;700;4000;900;000;500;300
431;Southampton Test;12;Southampton;65520;1200;2500;800;3200;1100;000;700;400
432;Southend East and Rochford;9;Essex South East;70217;2000;2000;800;4000;700;000;300;200
433;Southend West and Leigh;9;Essex South East;75154;2200;1900;900;3800;700;000;300;200
434;Southgate and Wood Green;11;Enfield and Haringey;77542;1600;3000;800;1800;1700;000;600;500
435;Southport;4;Merseyside East and Liverpool;73641;1200;2200;1200;3900;800;000;500;200
436;Spelthorne;12;Runnymede;73782;2100;1600;1500;3800;600;000;200;200
437;Spen Valley;5;Wakefield and Dewsbury;72642;1200;2000;600;4600;800;000;500;400
438;St Albans;9;Hertfordshire West;72739;1300;1200;3700;2000;1000;000;500;200
439;St Austell and Newquay;10;Cornwall;76140;1900;1800;1100;4200;500;000;200;200
440;St Helens North;4;Lancashire South;75483;1000;2500;600;4000;1000;000;600;300
441;St Helens South and Whiston;4;Merseyside East and Warrington;71569;800;2400;700;3800;1000;000;600;600
442;St Ives;10;Cornwall;69980;1300;900;3300;3300;700;000;300;200
443;St Neots and Mid Cambridgeshire;9;Cambridgeshire South;78115;1700;1300;2500;2900;900;000;400;400
444;Stafford;7;Staffordshire North;70608;2200;2200;800;3800;600;000;300;200
445;Staffordshire Moorlands;7;Staffordshire North;69892;2400;1600;600;4500;600;000;200;200
446;Stalybridge and Hyde;4;Manchester East;72265;1100;2200;500;4100;900;000;800;400
447;Stevenage;9;Hertfordshire East;70086;1800;2200;1000;3800;700;000;300;200
448;Stockport;4;Manchester East;76625;800;2700;900;3100;1200;000;1000;400
449;Stockton North;3;Teesside;70242;1200;2100;500;4600;700;000;700;200
450;Stockton West;3;Teesside;71868;2600;2000;700;3700;500;000;300;200
451;Stoke-on-Trent Central;7;Staffordshire North;73693;1000;2100;400;4700;800;000;400;600
452;Stoke-on-Trent North;7;Staffordshire North;69790;1700;1800;600;4900;400;000;300;300
453;Stoke-on-Trent South;7;Staffordshire North;68263;2200;1600;600;4400;500;000;300;400
454;Stone, Great Wyrley and Penkridge;7;Staffordshire South;71561;3000;1700;900;3100;600;000;300;400
455;Stourbridge;7;Black Country;68311;2100;1800;600;4200;600;000;300;300
456;Stratford and Bow;11;Lea Valley;80560;800;2400;400;1400;2500;000;900;1600
457;Stratford-on-Avon;7;Warwickshire;75714;2200;700;2900;3200;500;000;200;200
458;Streatham and Croydon North;11;Croydon;82829;1100;3300;900;1600;2000;000;700;500
459;Stretford and Urmston;4;Manchester Central and Trafford;75153;1200;2600;600;2700;1400;000;800;700
460;Stroud;10;Gloucestershire;77912;1600;2900;800;2900;1100;000;500;200
461;Suffolk Central and North Ipswich;9;Suffolk East;73046;2300;1300;1000;3800;1000;000;300;200
462;Suffolk Coastal;9;Suffolk East;74522;2100;1900;1400;3500;700;000;300;200
463;Suffolk South;9;Suffolk West and Ipswich;73385;2300;1500;1200;3800;800;000;300;200
464;Suffolk West;9;Suffolk West and Ipswich;77149;2200;1400;900;4300;700;000;300;300
465;Sunderland Central;3;Tyne and Wear South;76145;900;2100;700;4400;900;000;800;300
466;Surrey East;12;Surrey East;73307;2500;1300;1600;3500;600;000;200;200
467;Surrey Heath;12;Surrey West and Aldershot;71934;2400;700;3100;3000;400;000;200;100
468;Sussex Mid;12;Sussex West;75969;1700;1500;2700;2900;700;000;300;200
469;Sussex Weald;12;Sussex East;72897;2400;1100;1500;3700;800;000;300;300
470;Sutton and Cheam;11;Wimbledon and Sutton;72302;1600;1500;2300;3100;900;000;300;200
471;Sutton Coldfield;7;Birmingham North;74080;2700;1800;700;3500;700;000;300;300
472;Swindon North;10;Swindon and Chippenham;73238;2200;2100;800;3800;600;000;300;200
473;Swindon South;10;Swindon and Chippenham;72596;1500;2800;600;3500;900;000;400;300
474;Tamworth;7;Staffordshire South;75059;2100;1600;600;4700;500;000;200;200
475;Tatton;4;Cheshire;75978;2600;2100;1200;3100;600;000;400;100
476;Taunton and Wellington;10;Somerset West and Barnstaple;78116;1400;900;3000;3600;700;000;300;200
477;Telford;7;English Marches;73808;1500;2100;700;4600;600;000;300;200
478;Tewkesbury;10;Gloucestershire;73458;2100;800;3000;3100;600;000;200;100
479;Thanet East;12;Kent East;74940;1700;2000;700;4100;800;000;400;300
480;Thirsk and Malton;5;North Yorkshire;78484;2300;1200;1000;4100;700;000;300;200
481;Thornbury and Yate;10;Avon North;78195;2200;900;2900;3200;500;000;200;100
482;Thurrock;9;Essex South West;73405;1500;2100;600;4700;600;000;300;300
483;Tipton and Wednesbury;7;Black Country;74100;1100;1700;300;5200;700;000;300;600
484;Tiverton and Minehead;10;Somerset West and Barnstaple;71843;2100;800;2500;3600;600;000;200;200
485;Tonbridge;12;Kent West;72799;2800;1100;900;3400;1200;000;300;200
486;Tooting;11;Lambeth and Wandsworth;76082;1300;3600;900;1400;1500;000;1000;300
487;Torbay;10;Devon South;76179;1900;700;2700;3900;400;000;200;100
488;Torridge and Tavistock;10;Devon Central and East;74727;2200;1300;1700;3800;600;000;200;200
489;Tottenham;11;Enfield and Haringey;75906;700;3300;500;1500;2300;000;1000;800
490;Truro and Falmouth;10;Cornwall;73082;1500;2700;1200;3100;900;000;400;200
491;Tunbridge Wells;12;Kent South;78738;2100;1000;3200;2700;600;000;300;200
492;Twickenham;11;South West London;74980;1100;1500;3900;1800;1000;000;500;200
493;Tynemouth;3;Tyne and Wear North;73469;1200;2800;800;3200;900;000;800;300
494;Uxbridge and South Ruislip;11;Southall;74746;2400;2000;600;3300;1000;000;300;300
495;Vauxhall and Camberwell Green;11;Lambeth and Wandsworth;69658;700;3600;800;1500;2100;000;900;400
496;Wakefield and Rothwell;5;Wakefield and Dewsbury;75067;900;2200;800;4200;900;000;600;400
497;Wallasey;4;Wirral and Chester North;74082;1000;2800;600;3300;1200;000;700;300
498;Walsall and Bloxwich;7;Wolverhampton and Walsall;75968;1100;1800;300;4100;900;000;1800;000
499;Walthamstow;11;Lea Valley;76338;700;3400;500;1300;2400;000;900;800
500;Warrington North;4;Merseyside East and Warrington;70601;1000;2300;700;4300;700;000;700;300
501;Warrington South;4;Merseyside East and Warrington;78399;1300;2600;900;3600;800;000;600;300
502;Warwick and Leamington;7;Warwickshire;76294;1400;3000;900;2700;1200;000;500;300
503;Warwickshire North and Bedworth;7;Warwickshire;69752;2000;1600;500;4800;600;000;200;200
504;Washington and Gateshead South;3;Tyne and Wear South;70972;700;2200;500;4800;600;000;700;300
505;Watford;9;Hertfordshire West;73000;1400;2300;1100;3000;1100;000;500;600
506;Waveney Valley;9;Suffolk East;73056;2200;700;500;3400;2500;000;500;200
507;Weald of Kent;12;Kent South;75988;2700;1300;900;3900;800;000;200;200
508;Wellingborough and Rushden;8;Northamptonshire;77559;1700;1700;600;4500;800;000;500;200
509;Wells and Mendip Hills;10;Somerset East and Weston;72051;1800;800;3400;3000;500;000;200;200
510;Welwyn Hatfield;9;Hertfordshire East;75259;1800;2500;700;3400;900;000;400;300
511;West Bromwich;7;Black Country;74026;1100;2300;400;4200;900;000;400;700
512;West Ham and Beckton;11;Lea Valley;78790;1000;2400;400;2100;1800;000;800;1600
513;Westmorland and Lonsdale;4;Cumbria;72029;1000;800;4000;2800;700;000;400;100
514;Weston-super-Mare;10;Somerset East and Weston;71396;1900;2000;1000;3900;600;000;300;200
515;Wetherby and Easingwold;5;York;74334;2600;1600;900;3400;900;000;400;200
516;Whitehaven and Workington;4;Cumbria;73198;1000;2600;600;4500;600;000;500;300
517;Widnes and Halewood;4;Merseyside East and Warrington;71233;900;2900;600;3700;900;000;600;400
518;Wigan;4;Lancashire South;77537;700;2300;600;4500;700;000;700;500
519;Wiltshire East;10;Wiltshire South;73878;2400;1500;1400;3600;600;000;300;200
520;Wiltshire South West;10;Wiltshire South;72809;2300;1600;1400;3800;500;000;200;200
521;Wimbledon;11;Wimbledon and Sutton;76352;1600;1900;3000;1700;1000;000;600;200
522;Winchester;12;Hampshire;78289;1700;900;3600;2500;800;000;300;200
523;Windsor;12;Runnymede;73334;2600;1400;1800;2900;700;000;300;400
524;Wirral West;4;Wirral and Chester North;72838;1500;2800;900;3100;1000;000;500;200
525;Witham;9;Essex North;79072;2500;1400;800;4000;700;000;300;300
526;Witney;12;Oxfordshire;75448;2300;900;3000;2900;500;000;200;200
527;Woking;12;Surrey West and Aldershot;72977;1700;1100;3100;2700;900;000;400;200
528;Wokingham;12;Berkshire;75082;2400;800;3500;2400;500;000;200;100
529;Wolverhampton North East;7;Wolverhampton and Walsall;70715;1600;1900;500;4900;500;000;300;300
530;Wolverhampton South East;7;Wolverhampton and Walsall;77473;800;2300;300;4700;800;000;400;500
531;Wolverhampton West;7;Wolverhampton and Walsall;77851;1500;2500;400;3500;1000;000;400;700
532;Worcester;7;Worcestershire;74931;1500;2400;900;3400;1100;000;400;300
533;Worcestershire West;7;Worcestershire;79242;2500;1000;1800;3300;900;000;300;200
534;Worsley and Eccles;4;Manchester North West;78643;1000;2400;600;4000;900;000;800;300
535;Worthing East and Shoreham;12;South Coast;74738;1500;2700;800;3500;800;000;400;300
536;Worthing West;12;South Coast;77038;2400;2200;900;3400;600;000;300;200
537;Wrekin, The;7;English Marches;78942;2300;1600;900;4000;700;000;300;300
538;Wycombe;12;Buckinghamshire South;73846;1700;2200;1000;2800;1000;000;500;800
539;Wyre Forest;7;Worcestershire;77394;2100;1500;700;4500;600;000;300;300
540;Wythenshawe and Sale East;4;Manchester Central and Trafford;77765;800;2600;600;3400;1100;000;1100;400
541;Yeovil;10;Somerset East and Weston;79700;1600;700;3200;3600;500;000;200;200
542;York Central;5;York;79557;1000;3000;800;2500;1600;000;900;300
543;York Outer;5;York;76228;1500;2800;1100;3100;800;000;500;200
544;Aberafan Maesteg;6;West Glamorgan;72580;900;2100;400;3600;700;1400;500;400
545;Alyn and Deeside;6;Clwyd;75790;1200;2000;600;3600;600;1200;500;300
546;Bangor Aberconwy;6;Gogledd Cymru;69023;1300;1700;500;2800;500;2400;500;200
547;Blaenau Gwent and Rhymney;6;Gwent;70153;1100;2100;500;2800;900;1500;600;600
548;Brecon, Radnor and Cwm Tawe;6;Gorllewin Cymru a'r Canolbarth;73114;1400;1400;1800;3200;600;900;300;200
549;Bridgend;6;Cardiff and Bridgend;73152;1000;2100;500;3500;700;1100;500;500
550;Caerfyrddin (Carmarthen);6;Gorllewin Cymru a'r Canolbarth;74003;1100;1200;500;2900;400;3100;400;200
551;Caerphilly;6;The Valleys;72643;800;1700;500;3400;600;2200;600;200
552;Cardiff East;6;Cardiff and Bridgend;72873;1000;2100;1000;2200;1400;1400;600;300
553;Cardiff North;6;Cardiff and Bridgend;71335;1400;2500;700;2200;800;1600;600;200
554;Cardiff South and Penarth;6;Cardiff and Bridgend;72613;1000;2200;600;2000;1300;1700;800;200
555;Cardiff West;6;Cardiff and Bridgend;75473;1000;1900;500;2300;800;2400;700;300
556;Ceredigion Preseli;6;Gorllewin Cymru a'r Canolbarth;75690;700;800;1000;2400;500;4000;400;200
557;Clwyd East;6;Clwyd;76637;1700;2100;600;3400;600;1000;400;300
558;Clwyd North;6;Clwyd;75027;1700;1800;500;3700;600;1100;400;200
559;Dwyfor Meirionnydd;6;Gogledd Cymru;73042;1000;800;500;2500;600;3800;400;300
560;Gower;6;West Glamorgan;76123;1300;2300;600;2900;700;1500;500;200
561;Llanelli;6;Gorllewin Cymru a'r Canolbarth;71536;700;1500;500;3800;500;2400;500;200
562;Merthyr Tydfil and Aberdare;6;The Valleys;74460;800;1900;500;3700;800;1500;500;400
563;Monmouthshire;6;Gwent;74823;2100;2400;700;2900;700;800;400;200
564;Montgomeryshire and Glyndwr;6;Gogledd Cymru;74039;1100;1600;1000;3700;600;1400;400;200
565;Neath and Swansea East;6;West Glamorgan;76291;900;1900;600;3600;800;1400;400;300
566;Newport East;6;Gwent;76845;1100;2000;500;3300;700;1400;600;400
567;Newport West and Islwyn;6;Gwent;75781;1100;2000;600;3300;700;1500;500;300
568;Pembrokeshire Mid and South;6;Gorllewin Cymru a'r Canolbarth;79031;1700;1900;600;3600;600;1000;400;300
569;Pontypridd;6;The Valleys;75951;1000;1900;500;3300;900;1500;500;500
570;Rhondda and Ogmore;6;The Valleys;74493;700;2000;400;3800;800;1500;500;300
571;Swansea West;6;West Glamorgan;74236;1000;1900;700;3000;1000;1500;500;300
572;Torfaen;6;Gwent;71738;1000;1900;500;3700;600;1500;500;300
573;Vale of Glamorgan;6;Cardiff and Bridgend;74374;1700;2100;600;3200;700;1000;400;300
574;Wrexham;6;Clwyd;70269;1400;2000;600;3600;600;1200;400;300
575;Ynys Mon (Anglesey);6;Gogledd Cymru;53141;1600;1200;400;2800;400;3000;400;200
576;Aberdeen North;2;Moray and Aberdeenshire;75925;900;1400;400;2700;300;3500;300;400
577;Aberdeen South;2;Moray and Aberdeenshire;77328;1900;1000;400;2400;400;3400;300;300
578;Aberdeenshire North and Moray East;2;Moray and Aberdeenshire;70058;2700;000;500;2800;000;3600;200;100
579;Aberdeenshire West and Kincardine;2;Moray and Aberdeenshire;72994;3000;200;1000;2200;200;2900;200;200
580;Airdrie and Shotts;2;Lanarkshire;70199;200;2800;100;2800;000;3200;300;500
581;Alloa and Grangemouth;2;Forth Valley;70680;400;2300;200;2900;400;3000;300;600
582;Angus and Perthshire Glens;2;Heart of Scotland;76668;2500;300;500;2100;000;4100;200;300
583;Arbroath and Broughty Ferry;2;Heart of Scotland;76149;1000;1600;400;2700;000;3600;300;400
584;Argyll, Bute and South Lochaber;2;Highlands and Islands;71756;1600;600;1300;2300;000;3600;300;300
585;Ayr, Carrick and Cumnock;2;South West Scotland;70340;1700;1800;200;2700;200;2700;300;300
586;Ayrshire Central;2;South West Scotland;69413;1000;2300;200;2900;300;2800;300;300
587;Ayrshire North and Arran;2;South West Scotland;72176;900;2000;200;2800;300;3200;300;300
588;Bathgate and Linlithgow;2;Forth Valley;72185;400;2500;400;2900;400;2800;300;300
589;Berwickshire, Roxburgh and Selkirk;2;Southern Scotland;76438;3500;300;600;2100;400;2700;200;200
590;Caithness, Sutherland and Easter Ross;2;Highlands and Islands;74627;200;000;4600;1700;400;2700;100;200
591;Coatbridge and Bellshill;2;Lanarkshire;72667;200;2700;100;2600;300;3400;300;300
592;Cowdenbeath and Kirkcaldy;2;Fife;71845;400;2400;300;2800;400;2900;300;500
593;Cumbernauld and Kirkintilloch;2;Lanarkshire;70350;200;2400;200;2700;400;3600;300;200
594;Dumfries and Galloway;2;South West Scotland;78541;2400;1100;300;2600;300;2800;300;200
595;Dumfriesshire, Clydesdale and Tweeddale;2;Southern Scotland;71900;2900;900;400;2500;400;2500;300;200
596;Dunbartonshire Mid;2;Dunbartonshire and Glasgow North;73596;200;800;3900;1800;300;2500;200;200
597;Dunbartonshire West;2;Dunbartonshire and Glasgow North;69074;200;2600;100;2600;400;3500;300;300
598;Dundee Central;2;Heart of Scotland;74221;200;1900;400;2400;000;4100;300;700
599;Dunfermline and Dollar;2;Fife;72824;300;2400;500;2800;500;2800;300;300
600;East Kilbride and Strathaven;2;Clyde Valley;76415;400;2600;200;2800;400;3000;300;300
601;Edinburgh East and Musselburgh;2;Edinburgh;76188;300;2100;300;2300;1100;3400;300;200
602;Edinburgh North and Leith;2;Edinburgh;78411;300;2200;500;2400;1100;2800;300;300
603;Edinburgh South;2;Edinburgh;70839;400;2900;400;2700;900;1800;400;500
604;Edinburgh South West;2;Edinburgh;73784;700;2100;500;2500;800;2800;300;300
605;Edinburgh West;2;Edinburgh;76490;300;400;4800;1700;400;2000;200;200
606;Falkirk;2;Forth Valley;73584;400;2200;200;2800;400;3200;300;400
607;Fife North East;2;Fife;69762;200;000;5200;1600;400;2400;200;100
608;Glasgow East;2;Clyde Valley;68988;200;2300;200;2500;800;3400;300;300
609;Glasgow North;2;Dunbartonshire and Glasgow North;67579;200;2200;200;2300;1200;3300;300;300
610;Glasgow North East;2;Dunbartonshire and Glasgow North;72610;200;2400;100;2500;800;3300;300;400
611;Glasgow South;2;Renfrewshire and Glasgow South;70219;200;2200;200;2200;1300;3300;300;400
612;Glasgow South West;2;Renfrewshire and Glasgow South;68871;200;2300;200;2400;800;3500;300;300
613;Glasgow West;2;Dunbartonshire and Glasgow North;69028;200;2500;200;2400;900;3200;300;200
614;Glenrothes and Mid Fife;2;Fife;70655;300;2300;300;2900;000;3700;300;200
615;Gordon and Buchan;2;Moray and Aberdeenshire;69605;2800;100;1400;2300;000;3200;200;100
616;Hamilton and Clyde Valley;2;Clyde Valley;75480;600;2700;300;3000;000;2900;400;200
617;Inverclyde and Renfrewshire West;2;Renfrewshire and Glasgow South;70124;300;2500;200;2600;300;3200;300;400
618;Inverness, Skye and West Ross-shire;2;Highlands and Islands;77927;200;200;3500;1900;400;3400;200;100
619;Kilmarnock and Loudoun;2;South West Scotland;74628;400;2400;100;2800;300;3400;300;300
620;Livingston;2;Forth Valley;78043;400;2100;300;2800;400;3400;300;300
621;Lothian East;2;Southern Scotland;75456;600;2600;400;2900;600;2300;400;300
622;Midlothian;2;Southern Scotland;73916;300;2600;400;2900;000;3100;300;200
623;Moray West, Nairn and Strathspey;2;Moray and Aberdeenshire;77072;2500;600;600;2300;400;3300;200;200
624;Motherwell, Wishaw and Carluke;2;Lanarkshire;71777;300;2700;100;2800;300;3200;300;200
625;Na h-Eileanan An Iar (Western Isles);2;Highlands and Islands;21235;200;2700;200;2500;000;2200;300;1800
626;Orkney and Shetland;2;Highlands and Islands;34236;100;000;5200;1600;1000;1800;100;100
627;Paisley and Renfrewshire North;2;Renfrewshire and Glasgow South;71103;300;2500;200;2800;400;3300;300;200
628;Paisley and Renfrewshire South;2;Renfrewshire and Glasgow South;71574;300;2500;200;2700;400;3300;300;300
629;Perth and Kinross-shire;2;Heart of Scotland;77261;2400;600;500;2100;000;3900;200;300
630;Renfrewshire East;2;Renfrewshire and Glasgow South;73380;1200;2300;200;2500;300;2800;300;400
631;Rutherglen;2;Clyde Valley;72674;300;2700;300;2700;000;3100;300;500
632;Stirling and Strathallan;2;Heart of Scotland;76284;1400;1600;400;2500;500;3200;300;100
633;Antrim East;1;Antrim and the Lagan Valley;73302;9497;886;11479;10142;4102;2969;0;599
634;Antrim North;1;Antrim and the Lagan Valley;74697;3926;1650;11212;4474;11608;7690;0;624
635;Antrim South;1;Antrim and the Lagan Valley;77058;16333;1579;8816;4559;2671;8009;0;941
636;Belfast East;1;Belfast;72917;1829;615;19902;17203;1902;0;0;1255
637;Belfast North;1;Belfast;74240;21;1404;12079;4260;2853;17651;0;2184
638;Belfast South and Mid Down;1;Belfast;74749;2672;21317;6874;8824;2200;0;0;1605
639;Belfast West;1;Belfast;75346;482;4293;4321;1073;1993;20986;5048;1547
640;Down North;1;Armagh and Down;73885;6760;653;5;13593;0;0;20913;1373
641;Down South;1;Armagh and Down;76248;1436;10389;7369;3176;1877;19672;0;1324
642;Fermanagh and South Tyrone;1;Ulster West;77828;20289;2371;13;2412;0;24815;0;1177
643;Foyle;1;Ulster West;73496;1438;15623;3927;1264;0;11459;0;4648
644;Lagan Valley;1;Antrim and the Lagan Valley;82201;11170;1021;15669;18601;2168;0;0;452
645;Londonderry East;1;Ulster West;75707;3442;5234;11529;3721;4329;11303;0;1719
646;Newry and Armagh;1;Armagh and Down;78244;3205;6777;5924;2683;4065;22273;0;1016
647;Strangford;1;Armagh and Down;74525;3961;1772;15575;10414;3117;2777;0;1292
648;Tyrone West;1;Ulster West;74269;2708;5793;6814;2279;2509;22686;0;906
649;Ulster Mid;1;Ulster West;74000;2294;3698;9182;1994;2954;24059;0;1265
650;Upper Bann;1;Armagh and Down;81249;3678;1486;21655;6305;0;14209;0;24