area;Area;County;const;Electorate;CON;LAB;LIB;Green;UKIP;NAT;MIN;OTH;WinnerGE2024;SecondGE2024;YouGovCall;Winner margin;2019 v 2024 status;Win19 (nominal)
Aberafan Maesteg;Wales;West Glamorgan;W07000081;69817;900;5200;500;400;1200;1300;0;300;Labour;PC;Safe Labour;3900;Labour hold;Labour
Aberdeen North;Scotland;Grampian;S14000060;76895;1100;2500;300;800;600;4000;0;700;SNP;Lab;Likely SNP;1500;SNP hold;SNP
Aberdeen South;Scotland;Grampian;S14000061;76560;2000;2400;500;900;400;3400;0;400;SNP;Lab;Likely SNP;1000;SNP hold;SNP
Aberdeenshire North and Moray East;Scotland;Grampian;S14000062;71485;3700;1700;300;400;700;3100;0;100;Conservatives;SNP;Lean Conservatives;500;Conservative hold;Conservatives
Airdrie and Shotts;Scotland;Glasgow area;S14000063;70420;100;5100;300;600;300;3000;0;600;Labour;SNP;Likely Labour;2100;Labour gain from SNP;SNP
Aldershot;South East;Hampshire;E14001063;76765;3300;3800;1100;600;1200;0;0;100;Labour;Con;Lean Labour;600;Labour gain from Conservatives;Conservatives
Aldridge-Brownhills;West Midlands;Black Country;E14001064;73122;4000;3500;500;400;1500;0;0;100;Conservatives;Lab;Lean Conservatives;500;Conservative hold;Conservatives
Alloa and Grangemouth;Scotland;Central;S14000064;72265;700;3700;300;600;400;3500;0;700;Labour;SNP;Tossup;200;Labour gain from SNP;SNP
Altrincham and Sale West;North West;Central Manchester;E14001065;73934;3200;4600;800;700;700;0;0;100;Labour;Con;Likely Labour;1500;Labour gain from Conservatives;Conservatives
Alyn and Deeside;Wales;Clwyd;W07000082;75695;2300;4700;600;300;1200;800;0;100;Labour;Con;Likely Labour;2400;Labour hold;Labour
Amber Valley;East Midlands;Derbyshire;E14001066;70625;3500;3600;700;500;1500;0;0;100;Labour;Con;Tossup;100;Labour gain from Conservatives;Conservatives
Angus and Perthshire Glens;Scotland;Tayside;S14000065;77006;2800;2200;200;500;400;3700;0;200;SNP;Con;Lean SNP;800;SNP hold;SNP
Arbroath and Broughty Ferry;Scotland;Tayside;S14000066;76810;1300;3200;300;500;400;3700;0;600;SNP;Lab;Tossup;500;SNP hold;SNP
Argyll, Bute and South Lochaber;Scotland;Argyll and Bute;S14000067;71707;2400;2300;600;600;400;3400;0;300;SNP;Con;Likely SNP;1100;SNP hold;SNP
Arundel and South Downs;South East;West Sussex;E14001067;76974;4300;2300;1800;500;1000;0;0;100;Conservatives;Lab;Likely Conservatives;2000;Conservative hold;Conservatives
Ashfield;East Midlands;Nottinghamshire;E14001068;69819;1800;3500;700;600;2000;0;0;1400;Labour;Ref;Likely Labour;1500;Labour gain from Conservatives;Conservatives
Ashford;South East;Kent;E14001069;73546;3300;3700;600;900;1300;0;0;100;Labour;Con;Tossup;400;Labour gain from Conservatives;Conservatives
Ashton-under-Lyne;North West;Eastern Manchester;E14001070;72278;1600;5700;400;800;1400;0;0;100;Labour;Con;Safe Labour;4200;Labour hold;Labour
Aylesbury;South East;Buckinghamshire;E14001071;75636;3000;3600;1800;600;900;0;0;0;Labour;Con;Lean Labour;600;Labour gain from Conservatives;Conservatives
Ayr, Carrick and Cumnock;Scotland;Ayrshire and Lanark;S14000006;72057;2300;3200;300;500;400;3100;0;200;Labour;SNP;Tossup;100;Labour gain from SNP;SNP
Banbury;South East;Oxfordshire;E14001072;69943;3300;3900;1300;500;900;0;0;100;Labour;Con;Lean Labour;600;Labour gain from Conservatives;Conservatives
Bangor Aberconwy;Wales;Clwyd;W07000083;70468;2500;4300;300;400;800;1600;0;0;Labour;Con;Likely Labour;1800;Labour gain from Conservatives;Conservatives
Barking;London;Barking and Dagenham;E14001073;71822;1100;6300;400;1000;1100;0;0;100;Labour;Con;Safe Labour;5200;Labour hold;Labour
Barnsley North;Yorkshire and The Humber;South Yorkshire;E14001074;76794;700;4800;900;600;2300;0;0;600;Labour;Ref;Safe Labour;2600;Labour hold;Labour
Barnsley South;Yorkshire and The Humber;South Yorkshire;E14001075;75896;700;5600;400;700;2200;0;0;400;Labour;Ref;Safe Labour;3400;Labour hold;Labour
Barrow and Furness;North West;Cumbria;E14001076;76603;3100;4900;300;500;1100;0;0;100;Labour;Con;Likely Labour;1900;Labour gain from Conservatives;Conservatives
Basildon and Billericay;East of England;Essex;E14001077;76993;3600;3400;800;600;1600;0;0;100;Conservatives;Lab;Tossup;200;Conservative hold;Conservatives
Basingstoke;South East;Hampshire;E14001078;77050;3000;4400;800;700;1100;0;0;100;Labour;Con;Likely Labour;1400;Labour gain from Conservatives;Conservatives
Bassetlaw;East Midlands;Nottinghamshire;E14001079;75773;2900;4300;500;400;1800;0;0;100;Labour;Con;Likely Labour;1400;Labour gain from Conservatives;Conservatives
Bath;South West;Bristol area;E14001080;73241;1300;1800;5700;300;600;0;0;400;Lib Dems;Lab;Safe Lib Dems;3900;Lib Dem hold;Lib Dems
Bathgate and Linlithgow;Scotland;Edinburgh area;S14000068;71650;600;4300;300;600;500;3000;0;700;Labour;SNP;Likely Labour;1300;Labour gain from SNP;SNP
Battersea;London;Wandsworth;E14001081;71949;2000;6000;700;800;400;0;0;100;Labour;Con;Safe Labour;4000;Labour hold;Labour
Beaconsfield;South East;Buckinghamshire;E14001082;72315;3700;2900;1200;700;1300;0;0;300;Conservatives;Lab;Lean Conservatives;800;Conservative hold;Conservatives
Beckenham and Penge;London;Bromley;E14001083;76625;2200;5200;1100;700;800;0;0;100;Labour;Con;Safe Labour;2900;Labour hold;Labour
Bedford;East of England;Bedfordshire;E14001084;70068;2400;5200;500;800;1000;0;0;100;Labour;Con;Safe Labour;2800;Labour hold;Labour
Bermondsey and Old Southwark;London;Southwark;E14001085;70602;700;5900;2200;700;500;0;0;100;Labour;LD;Safe Labour;3700;Labour hold;Labour
Berwickshire, Roxburgh and Selkirk;Scotland;Borders;S14000008;74867;4000;1700;400;400;300;3100;0;100;Conservatives;SNP;Lean Conservatives;900;Conservative hold;Conservatives
Bethnal Green and Stepney;London;Tower Hamlets;E14001086;77000;200;6800;800;1400;400;0;0;400;Labour;Grn;Safe Labour;5400;Labour hold;Labour
Beverley and Holderness;Yorkshire and The Humber;Humber area;E14001087;71102;3700;3600;900;500;1200;0;0;100;Conservatives;Lab;Tossup;100;Conservative hold;Conservatives
Bexhill and Battle;South East;East Sussex;E14001088;70869;3800;3200;1000;600;1300;0;0;100;Conservatives;Lab;Lean Conservatives;600;Conservative hold;Conservatives
Bexleyheath and Crayford;London;Bexley;E14001089;69948;3400;4100;500;500;1400;0;0;100;Labour;Con;Lean Labour;700;Labour gain from Conservatives;Conservatives
Bicester and Woodstock;South East;Oxfordshire;E14001090;70389;3200;2200;3200;400;900;0;0;100;Lib Dems;Con;Tossup;0;Lib Dem gain from Conservatives;Conservatives
Birkenhead;North West;Merseyside;E14001091;76271;500;6300;600;1300;900;0;0;300;Labour;Grn;Safe Labour;5000;Labour hold;Labour
Birmingham Edgbaston;West Midlands;Birmingham;E14001092;71354;1900;5900;500;800;800;0;0;100;Labour;Con;Safe Labour;3900;Labour hold;Labour
Birmingham Erdington;West Midlands;Birmingham;E14001093;76856;2000;5500;400;700;1200;0;0;100;Labour;Con;Safe Labour;3500;Labour hold;Labour
Birmingham Hall Green and Moseley;West Midlands;Birmingham;E14001094;75781;800;5900;600;1200;600;0;0;1000;Labour;Grn;Safe Labour;4700;Labour hold;Labour
Birmingham Hodge Hill and Solihull North;West Midlands;Birmingham;E14001095;76922;1300;5800;500;1100;1100;0;0;300;Labour;Con;Safe Labour;4500;Labour hold;Labour
Birmingham Ladywood;West Midlands;Birmingham;E14001096;76585;200;7800;300;1100;400;0;0;100;Labour;Grn;Safe Labour;6700;Labour hold;Labour
Birmingham Northfield;West Midlands;Birmingham;E14001097;73483;2400;5500;400;600;1100;0;0;100;Labour;Con;Safe Labour;3100;Labour gain from Conservatives;Conservatives
Birmingham Perry Barr;West Midlands;Birmingham;E14001098;74048;1000;6700;500;900;700;0;0;200;Labour;Con;Safe Labour;5600;Labour hold;Labour
Birmingham Selly Oak;West Midlands;Birmingham;E14001099;76285;1700;5700;500;1200;900;0;0;100;Labour;Con;Safe Labour;4000;Labour hold;Labour
Birmingham Yardley;West Midlands;Birmingham;E14001100;71912;1300;5400;800;900;1000;0;0;600;Labour;Con;Safe Labour;4100;Labour hold;Labour
Bishop Auckland;North East;Durham;E14001101;70879;3000;4900;400;300;1300;0;0;100;Labour;Con;Likely Labour;1900;Labour gain from Conservatives;Conservatives
Blackburn;North West;Lancashire;E14001102;70586;1100;6100;500;1100;900;0;0;300;Labour;Con;Safe Labour;5000;Labour hold;Labour
Blackley and Middleton South;North West;Central Manchester;E14001103;71735;1100;6700;300;700;1100;0;0;100;Labour;Con;Safe Labour;5600;Labour hold;Labour
Blackpool North and Fleetwood;North West;Lancashire;E14001104;75396;3000;4600;300;500;1600;0;0;100;Labour;Con;Likely Labour;1600;Labour gain from Conservatives;Conservatives
Blackpool South;North West;Lancashire;E14001105;76071;2400;5000;600;500;1400;0;0;100;Labour;Con;Safe Labour;2700;Labour gain from Conservatives;Conservatives
Blaenau Gwent and Rhymney;Wales;Gwent;W07000084;71079;800;5500;400;400;1500;1200;0;300;Labour;Ref;Safe Labour;4000;Labour hold;Labour
Blaydon and Consett;North East;Durham;E14001106;70163;1700;5500;600;800;1400;0;0;0;Labour;Con;Safe Labour;3700;Labour hold;Labour
Blyth and Ashington;North East;Northumberland;E14001107;75452;1400;6000;500;600;1500;0;0;0;Labour;Ref;Safe Labour;4600;Labour hold;Labour
Bognor Regis and Littlehampton;South East;West Sussex;E14001108;76985;3600;3100;1300;500;1400;0;0;100;Conservatives;Lab;Tossup;500;Conservative hold;Conservatives
Bolsover;East Midlands;Derbyshire;E14001109;74680;2300;4700;400;700;1800;0;0;0;Labour;Con;Likely Labour;2400;Labour gain from Conservatives;Conservatives
Bolton North East;North West;Western Manchester;E14001110;77020;2500;5300;300;500;1200;0;0;100;Labour;Con;Safe Labour;2800;Labour gain from Conservatives;Conservatives
Bolton South and Walkden;North West;Western Manchester;E14001111;75716;1400;6000;400;900;1200;0;0;100;Labour;Con;Safe Labour;4500;Labour hold;Labour
Bolton West;North West;Western Manchester;E14001112;72125;3300;4400;700;500;1000;0;0;100;Labour;Con;Likely Labour;1000;Labour gain from Conservatives;Conservatives
Bootle;North West;Merseyside;E14001113;75194;500;7400;400;900;800;0;0;100;Labour;Grn;Safe Labour;6500;Labour hold;Labour
Boston and Skegness;East Midlands;Lincolnshire;E14001114;75806;4300;2800;500;300;2000;0;0;100;Conservatives;Lab;Likely Conservatives;1400;Conservative hold;Conservatives
Bournemouth East;South West;Dorset;E14001115;73173;3000;4600;600;700;1000;0;0;100;Labour;Con;Likely Labour;1700;Labour gain from Conservatives;Conservatives
Bournemouth West;South West;Dorset;E14001116;72094;2900;4200;1000;700;1100;0;0;100;Labour;Con;Likely Labour;1300;Labour gain from Conservatives;Conservatives
Bracknell;South East;Berkshire;E14001117;70247;3100;4300;700;700;1100;0;0;100;Labour;Con;Likely Labour;1200;Labour gain from Conservatives;Conservatives
Bradford East;Yorkshire and The Humber;West Yorkshire;E14001118;72150;900;5900;900;900;900;0;0;500;Labour;Grn;Safe Labour;5000;Labour hold;Labour
Bradford South;Yorkshire and The Humber;West Yorkshire;E14001119;70890;1900;5300;400;900;1500;0;0;100;Labour;Con;Safe Labour;3400;Labour hold;Labour
Bradford West;Yorkshire and The Humber;West Yorkshire;E14001120;71258;600;6600;300;1200;600;0;0;700;Labour;Grn;Safe Labour;5500;Labour hold;Labour
Braintree;East of England;Essex;E14001121;75662;4100;3400;500;400;1500;0;0;100;Conservatives;Lab;Lean Conservatives;700;Conservative hold;Conservatives
Brecon, Radnor and Cwm Tawe;Wales;Powys;W07000085;72113;3100;1800;2800;300;900;1100;0;100;Conservatives;LD;Tossup;300;Conservative hold;Conservatives
Brent East;London;Brent;E14001122;75880;1100;6200;800;1100;600;0;0;100;Labour;Grn;Safe Labour;5100;Labour hold;Labour
Brent West;London;Brent;E14001123;76443;2100;5300;1000;900;600;0;0;100;Labour;Con;Safe Labour;3200;Labour hold;Labour
Brentford and Isleworth;London;Hounslow;E14001124;76354;1500;5600;1100;1000;700;0;0;100;Labour;Con;Safe Labour;4100;Labour hold;Labour
Brentwood and Ongar;East of England;Essex;E14001125;74937;4100;2800;1200;500;1400;0;0;100;Conservatives;Lab;Likely Conservatives;1300;Conservative hold;Conservatives
Bridgend;Wales;Mid Glamorgan;W07000086;70770;2700;4500;400;300;1000;1000;0;200;Labour;Con;Likely Labour;1800;Labour gain from Conservatives;Conservatives
Bridgwater;South West;Somerset;E14001126;71418;3200;3300;1600;500;1500;0;0;100;Labour;Con;Tossup;100;Labour gain from Conservatives;Conservatives
Bridlington and The Wolds;Yorkshire and The Humber;Humber area;E14001127;72501;4000;3200;700;400;1600;0;0;100;Conservatives;Lab;Lean Conservatives;800;Conservative hold;Conservatives
Brigg and Immingham;Yorkshire and The Humber;Humber area;E14001128;71628;4000;3400;400;400;1600;0;0;100;Conservatives;Lab;Lean Conservatives;600;Conservative hold;Conservatives
Brighton Kemptown and Peacehaven;South East;East Sussex;E14001129;69865;1800;5700;500;1000;800;0;0;100;Labour;Con;Safe Labour;3900;Labour hold;Labour
Brighton Pavilion;South East;East Sussex;E14001130;75722;500;3500;500;4900;400;0;0;100;Green;Lab;Likely Green;1400;Green hold;Green
Bristol Central;South West;Bristol area;E14001131;70227;500;3700;300;5000;200;0;0;200;Green;Lab;Likely Green;1300;Green gain from Labour;Labour
Bristol East;South West;Bristol area;E14001132;75936;900;5600;500;2100;700;0;0;300;Labour;Grn;Safe Labour;3500;Labour hold;Labour
Bristol North East;South West;Bristol area;E14001133;69793;2000;5500;400;1000;1000;0;0;100;Labour;Con;Safe Labour;3400;Labour hold;Labour
Bristol North West;South West;Bristol area;E14001134;76783;2000;5300;700;1400;600;0;0;100;Labour;Con;Safe Labour;3300;Labour hold;Labour
Bristol South;South West;Bristol area;E14001135;74696;1500;5800;500;1200;900;0;0;100;Labour;Con;Safe Labour;4300;Labour hold;Labour
Broadland and Fakenham;East of England;Norfolk;E14001136;72907;3600;3500;1200;500;1100;0;0;100;Conservatives;Lab;Tossup;100;Conservative hold;Conservatives
Bromley and Biggin Hill;London;Bromley;E14001137;71515;3400;4100;800;600;1000;0;0;100;Labour;Con;Lean Labour;700;Labour gain from Conservatives;Conservatives
Bromsgrove;West Midlands;Hereford and Worcestershire;E14001138;75305;4000;3200;1000;500;1200;0;0;100;Conservatives;Lab;Lean Conservatives;800;Conservative hold;Conservatives
Broxbourne;East of England;Hertfordshire;E14001139;75454;3700;3600;600;600;1500;0;0;100;Conservatives;Lab;Tossup;100;Conservative hold;Conservatives
Broxtowe;East Midlands;Nottinghamshire;E14001140;72461;2600;4900;400;800;1100;0;0;100;Labour;Con;Likely Labour;2200;Labour gain from Conservatives;Conservatives
Buckingham and Bletchley;South East;Buckinghamshire;E14001141;73644;3200;4100;1100;400;1100;0;0;0;Labour;Con;Lean Labour;900;Labour gain from Conservatives;Conservatives
Burnley;North West;Lancashire;E14001142;75436;2000;5500;500;600;1400;0;0;100;Labour;Con;Safe Labour;3500;Labour gain from Conservatives;Conservatives
Burton and Uttoxeter;West Midlands;Staffordshire;E14001143;75460;3400;3900;600;600;1400;0;0;100;Labour;Con;Tossup;400;Labour gain from Conservatives;Conservatives
Bury North;North West;Western Manchester;E14001144;77009;2600;5600;200;500;1000;0;0;100;Labour;Con;Safe Labour;3000;Labour gain from Conservatives;Conservatives
Bury South;North West;Western Manchester;E14001145;74598;2400;5500;400;600;1000;0;0;100;Labour;Con;Safe Labour;3200;Labour gain from Conservatives;Conservatives
Bury St Edmunds and Stowmarket;East of England;Suffolk;E14001146;75655;3600;3100;600;1400;1200;0;0;100;Conservatives;Lab;Tossup;400;Conservative hold;Conservatives
Caerfyrddin;Wales;Dyfed;W07000087;72683;2200;3100;200;300;1100;2900;0;200;Labour;PC;Tossup;200;Labour gain from Conservatives;Conservatives
Caerphilly;Wales;Gwent;W07000088;72458;1500;4600;200;400;1300;1700;0;300;Labour;PC;Safe Labour;2900;Labour hold;Labour
Caithness, Sutherland and Easter Ross;Scotland;Highland;S14000069;75173;700;1600;2000;1000;800;3100;0;700;SNP;LD;Likely SNP;1200;SNP hold;SNP
Calder Valley;Yorkshire and The Humber;West Yorkshire;E14001147;75987;3200;5000;400;400;900;0;0;100;Labour;Con;Likely Labour;1800;Labour gain from Conservatives;Conservatives
Camborne and Redruth;South West;Cornwall;E14001148;73568;3000;4700;600;500;1100;0;0;100;Labour;Con;Likely Labour;1700;Labour gain from Conservatives;Conservatives
Cambridge;East of England;Cambridgeshire;E14001149;72560;500;5300;2300;1000;400;0;0;400;Labour;LD;Safe Labour;3000;Labour hold;Labour
Cannock Chase;West Midlands;Staffordshire;E14001150;75582;3500;3800;300;800;1500;0;0;100;Labour;Con;Tossup;300;Labour gain from Conservatives;Conservatives
Canterbury;South East;Kent;E14001151;75499;2800;4900;600;700;1000;0;0;100;Labour;Con;Likely Labour;2100;Labour hold;Labour
Cardiff East;Wales;South Glamorgan;W07000089;72463;1200;5600;800;600;700;1000;0;100;Labour;Con;Safe Labour;4400;Labour hold;Labour
Cardiff North;Wales;South Glamorgan;W07000090;71143;2300;5200;400;400;700;1000;0;100;Labour;Con;Safe Labour;2900;Labour hold;Labour
Cardiff South and Penarth;Wales;South Glamorgan;W07000091;72269;1700;5200;800;700;600;1000;0;0;Labour;Con;Safe Labour;3500;Labour hold;Labour
Cardiff West;Wales;South Glamorgan;W07000092;73947;1800;5100;300;600;700;1300;0;200;Labour;Con;Safe Labour;3300;Labour hold;Labour
Carlisle;North West;Cumbria;E14001152;75868;3100;4600;400;500;1200;0;0;100;Labour;Con;Likely Labour;1500;Labour gain from Conservatives;Conservatives
Carshalton and Wallington;London;Sutton;E14001153;72755;2300;1900;4200;400;1000;0;0;200;Lib Dems;Con;Likely Lib Dems;1800;Lib Dem gain from Conservatives;Conservatives
Castle Point;East of England;Essex;E14001154;70923;4500;2900;400;300;1800;0;0;100;Conservatives;Lab;Likely Conservatives;1600;Conservative hold;Conservatives
Central Ayrshire;Scotland;Ayrshire and Lanark;S14000010;69779;1800;3500;300;500;400;3100;0;400;Labour;SNP;Tossup;400;Labour gain from SNP;SNP
Central Devon;South West;Devon;E14001155;73491;3300;3400;1500;600;1000;0;0;100;Labour;Con;Tossup;100;Labour gain from Conservatives;Conservatives
Central Suffolk and North Ipswich;East of England;Essex;E14001156;71020;3700;3500;700;700;1200;0;0;100;Conservatives;Lab;Tossup;200;Conservative hold;Conservatives
Ceredigion Preseli;Wales;Dyfed;W07000093;74063;1200;1800;800;500;900;4300;0;600;Plaid;Lab;Safe Plaid;2500;Plaid hold;PC
Chatham and Aylesford;South East;Kent;E14001157;74840;3700;3700;600;500;1400;0;0;100;Labour;Con;Tossup;0;Labour gain from Conservatives;Conservatives
Cheadle;North West;Eastern Manchester;E14001158;73775;2500;1300;5300;200;600;0;0;100;Lib Dems;Con;Safe Lib Dems;2800;Lib Dem gain from Conservatives;Conservatives
Chelmsford;East of England;Essex;E14001159;76454;3200;2100;3300;400;900;0;0;100;Lib Dems;Con;Tossup;100;Lib Dem gain from Conservatives;Conservatives
Chelsea and Fulham;London;Hammersmith and Fulham;E14001160;76481;2900;4800;1300;400;500;0;0;100;Labour;Con;Likely Labour;2000;Labour gain from Conservatives;Conservatives
Cheltenham;South West;Gloucestershire;E14001161;75292;2500;900;5600;200;700;0;0;100;Lib Dems;Con;Safe Lib Dems;3100;Lib Dem gain from Conservatives;Conservatives
Chesham and Amersham;South East;Buckinghamshire;E14001162;74155;3300;1600;3900;500;700;0;0;100;Lib Dems;Con;Lean Lib Dems;600;Lib Dem gain from Conservatives;Conservatives
Chester North and Neston;North West;Cheshire;E14001163;72327;2100;6000;300;700;800;0;0;100;Labour;Con;Safe Labour;3900;Labour hold;Labour
Chester South and Eddisbury;North West;Cheshire;E14001164;71975;4000;3500;1000;400;1000;0;0;100;Conservatives;Lab;Tossup;500;Conservative hold;Conservatives
Chesterfield;East Midlands;Derbyshire;E14001165;70722;1900;5000;500;800;1600;0;0;100;Labour;Con;Safe Labour;3100;Labour hold;Labour
Chichester;South East;West Sussex;E14001166;76785;3200;1700;3700;500;1000;0;0;100;Lib Dems;Con;Tossup;500;Lib Dem gain from Conservatives;Conservatives
Chingford and Woodford Green;London;Waltham Forest;E14001167;75677;2900;5400;400;400;800;0;0;100;Labour;Con;Likely Labour;2500;Labour gain from Conservatives;Conservatives
Chippenham;South West;Wiltshire;E14001168;71648;3100;1500;4000;400;1000;0;0;100;Lib Dems;Con;Lean Lib Dems;900;Lib Dem gain from Conservatives;Conservatives
Chipping Barnet;London;Barnet;E14001169;76187;3100;5000;600;600;700;0;0;100;Labour;Con;Likely Labour;1900;Labour gain from Conservatives;Conservatives
Chorley;North West;Lancashire;EXXXXXXX;74568;0;0;0;500;500;0;0;9000;;;;;;
Christchurch;South West;Dorset;E14001171;71598;4300;2000;1700;500;1300;0;0;100;Conservatives;Lab;Likely Conservatives;2300;Conservative hold;Conservatives
Cities of London and Westminster;London;City of Westminster;E14001172;73140;2600;3900;2100;700;500;0;0;200;Labour;Con;Likely Labour;1200;Labour gain from Conservatives;Conservatives
City of Durham;North East;Durham;E14001173;72878;1600;5800;900;700;1000;0;0;100;Labour;Con;Safe Labour;4100;Labour hold;Labour
Clacton;East of England;Essex;E14001174;75959;4200;2700;400;600;2000;0;0;100;Conservatives;Lab;Likely Conservatives;1500;Conservative hold;Conservatives
Clapham and Brixton Hill;London;Lambeth;E14001175;75460;800;7100;800;900;300;0;0;100;Labour;Grn;Safe Labour;6200;Labour hold;Labour
Clwyd East;Wales;Clwyd;W07000094;76395;3100;4200;600;300;1000;800;0;100;Labour;Con;Likely Labour;1000;Labour gain from Conservatives;Conservatives
Clwyd North;Wales;Clwyd;W07000095;76150;2900;4200;400;300;1000;1100;0;100;Labour;Con;Likely Labour;1400;Labour gain from Conservatives;Conservatives
Coatbridge and Bellshill;Scotland;Glasgow area;S14000070;72507;500;5200;200;700;300;3000;0;100;Labour;SNP;Likely Labour;2200;Labour gain from SNP;SNP
Colchester;East of England;Essex;E14001176;76843;2800;4900;800;500;900;0;0;100;Labour;Con;Likely Labour;2100;Labour gain from Conservatives;Conservatives
Colne Valley;Yorkshire and The Humber;West Yorkshire;E14001177;71518;3000;4900;600;500;900;0;0;100;Labour;Con;Likely Labour;1800;Labour gain from Conservatives;Conservatives
Congleton;North West;Cheshire;E14001178;69836;3900;3800;700;500;1100;0;0;100;Conservatives;Lab;Tossup;100;Conservative hold;Conservatives
Corby and East Northamptonshire;East Midlands;Northamptonshire;E14001179;76748;3200;4800;400;500;1100;0;0;100;Labour;Con;Likely Labour;1600;Labour gain from Conservatives;Conservatives
Coventry East;West Midlands;Coventry and Solihull;E14001180;73389;1700;5100;600;900;1200;0;0;400;Labour;Con;Safe Labour;3400;Labour hold;Labour
Coventry North West;West Midlands;Coventry and Solihull;E14001181;73431;2200;5000;600;800;1200;0;0;100;Labour;Con;Safe Labour;2800;Labour hold;Labour
Coventry South;West Midlands;Coventry and Solihull;E14001182;70998;2400;5400;500;700;1000;0;0;100;Labour;Con;Safe Labour;3000;Labour hold;Labour
Cowdenbeath and Kirkcaldy;Scotland;Fife;S14000071;70329;600;5000;300;700;400;2700;0;400;Labour;SNP;Likely Labour;2300;Labour gain from SNP;SNP
Cramlington and Killingworth;North East;Newcastle area;E14001183;73295;1900;5400;600;600;1400;0;0;100;Labour;Con;Safe Labour;3500;Labour hold;Labour
Crawley;South East;West Sussex;E14001184;74446;3000;4400;600;800;1100;0;0;100;Labour;Con;Likely Labour;1400;Labour gain from Conservatives;Conservatives
Crewe and Nantwich;North West;Cheshire;E14001185;76236;2700;4700;600;700;1200;0;0;100;Labour;Con;Likely Labour;2000;Labour gain from Conservatives;Conservatives
Croydon East;London;Croydon;E14001186;75436;2400;5100;600;900;1000;0;0;100;Labour;Con;Safe Labour;2700;Labour hold;Labour
Croydon South;London;Croydon;E14001187;71541;3500;4200;900;500;700;0;0;100;Labour;Con;Lean Labour;700;Labour gain from Conservatives;Conservatives
Croydon West;London;Croydon;E14001188;70812;900;6800;600;1000;600;0;0;100;Labour;Grn;Safe Labour;5900;Labour hold;Labour
Cumbernauld and Kirkintilloch;Scotland;Glasgow area;S14000072;70579;500;4000;300;700;300;3800;0;500;Labour;SNP;Tossup;200;Labour gain from SNP;SNP
Dagenham and Rainham;London;Barking and Dagenham;E14001189;73627;2000;4700;600;800;1600;0;0;300;Labour;Con;Safe Labour;2700;Labour hold;Labour
Darlington;North East;Durham;E14001190;70446;2900;4700;400;700;1200;0;0;100;Labour;Con;Likely Labour;1700;Labour gain from Conservatives;Conservatives
Dartford;South East;Kent;E14001191;72048;3400;4100;600;600;1300;0;0;100;Labour;Con;Lean Labour;700;Labour gain from Conservatives;Conservatives
Daventry;East Midlands;Northamptonshire;E14001192;76539;4000;3100;900;700;1300;0;0;100;Conservatives;Lab;Lean Conservatives;900;Conservative hold;Conservatives
Derby North;East Midlands;Derbyshire;E14001193;71876;2500;5100;500;600;1100;0;0;100;Labour;Con;Safe Labour;2600;Labour gain from Conservatives;Conservatives
Derby South;East Midlands;Derbyshire;E14001194;72067;1900;5200;700;800;1300;0;0;100;Labour;Con;Safe Labour;3400;Labour hold;Labour
Derbyshire Dales;East Midlands;Derbyshire;E14001195;71435;3700;3900;800;500;1000;0;0;100;Labour;Con;Tossup;200;Labour gain from Conservatives;Conservatives
Dewsbury and Batley;Yorkshire and The Humber;West Yorkshire;E14001196;70226;1400;5500;600;1100;1100;0;0;500;Labour;Con;Safe Labour;4000;Labour hold;Labour
Didcot and Wantage;South East;Oxfordshire;E14001197;74456;3000;2300;3500;300;800;0;0;100;Lib Dems;Con;Lean Lib Dems;500;Lib Dem gain from Conservatives;Conservatives
Doncaster Central;Yorkshire and The Humber;South Yorkshire;E14001198;75007;1600;5600;400;600;1700;0;0;100;Labour;Ref;Safe Labour;3900;Labour hold;Labour
Doncaster East and the Isle of Axholme;Yorkshire and The Humber;South Yorkshire;E14001199;70113;2700;4200;700;600;1700;0;0;300;Labour;Con;Likely Labour;1500;Labour gain from Conservatives;Conservatives
Doncaster North;Yorkshire and The Humber;South Yorkshire;E14001200;71739;1300;5600;400;500;2200;0;0;100;Labour;Ref;Safe Labour;3400;Labour hold;Labour
Dorking and Horley;South East;Surrey;E14001201;70317;3100;1600;3700;600;1000;0;0;0;Lib Dems;Con;Lean Lib Dems;600;Lib Dem gain from Conservatives;Conservatives
Dover and Deal;South East;Kent;E14001202;75855;3200;4400;500;500;1400;0;0;0;Labour;Con;Likely Labour;1200;Labour gain from Conservatives;Conservatives
Droitwich and Evesham;West Midlands;Hereford and Worcestershire;E14001203;74345;3900;3000;1200;500;1400;0;0;100;Conservatives;Lab;Lean Conservatives;900;Conservative hold;Conservatives
Dudley;West Midlands;Black Country;E14001204;71083;3400;4100;400;500;1600;0;0;100;Labour;Con;Lean Labour;700;Labour gain from Conservatives;Conservatives
Dulwich and West Norwood;London;Lambeth;E14001205;74314;400;6100;500;2400;300;0;0;300;Labour;Grn;Safe Labour;3600;Labour hold;Labour
Dumfries and Galloway;Scotland;Dumfries and Galloway;S14000073;76863;3400;2000;300;400;500;3300;0;100;Conservatives;SNP;Tossup;100;Conservative hold;Conservatives
Dumfriesshire, Clydesdale and Tweeddale;Scotland;Dumfries and Galloway;S14000074;70738;3700;2000;400;400;500;3000;0;100;Conservatives;SNP;Lean Conservatives;700;Conservative hold;Conservatives
Dundee Central;Scotland;Tayside;S14000075;75298;100;3000;300;1100;300;4100;0;1000;SNP;Lab;Likely SNP;1200;SNP hold;SNP
Dunfermline and Dollar;Scotland;Fife;S14000076;70725;500;4100;400;600;400;3200;0;800;Labour;SNP;Lean Labour;900;Labour gain from SNP;SNP
Dunstable and Leighton Buzzard;East of England;Bedfordshire;E14001206;74069;3400;3800;700;600;1300;0;0;100;Labour;Con;Tossup;400;Labour gain from Conservatives;Conservatives
Dwyfor Meirionnydd;Wales;Gwynedd;W07000096;72533;1100;2200;300;400;900;4300;0;800;Plaid;Lab;Likely Plaid;2100;Plaid hold;PC
Ealing Central and Acton;London;Ealing;E14001207;75399;1400;6400;800;800;500;0;0;100;Labour;Con;Safe Labour;5000;Labour hold;Labour
Ealing North;London;Ealing;E14001208;72985;1700;5700;700;1000;800;0;0;100;Labour;Con;Safe Labour;4000;Labour hold;Labour
Ealing Southall;London;Ealing;E14001209;75085;1400;6100;600;1300;600;0;0;100;Labour;Con;Safe Labour;4700;Labour hold;Labour
Earley and Woodley;South East;Berkshire;E14001210;70083;3000;4100;1400;500;900;0;0;100;Labour;Con;Likely Labour;1100;Labour gain from Conservatives;Conservatives
Easington;North East;Durham;E14001211;70043;1000;6100;400;500;1900;0;0;100;Labour;Ref;Safe Labour;4200;Labour hold;Labour
East Grinstead and Uckfield;South East;West Sussex;E14001212;72356;4100;2300;1800;700;1000;0;0;100;Conservatives;Lab;Likely Conservatives;1800;Conservative hold;Conservatives
East Ham;London;Newham;E14001213;70902;500;7000;400;1200;400;0;0;400;Labour;Grn;Safe Labour;5800;Labour hold;Labour
East Hampshire;South East;Hampshire;E14001214;69959;3700;1800;2900;600;900;0;0;100;Conservatives;LD;Lean Conservatives;800;Conservative hold;Conservatives
East Kilbride and Strathaven;Scotland;Ayrshire and Lanark;S14000077;75161;300;4600;300;500;300;3200;0;700;Labour;SNP;Likely Labour;1400;Labour gain from SNP;SNP
East Renfrewshire;Scotland;Glasgow area;S14000021;72959;1300;4100;300;400;300;3000;0;600;Labour;SNP;Likely Labour;1100;Labour gain from SNP;SNP
East Surrey;South East;Surrey;E14001215;73145;3900;2200;2200;500;1100;0;0;100;Conservatives;Lab;Likely Conservatives;1700;Conservative hold;Conservatives
East Thanet;South East;Kent;E14001216;73790;2900;4800;400;600;1200;0;0;100;Labour;Con;Likely Labour;1900;Labour gain from Conservatives;Conservatives
East Wiltshire;South West;Wiltshire;E14001217;71109;3900;3500;800;500;1200;0;0;100;Conservatives;Lab;Tossup;500;Conservative hold;Conservatives
East Worthing and Shoreham;South East;West Sussex;E14001218;75466;2800;5200;500;500;900;0;0;100;Labour;Con;Likely Labour;2300;Labour gain from Conservatives;Conservatives
Eastbourne;South East;East Sussex;E14001219;73322;2100;1000;5400;200;1000;0;0;200;Lib Dems;Con;Safe Lib Dems;3300;Lib Dem gain from Conservatives;Conservatives
Eastleigh;South East;Hampshire;E14001220;69982;3300;1900;3100;600;1000;0;0;100;Conservatives;LD;Tossup;300;Conservative hold;Conservatives
Edinburgh East and Musselburgh;Scotland;Edinburgh area;S14000078;75705;300;3400;300;1100;300;3700;0;900;SNP;Lab;Tossup;300;SNP hold;SNP
Edinburgh North and Leith;Scotland;Edinburgh area;S14000079;76770;400;3500;500;1000;300;3400;0;900;Labour;SNP;Tossup;100;Labour gain from SNP;SNP
Edinburgh South West;Scotland;Edinburgh area;S14000081;73315;900;3300;400;800;400;3400;0;800;SNP;Lab;Tossup;0;SNP hold;SNP
Edinburgh South;Scotland;Edinburgh area;S14000080;70980;600;5300;400;900;300;2200;0;300;Labour;SNP;Safe Labour;3100;Labour hold;Labour
Edinburgh West;Scotland;Edinburgh area;S14000082;76723;600;1600;2400;900;600;3000;0;900;SNP;LD;Lean SNP;500;SNP gain from Lib Dems;Lib Dems
Edmonton and Winchmore Hill;London;Enfield;E14001221;75204;1700;6100;500;900;800;0;0;100;Labour;Con;Safe Labour;4400;Labour hold;Labour
Ellesmere Port and Bromborough;North West;Cheshire;E14001222;71027;1000;6800;400;700;1100;0;0;100;Labour;Ref;Safe Labour;5700;Labour hold;Labour
Eltham and Chislehurst;London;Greenwich;E14001223;74179;2600;5200;500;600;900;0;0;100;Labour;Con;Safe Labour;2600;Labour gain from Conservatives;Conservatives
Ely and East Cambridgeshire;East of England;Cambridgeshire;E14001224;76279;3600;2200;2600;500;1000;0;0;100;Conservatives;LD;Likely Conservatives;1100;Conservative hold;Conservatives
Enfield North;London;Enfield;E14001225;76824;1900;6000;600;700;800;0;0;100;Labour;Con;Safe Labour;4100;Labour hold;Labour
Epping Forest;East of England;Essex;E14001226;74553;3900;3200;800;700;1400;0;0;100;Conservatives;Lab;Lean Conservatives;600;Conservative hold;Conservatives
Epsom and Ewell;South East;Surrey;E14001227;76844;3300;2200;3200;400;800;0;0;100;Conservatives;LD;Tossup;200;Conservative hold;Conservatives
Erewash;East Midlands;Derbyshire;E14001228;71986;3100;4500;500;500;1300;0;0;100;Labour;Con;Likely Labour;1500;Labour gain from Conservatives;Conservatives
Erith and Thamesmead;London;Greenwich;E14001229;76728;1300;6400;500;1000;800;0;0;100;Labour;Con;Safe Labour;5100;Labour hold;Labour
Esher and Walton;South East;Surrey;E14001230;73280;2900;1200;4900;200;700;0;0;100;Lib Dems;Con;Likely Lib Dems;1900;Lib Dem gain from Conservatives;Conservatives
Exeter;South West;Devon;E14001231;71713;1400;6000;400;1300;800;0;0;100;Labour;Con;Safe Labour;4600;Labour hold;Labour
Exmouth and Exeter East;South West;Devon;E14001232;74502;3300;2900;1100;600;1500;0;0;500;Conservatives;Lab;Tossup;400;Conservative hold;Conservatives
Falkirk;Scotland;Central;S14000083;75067;600;3800;200;500;700;3300;0;800;Labour;SNP;Lean Labour;500;Labour gain from SNP;SNP
Fareham and Waterlooville;South East;Hampshire;E14001233;77036;3700;2600;2000;500;1200;0;0;100;Conservatives;Lab;Likely Conservatives;1100;Conservative hold;Conservatives
Farnham and Bordon;South East;Surrey;E14001234;72938;3900;1600;3300;300;800;0;0;100;Conservatives;LD;Lean Conservatives;600;Conservative hold;Conservatives
Faversham and Mid Kent;South East;Kent;E14001235;71798;3700;3500;1000;600;1200;0;0;100;Conservatives;Lab;Tossup;200;Conservative hold;Conservatives
Feltham and Heston;London;Hounslow;E14001236;75226;1800;5300;600;1100;1000;0;0;100;Labour;Con;Safe Labour;3500;Labour hold;Labour
Filton and Bradley Stoke;South West;Bristol area;E14001237;73598;2900;5100;600;600;800;0;0;100;Labour;Con;Likely Labour;2200;Labour gain from Conservatives;Conservatives
Finchley and Golders Green;London;Barnet;E14001238;75761;3500;3800;1600;500;500;0;0;100;Labour;Con;Tossup;300;Labour gain from Conservatives;Conservatives
Folkestone and Hythe;South East;Kent;E14001239;70023;3100;3400;1100;800;1500;0;0;100;Labour;Con;Tossup;300;Labour gain from Conservatives;Conservatives
Forest of Dean;South West;Gloucestershire;E14001240;71510;3400;3800;400;1000;1300;0;0;100;Labour;Con;Tossup;400;Labour gain from Conservatives;Conservatives
Frome and East Somerset;South West;Somerset;E14001241;70177;3000;2700;2500;800;1000;0;0;100;Conservatives;Lab;Tossup;200;Conservative hold;Conservatives
Fylde;North West;Lancashire;E14001242;75114;4000;3700;500;500;1200;0;0;100;Conservatives;Lab;Tossup;200;Conservative hold;Conservatives
Gainsborough;East Midlands;Lincolnshire;E14001243;74750;4100;3300;700;400;1400;0;0;100;Conservatives;Lab;Lean Conservatives;800;Conservative hold;Conservatives
Gateshead Central and Whickham;North East;Newcastle area;E14001244;70994;1500;5000;1200;900;1200;0;0;300;Labour;Con;Safe Labour;3500;Labour hold;Labour
Gedling;East Midlands;Nottinghamshire;E14001245;75795;2600;5300;400;500;1100;0;0;100;Labour;Con;Safe Labour;2700;Labour gain from Conservatives;Conservatives
Gillingham and Rainham;South East;Kent;E14001246;73951;3400;4300;400;500;1400;0;0;100;Labour;Con;Lean Labour;900;Labour gain from Conservatives;Conservatives
Glasgow East;Scotland;Glasgow area;S14000084;69748;100;4000;300;1000;300;3300;0;900;Labour;SNP;Lean Labour;700;Labour gain from SNP;SNP
Glasgow North East;Scotland;Glasgow area;S14000086;75236;200;3600;400;1100;400;3500;0;900;Labour;SNP;Tossup;0;Labour gain from SNP;SNP
Glasgow North;Scotland;Glasgow area;S14000085;73210;500;3700;300;1400;300;3300;0;400;Labour;SNP;Tossup;400;Labour gain from SNP;SNP
Glasgow South West;Scotland;Glasgow area;S14000088;70431;100;4100;400;900;300;3300;0;900;Labour;SNP;Lean Labour;800;Labour gain from SNP;SNP
Glasgow South;Scotland;Glasgow area;S14000087;71344;500;4500;300;800;300;3300;0;200;Labour;SNP;Likely Labour;1200;Labour gain from SNP;SNP
Glasgow West;Scotland;Glasgow area;S14000089;72499;300;3600;400;1000;300;3600;0;900;Labour;SNP;Tossup;100;Labour gain from SNP;SNP
Glastonbury and Somerton;South West;Somerset;E14001247;70015;3600;1400;3500;400;1000;0;0;100;Conservatives;LD;Tossup;0;Conservative hold;Conservatives
Glenrothes and Mid Fife;Scotland;Fife;S14000090;69734;400;3700;300;800;400;3600;0;800;Labour;SNP;Tossup;100;Labour gain from SNP;SNP
Gloucester;South West;Gloucestershire;E14001248;76695;3000;4600;600;600;1100;0;0;100;Labour;Con;Likely Labour;1600;Labour gain from Conservatives;Conservatives
Godalming and Ash;South East;Surrey;E14001249;71399;3100;1200;4600;300;800;0;0;100;Lib Dems;Con;Likely Lib Dems;1500;Lib Dem gain from Conservatives;Conservatives
Goole and Pocklington;Yorkshire and The Humber;Humber area;E14001250;76337;3800;3400;900;500;1400;0;0;100;Conservatives;Lab;Tossup;400;Conservative hold;Conservatives
Gordon and Buchan;Scotland;Grampian;S14000091;70238;3500;1800;600;400;600;3000;0;100;Conservatives;SNP;Tossup;400;Conservative hold;Conservatives
Gorton and Denton;North West;Central Manchester;E14001251;74306;700;6500;500;1100;900;0;0;400;Labour;Grn;Safe Labour;5400;Labour hold;Labour
Gosport;South East;Hampshire;E14001252;73763;3800;3000;1300;500;1400;0;0;100;Conservatives;Lab;Lean Conservatives;800;Conservative hold;Conservatives
Gower;Wales;West Glamorgan;W07000097;76801;2700;4400;500;400;1000;1100;0;0;Labour;Con;Likely Labour;1700;Labour hold;Labour
Grantham and Bourne;East Midlands;Lincolnshire;E14001253;72071;3900;3500;600;500;1400;0;0;100;Conservatives;Lab;Tossup;300;Conservative hold;Conservatives
Gravesham;South East;Kent;E14001254;72866;3400;4100;500;600;1300;0;0;100;Labour;Con;Lean Labour;700;Labour gain from Conservatives;Conservatives
Great Grimsby and Cleethorpes;Yorkshire and The Humber;Humber area;E14001255;77050;2700;4400;900;500;1600;0;0;0;Labour;Con;Likely Labour;1700;Labour gain from Conservatives;Conservatives
Great Yarmouth;East of England;Norfolk;E14001256;70077;3400;3700;500;400;1800;0;0;100;Labour;Con;Tossup;300;Labour gain from Conservatives;Conservatives
Greenwich and Woolwich;London;Greenwich;E14001257;69824;1200;6300;1000;1000;500;0;0;100;Labour;Con;Safe Labour;5100;Labour hold;Labour
Guildford;South East;Surrey;E14001258;71367;2500;1300;5000;300;700;0;0;200;Lib Dems;Con;Safe Lib Dems;2500;Lib Dem gain from Conservatives;Conservatives
Hackney North and Stoke Newington;London;Hackney;E14001259;75401;300;7800;300;1200;300;0;0;100;Labour;Grn;Safe Labour;6500;Labour hold;Labour
Hackney South and Shoreditch;London;Hackney;E14001260;75197;200;7500;300;1600;300;0;0;100;Labour;Grn;Safe Labour;5900;Labour hold;Labour
Halesowen;West Midlands;Black Country;E14001261;69907;3300;4300;500;500;1400;0;0;100;Labour;Con;Likely Labour;1000;Labour gain from Conservatives;Conservatives
Halifax;Yorkshire and The Humber;West Yorkshire;E14001262;74563;2200;4900;600;800;1400;0;0;200;Labour;Con;Safe Labour;2700;Labour hold;Labour
Hamble Valley;South East;Hampshire;E14001263;76902;3900;2100;2500;400;1000;0;0;100;Conservatives;LD;Likely Conservatives;1400;Conservative hold;Conservatives
Hamilton and Clyde Valley;Scotland;Ayrshire and Lanark;S14000092;74577;800;4500;300;600;300;3000;0;500;Labour;SNP;Likely Labour;1500;Labour gain from SNP;SNP
Hammersmith and Chiswick;London;Hammersmith and Fulham;E14001264;74746;1700;6000;900;900;500;0;0;100;Labour;Con;Safe Labour;4200;Labour hold;Labour
Hampstead and Highgate;London;Camden;E14001265;74222;1300;6000;1400;900;400;0;0;100;Labour;LD;Safe Labour;4600;Labour hold;Labour
Harborough, Oadby and Wigston;East Midlands;Leicestershire;E14001266;74810;3400;3800;1100;700;1000;0;0;100;Labour;Con;Tossup;300;Labour gain from Conservatives;Conservatives
Harlow;East of England;Essex;E14001267;73479;3600;4000;400;500;1400;0;0;100;Labour;Con;Tossup;400;Labour gain from Conservatives;Conservatives
Harpenden and Berkhamsted;East of England;Hertfordshire;E14001268;71635;3500;1700;3500;400;800;0;0;100;Lib Dems;Con;Tossup;100;Lib Dem gain from Conservatives;Conservatives
Harrogate and Knaresborough;Yorkshire and The Humber;North Yorkshire;E14001269;75800;3000;1400;4600;200;800;0;0;0;Lib Dems;Con;Likely Lib Dems;1600;Lib Dem gain from Conservatives;Conservatives
Harrow East;London;Harrow;E14001270;76299;3900;4400;500;500;700;0;0;100;Labour;Con;Lean Labour;500;Labour gain from Conservatives;Conservatives
Harrow West;London;Harrow;E14001271;74060;2100;5600;600;900;700;0;0;100;Labour;Con;Safe Labour;3500;Labour hold;Labour
Hartlepool;North East;Teesside;E14001272;71228;1200;5300;400;500;2300;0;0;300;Labour;Ref;Safe Labour;3000;Labour hold;Labour
Harwich and North Essex;East of England;Essex;E14001273;74838;3500;3900;600;600;1300;0;0;100;Labour;Con;Tossup;400;Labour gain from Conservatives;Conservatives
Hastings and Rye;South East;East Sussex;E14001274;75581;2900;5000;500;600;1000;0;0;100;Labour;Con;Likely Labour;2100;Labour gain from Conservatives;Conservatives
Havant;South East;Hampshire;E14001275;72766;3700;3200;1100;500;1500;0;0;100;Conservatives;Lab;Tossup;500;Conservative hold;Conservatives
Hayes and Harlington;London;Hillingdon;E14001276;72897;1800;5800;400;800;900;0;0;200;Labour;Con;Safe Labour;4100;Labour hold;Labour
Hazel Grove;North West;Eastern Manchester;E14001277;72941;2600;2000;4100;300;1000;0;0;100;Lib Dems;Con;Likely Lib Dems;1500;Lib Dem gain from Conservatives;Conservatives
Hemel Hempstead;East of England;Hertfordshire;E14001278;70496;3100;4000;1000;600;1200;0;0;100;Labour;Con;Lean Labour;900;Labour gain from Conservatives;Conservatives
Hendon;London;Barnet;E14001279;71496;3000;5200;500;600;600;0;0;100;Labour;Con;Likely Labour;2200;Labour gain from Conservatives;Conservatives
Henley and Thame;South East;Oxfordshire;E14001280;70626;3500;1600;3700;400;700;0;0;100;Lib Dems;Con;Tossup;200;Lib Dem gain from Conservatives;Conservatives
Hereford and South Herefordshire;West Midlands;Hereford and Worcestershire;E14001281;71125;3400;3000;1400;700;1400;0;0;100;Conservatives;Lab;Tossup;400;Conservative hold;Conservatives
Herne Bay and Sandwich;South East;Kent;E14001282;76028;3900;3600;600;500;1300;0;0;100;Conservatives;Lab;Tossup;300;Conservative hold;Conservatives
Hertford and Stortford;East of England;Hertfordshire;E14001283;75396;3500;3400;1100;800;1100;0;0;100;Conservatives;Lab;Tossup;0;Conservative hold;Conservatives
Hertsmere;East of England;Hertfordshire;E14001284;73256;4100;3500;700;600;1000;0;0;100;Conservatives;Lab;Lean Conservatives;600;Conservative hold;Conservatives
Hexham;North East;Northumberland;E14001285;72738;3400;4600;500;500;900;0;0;100;Labour;Con;Likely Labour;1100;Labour gain from Conservatives;Conservatives
Heywood and Middleton North;North West;Eastern Manchester;E14001286;73306;1800;4500;300;800;1400;0;0;1100;Labour;Con;Safe Labour;2700;Labour hold;Labour
High Peak;East Midlands;Derbyshire;E14001287;73960;2600;5500;400;500;900;0;0;100;Labour;Con;Safe Labour;3000;Labour gain from Conservatives;Conservatives
Hinckley and Bosworth;East Midlands;Leicestershire;E14001288;75683;4000;2200;2000;500;1200;0;0;100;Conservatives;Lab;Likely Conservatives;1700;Conservative hold;Conservatives
Hitchin;East of England;Hertfordshire;E14001289;72112;2900;4300;1200;600;900;0;0;100;Labour;Con;Likely Labour;1400;Labour gain from Conservatives;Conservatives
Holborn and St Pancras;London;Camden;E14001290;75475;500;7300;800;900;400;0;0;0;Labour;Grn;Safe Labour;6400;Labour hold;Labour
Honiton and Sidmouth;South West;Devon;E14001291;74365;3300;1700;3400;300;1200;0;0;100;Lib Dems;Con;Tossup;200;Lib Dem gain from Conservatives;Conservatives
Hornchurch and Upminster;London;Havering;E14001292;76938;3800;3300;600;700;1500;0;0;100;Conservatives;Lab;Tossup;500;Conservative hold;Conservatives
Hornsey and Friern Barnet;London;Haringey;E14001293;70565;400;6700;1400;1200;300;0;0;0;Labour;LD;Safe Labour;5400;Labour hold;Labour
Horsham;South East;West Sussex;E14001294;76981;3600;2100;2600;600;1000;0;0;100;Conservatives;LD;Likely Conservatives;1000;Conservative hold;Conservatives
Houghton and Sunderland South;North East;Newcastle area;E14001295;76883;1400;5500;500;700;1800;0;0;100;Labour;Ref;Safe Labour;3700;Labour hold;Labour
Hove and Portslade;South East;East Sussex;E14001296;73726;1400;6600;500;900;500;0;0;100;Labour;Con;Safe Labour;5100;Labour hold;Labour
Huddersfield;Yorkshire and The Humber;West Yorkshire;E14001297;76044;1800;5600;400;1200;900;0;0;0;Labour;Con;Safe Labour;3800;Labour hold;Labour
Huntingdon;East of England;Cambridgeshire;E14001298;75590;3700;3200;1200;700;1100;0;0;100;Conservatives;Lab;Tossup;500;Conservative hold;Conservatives
Hyndburn;North West;Lancashire;E14001299;69971;2500;5200;300;500;1300;0;0;100;Labour;Con;Safe Labour;2800;Labour gain from Conservatives;Conservatives
Ilford North;London;Redbridge;E14001300;74684;2100;5800;400;800;800;0;0;200;Labour;Con;Safe Labour;3700;Labour hold;Labour
Ilford South;London;Redbridge;E14001301;74065;1100;6100;400;1200;700;0;0;500;Labour;Grn;Safe Labour;4900;Labour hold;Labour
Inverclyde and Renfrewshire West;Scotland;Glasgow area;S14000093;70418;300;4100;400;700;200;3400;0;900;Labour;SNP;Lean Labour;600;Labour gain from SNP;SNP
Inverness, Skye and West Ross-shire;Scotland;Highland;S14000094;76903;1100;2500;700;800;500;3800;0;700;SNP;Lab;Likely SNP;1300;SNP hold;SNP
Ipswich;East of England;Suffolk;E14001302;75117;2600;5100;600;500;1100;0;0;100;Labour;Con;Likely Labour;2500;Labour gain from Conservatives;Conservatives
Isle of Wight East;South East;Hampshire;E14001303;56805;3000;3300;800;1500;1400;0;0;0;Labour;Con;Tossup;300;Labour gain from Conservatives;Conservatives
Isle of Wight West;South East;Hampshire;E14001304;54911;2800;3200;600;1800;1300;0;0;300;Labour;Con;Tossup;400;Labour gain from Conservatives;Conservatives
Islington North;London;Islington;E14001305;73970;500;6100;1000;1200;300;0;0;800;Labour;Grn;Safe Labour;4900;Labour hold;Labour
Islington South and Finsbury;London;Islington;E14001306;75905;600;6700;1100;1100;400;0;0;100;Labour;LD;Safe Labour;5600;Labour hold;Labour
Jarrow and Gateshead East;North East;Newcastle area;E14001307;71106;800;4900;600;1000;1600;0;0;1100;Labour;Ref;Safe Labour;3200;Labour hold;Labour
Keighley and Ilkley;Yorkshire and The Humber;West Yorkshire;E14001308;72954;3000;5100;400;500;900;0;0;100;Labour;Con;Likely Labour;2100;Labour gain from Conservatives;Conservatives
Kenilworth and Southam;West Midlands;Warwickshire;E14001309;71541;3800;3100;1500;500;900;0;0;100;Conservatives;Lab;Lean Conservatives;700;Conservative hold;Conservatives
Kensington and Bayswater;London;Kensington and Chelsea;E14001310;75980;2400;5300;1100;600;500;0;0;100;Labour;Con;Safe Labour;2900;Labour hold;Labour
Kettering;East Midlands;Northamptonshire;E14001311;76163;3400;4000;700;600;1300;0;0;100;Labour;Con;Lean Labour;600;Labour gain from Conservatives;Conservatives
Kilmarnock and Loudoun;Scotland;Ayrshire and Lanark;S14000040;74801;700;3900;300;600;300;3500;0;700;Labour;SNP;Tossup;400;Labour gain from SNP;SNP
Kingston and Surbiton;London;Kingston upon Thames;E14001312;75410;1300;1600;5500;400;700;0;0;600;Lib Dems;Lab;Safe Lib Dems;3900;Lib Dem hold;Lib Dems
Kingston upon Hull East;Yorkshire and The Humber;Humber area;E14001313;72622;1100;5400;800;600;2000;0;0;100;Labour;Ref;Safe Labour;3400;Labour hold;Labour
Kingston upon Hull North and Cottingham;Yorkshire and The Humber;Humber area;E14001314;76039;1400;5600;800;700;1400;0;0;0;Labour;Ref;Safe Labour;4100;Labour hold;Labour
Kingston upon Hull West and Haltemprice;Yorkshire and The Humber;Humber area;E14001315;74321;1900;5200;900;400;1600;0;0;100;Labour;Con;Safe Labour;3300;Labour gain from Conservatives;Conservatives
Kingswinford and South Staffordshire;West Midlands;Staffordshire;E14001316;71896;4500;3200;400;400;1400;0;0;100;Conservatives;Lab;Likely Conservatives;1300;Conservative hold;Conservatives
Knowsley;North West;Merseyside;E14001317;71228;500;7500;400;900;700;0;0;100;Labour;Grn;Safe Labour;6600;Labour hold;Labour
Lancaster and Wyre;North West;Lancashire;E14001318;74992;2700;5100;400;900;900;0;0;100;Labour;Con;Likely Labour;2400;Labour gain from Conservatives;Conservatives
Leeds Central and Headingley;Yorkshire and The Humber;West Yorkshire;E14001319;75396;500;7200;600;1000;600;0;0;100;Labour;Grn;Safe Labour;6200;Labour hold;Labour
Leeds East;Yorkshire and The Humber;West Yorkshire;E14001320;75330;2100;5200;400;800;1300;0;0;200;Labour;Con;Safe Labour;3100;Labour hold;Labour
Leeds North East;Yorkshire and The Humber;West Yorkshire;E14001321;70976;1200;6300;500;1200;600;0;0;100;Labour;Con;Safe Labour;5100;Labour hold;Labour
Leeds North West;Yorkshire and The Humber;West Yorkshire;E14001322;71607;2500;5400;900;400;700;0;0;100;Labour;Con;Safe Labour;2900;Labour gain from Conservatives;Conservatives
Leeds South West and Morley;Yorkshire and The Humber;West Yorkshire;E14001324;71376;2800;4900;400;600;1200;0;0;100;Labour;Con;Likely Labour;2100;Labour gain from Conservatives;Conservatives
Leeds South;Yorkshire and The Humber;West Yorkshire;E14001323;74726;1100;6200;400;1100;1100;0;0;100;Labour;Grn;Safe Labour;5000;Labour hold;Labour
Leeds West and Pudsey;Yorkshire and The Humber;West Yorkshire;E14001325;70270;2300;5300;500;900;1000;0;0;100;Labour;Con;Safe Labour;3000;Labour hold;Labour
Leicester East;East Midlands;Leicestershire;E14001326;76465;2400;4500;600;1000;800;0;0;800;Labour;Con;Likely Labour;2100;Labour hold;Labour
Leicester South;East Midlands;Leicestershire;E14001327;71007;1000;6300;600;1200;600;0;0;400;Labour;Grn;Safe Labour;5100;Labour hold;Labour
Leicester West;East Midlands;Leicestershire;E14001328;76992;1700;5800;600;800;1000;0;0;100;Labour;Con;Safe Labour;4100;Labour hold;Labour
Leigh and Atherton;North West;Western Manchester;E14001329;76363;2100;5500;400;500;1400;0;0;100;Labour;Con;Safe Labour;3400;Labour gain from Conservatives;Conservatives
Lewes;South East;East Sussex;E14001330;75091;2600;1000;5100;400;800;0;0;100;Lib Dems;Con;Safe Lib Dems;2500;Lib Dem gain from Conservatives;Conservatives
Lewisham East;London;Lewisham;E14001331;71706;900;6600;700;1100;600;0;0;100;Labour;Grn;Safe Labour;5500;Labour hold;Labour
Lewisham North;London;Lewisham;E14001332;73504;200;7300;800;1300;300;0;0;100;Labour;Grn;Safe Labour;5900;Labour hold;Labour
Lewisham West and East Dulwich;London;Lewisham;E14001333;69904;500;7300;400;1400;300;0;0;100;Labour;Grn;Safe Labour;5900;Labour hold;Labour
Leyton and Wanstead;London;Waltham Forest;E14001334;71330;900;6800;600;1200;500;0;0;100;Labour;Grn;Safe Labour;5600;Labour hold;Labour
Lichfield;West Midlands;Staffordshire;E14001335;74942;3900;3500;700;600;1200;0;0;100;Conservatives;Lab;Tossup;400;Conservative hold;Conservatives
Lincoln;East Midlands;Lincolnshire;E14001336;74128;2400;5500;500;500;1000;0;0;100;Labour;Con;Safe Labour;3100;Labour gain from Conservatives;Conservatives
Liverpool Garston;North West;Merseyside;E14001337;70372;300;7400;800;800;600;0;0;100;Labour;Grn;Safe Labour;6600;Labour hold;Labour
Liverpool Riverside;North West;Merseyside;E14001338;70157;500;7400;400;1200;400;0;0;100;Labour;Grn;Safe Labour;6300;Labour hold;Labour
Liverpool Walton;North West;Merseyside;E14001339;75926;500;7900;300;700;600;0;0;100;Labour;Grn;Safe Labour;7100;Labour hold;Labour
Liverpool Wavertree;North West;Merseyside;E14001340;71076;100;7300;600;1500;400;0;0;100;Labour;Grn;Safe Labour;5800;Labour hold;Labour
Liverpool West Derby;North West;Merseyside;E14001341;70730;500;7800;400;600;600;0;0;100;Labour;Grn;Safe Labour;7200;Labour hold;Labour
Livingston;Scotland;Edinburgh area;S14000095;75454;500;4300;300;600;400;3200;0;700;Labour;SNP;Likely Labour;1100;Labour gain from SNP;SNP
Llanelli;Wales;Dyfed;W07000098;69895;1600;3800;300;500;1400;2200;0;400;Labour;PC;Likely Labour;1600;Labour hold;Labour
Lothian East;Scotland;Edinburgh area;S14000096;71287;1100;4700;400;600;200;2600;0;400;Labour;SNP;Likely Labour;2000;Labour gain from SNP;SNP
Loughborough;East Midlands;Leicestershire;E14001342;73902;2900;4900;700;600;800;0;0;100;Labour;Con;Likely Labour;2000;Labour gain from Conservatives;Conservatives
Louth and Horncastle;East Midlands;Lincolnshire;E14001343;75959;4400;2900;600;300;1700;0;0;100;Conservatives;Lab;Likely Conservatives;1500;Conservative hold;Conservatives
Lowestoft;East of England;Suffolk;E14001344;73967;3300;4200;500;600;1400;0;0;100;Labour;Con;Lean Labour;900;Labour gain from Conservatives;Conservatives
Luton North;East of England;Bedfordshire;E14001345;73266;1800;5500;400;900;1100;0;0;200;Labour;Con;Safe Labour;3700;Labour hold;Labour
Luton South and South Bedfordshire;East of England;Bedfordshire;E14001346;70197;1800;5100;700;900;1100;0;0;400;Labour;Con;Safe Labour;3200;Labour hold;Labour
Macclesfield;North West;Cheshire;E14001347;75881;3100;4700;700;500;800;0;0;100;Labour;Con;Likely Labour;1600;Labour gain from Conservatives;Conservatives
Maidenhead;South East;Berkshire;E14001348;73463;3600;1900;3100;600;800;0;0;100;Conservatives;LD;Tossup;500;Conservative hold;Conservatives
Maidstone and Malling;South East;Kent;E14001349;73084;3600;2700;1900;600;1100;0;0;100;Conservatives;Lab;Lean Conservatives;1000;Conservative hold;Conservatives
Makerfield;North West;Western Manchester;E14001350;76517;1400;5500;500;700;1700;0;0;100;Labour;Ref;Safe Labour;3800;Labour hold;Labour
Maldon;East of England;Essex;E14001351;76794;4500;2900;700;500;1400;0;0;100;Conservatives;Lab;Likely Conservatives;1600;Conservative hold;Conservatives
Manchester Central;North West;Central Manchester;E14001352;75311;700;6400;1100;900;700;0;0;200;Labour;LD;Safe Labour;5200;Labour hold;Labour
Manchester Rusholme;North West;Central Manchester;E14001353;70692;100;7800;400;1300;400;0;0;100;Labour;Grn;Safe Labour;6500;Labour hold;Labour
Manchester Withington;North West;Central Manchester;E14001354;71614;400;7100;600;1500;300;0;0;100;Labour;Grn;Safe Labour;5700;Labour hold;Labour
Mansfield;East Midlands;Nottinghamshire;E14001355;74680;3500;4000;300;400;1600;0;0;100;Labour;Con;Lean Labour;500;Labour gain from Conservatives;Conservatives
Melksham and Devizes;South West;Wiltshire;E14001356;71823;3600;1800;3300;400;900;0;0;100;Conservatives;LD;Tossup;300;Conservative hold;Conservatives
Melton and Syston;East Midlands;Leicestershire;E14001357;71615;3700;3400;700;800;1300;0;0;100;Conservatives;Lab;Tossup;400;Conservative hold;Conservatives
Meriden and Solihull East;West Midlands;Coventry and Solihull;E14001358;74211;3800;3300;1200;500;1200;0;0;100;Conservatives;Lab;Lean Conservatives;500;Conservative hold;Conservatives
Merthyr Tydfil and Aberdare;Wales;Mid Glamorgan;W07000099;74805;1000;4400;400;600;1400;1700;0;500;Labour;PC;Safe Labour;2700;Labour hold;Labour
Mid and South Pembrokeshire;Wales;Dyfed;W07000100;76820;3300;4300;400;300;900;700;0;100;Labour;Con;Lean Labour;900;Labour gain from Conservatives;Conservatives
Mid Bedfordshire;East of England;Bedfordshire;E14001359;71748;3600;3700;800;600;1200;0;0;100;Labour;Con;Tossup;0;Labour gain from Conservatives;Conservatives
Mid Buckinghamshire;South East;Buckinghamshire;E14001360;72240;4200;2400;2100;400;800;0;0;100;Conservatives;Lab;Likely Conservatives;1800;Conservative hold;Conservatives
Mid Cheshire;North West;Cheshire;E14001361;69775;2700;5000;600;600;1100;0;0;100;Labour;Con;Likely Labour;2400;Labour gain from Conservatives;Conservatives
Mid Derbyshire;East Midlands;Derbyshire;E14001362;70085;3800;4000;500;600;1000;0;0;100;Labour;Con;Tossup;300;Labour gain from Conservatives;Conservatives
Mid Dorset and North Poole;South West;Dorset;E14001363;74305;3600;1400;3400;400;1100;0;0;100;Conservatives;LD;Tossup;100;Conservative hold;Conservatives
Mid Dunbartonshire;Scotland;Glasgow area;S14000097;75099;500;2800;2000;800;500;2900;0;500;SNP;Lab;Tossup;100;SNP hold;SNP
Mid Leicestershire;East Midlands;Leicestershire;E14001364;76173;3900;3500;700;600;1100;0;0;100;Conservatives;Lab;Tossup;400;Conservative hold;Conservatives
Mid Norfolk;East of England;Norfolk;E14001365;71060;3900;3500;800;300;1400;0;0;100;Conservatives;Lab;Tossup;400;Conservative hold;Conservatives
Mid Sussex;South East;West Sussex;E14001366;72255;3200;2400;2900;600;800;0;0;100;Conservatives;LD;Tossup;200;Conservative hold;Conservatives
Middlesbrough and Thornaby East;North East;Teesside;E14001367;71742;900;5600;600;1000;1500;0;0;500;Labour;Ref;Safe Labour;4100;Labour hold;Labour
Middlesbrough South and East Cleveland;North East;Teesside;E14001368;69967;3100;4700;400;400;1300;0;0;100;Labour;Con;Likely Labour;1600;Labour gain from Conservatives;Conservatives
Midlothian;Scotland;Edinburgh area;S14000045;71210;600;4300;400;700;400;2900;0;600;Labour;SNP;Likely Labour;1400;Labour gain from SNP;SNP
Milton Keynes Central;South East;Buckinghamshire;E14001369;76708;2700;5000;800;600;800;0;0;100;Labour;Con;Likely Labour;2300;Labour gain from Conservatives;Conservatives
Milton Keynes North;South East;Buckinghamshire;E14001370;70620;3000;4800;500;700;900;0;0;100;Labour;Con;Likely Labour;1800;Labour gain from Conservatives;Conservatives
Mitcham and Morden;London;Merton;E14001371;76877;1300;6400;700;800;800;0;0;100;Labour;Con;Safe Labour;5200;Labour hold;Labour
Monmouthshire;Wales;Gwent;W07000101;72681;3300;4400;400;300;800;700;0;100;Labour;Con;Likely Labour;1000;Labour gain from Conservatives;Conservatives
Montgomeryshire and Glyndwr;Wales;Powys;W07000102;74223;3300;2700;1500;200;1100;1000;0;100;Conservatives;Lab;Lean Conservatives;500;Conservative hold;Conservatives
Moray West, Nairn and Strathspey;Scotland;Grampian;S14000098;76237;2900;2300;200;500;500;3400;0;100;SNP;Con;Lean SNP;500;SNP hold;SNP
Morecambe and Lunesdale;North West;Lancashire;E14001372;76040;3400;3900;1200;400;1000;0;0;100;Labour;Con;Lean Labour;500;Labour gain from Conservatives;Conservatives
Motherwell, Wishaw and Carluke;Scotland;Glasgow area;S14000099;72318;300;4900;300;600;300;3100;0;600;Labour;SNP;Likely Labour;1800;Labour gain from SNP;SNP
Na h-Eileanan an Iar;Scotland;Western Isles;S14000027;21177;1000;3800;300;600;400;3200;0;600;Labour;SNP;Lean Labour;600;Labour gain from SNP;SNP
Neath and Swansea East;Wales;West Glamorgan;W07000103;74705;1400;4700;400;500;1200;1400;0;200;Labour;Con;Safe Labour;3300;Labour hold;Labour
New Forest East;South East;Hampshire;E14001373;73823;3700;2500;1700;600;1400;0;0;100;Conservatives;Lab;Likely Conservatives;1200;Conservative hold;Conservatives
New Forest West;South East;Hampshire;E14001374;71009;4300;2100;1700;700;1100;0;0;100;Conservatives;Lab;Likely Conservatives;2200;Conservative hold;Conservatives
Newark;East Midlands;Nottinghamshire;E14001375;76478;3900;3900;600;500;1100;0;0;100;Conservatives;Lab;Tossup;0;Conservative hold;Conservatives
Newbury;South East;Berkshire;E14001376;71631;3300;1500;3700;500;900;0;0;100;Lib Dems;Con;Tossup;400;Lib Dem gain from Conservatives;Conservatives
Newcastle upon Tyne Central and West;North East;Newcastle area;E14001377;76460;1100;6500;500;900;1100;0;0;0;Labour;Con;Safe Labour;5400;Labour hold;Labour
Newcastle upon Tyne East and Wallsend;North East;Newcastle area;E14001378;76875;800;6500;700;1000;1000;0;0;100;Labour;Grn;Safe Labour;5500;Labour hold;Labour
Newcastle upon Tyne North;North East;Newcastle area;E14001379;76503;1600;5800;800;900;900;0;0;100;Labour;Con;Safe Labour;4100;Labour hold;Labour
Newcastle-under-Lyme;West Midlands;Staffordshire;E14001380;70025;2900;4700;500;500;1400;0;0;100;Labour;Con;Likely Labour;1800;Labour gain from Conservatives;Conservatives
Newport East;Wales;Gwent;W07000104;76159;1900;4600;600;500;1200;900;0;300;Labour;Con;Safe Labour;2700;Labour hold;Labour
Newport West and Islwyn;Wales;Gwent;W07000105;76234;2100;4500;400;400;1200;1100;0;200;Labour;Con;Likely Labour;2300;Labour hold;Labour
Newton Abbot;South West;Devon;E14001381;72956;3400;2100;2700;600;1100;0;0;100;Conservatives;LD;Lean Conservatives;700;Conservative hold;Conservatives
Newton Aycliffe and Spennymoor;North East;Durham;E14001382;71299;2400;5200;400;500;1500;0;0;100;Labour;Con;Safe Labour;2800;Labour gain from Conservatives;Conservatives
Normanton and Hemsworth;Yorkshire and The Humber;West Yorkshire;E14001383;75388;1200;5200;600;600;2000;0;0;400;Labour;Ref;Safe Labour;3200;Labour hold;Labour
North Ayrshire and Arran;Scotland;Ayrshire and Lanark;S14000048;73588;1100;3800;200;500;400;3300;0;600;Labour;SNP;Tossup;500;Labour gain from SNP;SNP
North Bedfordshire;East of England;Bedfordshire;E14001384;76319;3900;3400;900;600;1200;0;0;100;Conservatives;Lab;Tossup;500;Conservative hold;Conservatives
North Cornwall;South West;Cornwall;E14001385;75034;3300;1400;3800;300;1200;0;0;100;Lib Dems;Con;Tossup;400;Lib Dem gain from Conservatives;Conservatives
North Cotswolds;South West;Gloucestershire;E14001386;70915;3900;2500;2000;600;900;0;0;100;Conservatives;Lab;Likely Conservatives;1400;Conservative hold;Conservatives
North Devon;South West;Devon;E14001387;76455;3100;1300;4200;400;1100;0;0;0;Lib Dems;Con;Likely Lib Dems;1100;Lib Dem gain from Conservatives;Conservatives
North Dorset;South West;Dorset;E14001388;72109;3700;1600;3100;400;1100;0;0;100;Conservatives;LD;Lean Conservatives;700;Conservative hold;Conservatives
North Durham;North East;Durham;E14001389;73079;1700;5600;500;700;1500;0;0;0;Labour;Con;Safe Labour;3900;Labour hold;Labour
North East Cambridgeshire;East of England;Cambridgeshire;E14001390;70806;4100;3000;700;500;1600;0;0;100;Conservatives;Lab;Likely Conservatives;1100;Conservative hold;Conservatives
North East Derbyshire;East Midlands;Derbyshire;E14001391;72344;3200;4400;600;500;1200;0;0;100;Labour;Con;Likely Labour;1200;Labour gain from Conservatives;Conservatives
North East Fife;Scotland;Fife;S14000100;70452;300;1100;2800;1200;700;3000;0;900;SNP;LD;Tossup;200;SNP hold;SNP
North East Hampshire;South East;Hampshire;E14001392;73306;4200;1900;2500;400;900;0;0;100;Conservatives;LD;Likely Conservatives;1700;Conservative hold;Conservatives
North East Hertfordshire;East of England;Hertfordshire;E14001393;76849;3500;3900;800;700;1100;0;0;100;Labour;Con;Tossup;400;Labour gain from Conservatives;Conservatives
North East Somerset and Hanham;South West;Bristol area;E14001394;73113;3400;4000;1000;500;1000;0;0;100;Labour;Con;Lean Labour;600;Labour gain from Conservatives;Conservatives
North Herefordshire;West Midlands;Hereford and Worcestershire;E14001395;70894;3800;2300;800;1700;1300;0;0;100;Conservatives;Lab;Likely Conservatives;1500;Conservative hold;Conservatives
North Norfolk;East of England;Norfolk;E14001396;70719;3500;1200;3700;200;1200;0;0;100;Lib Dems;Con;Tossup;200;Lib Dem gain from Conservatives;Conservatives
North Northumberland;North East;Northumberland;E14001397;72541;3600;3600;1100;500;1100;0;0;100;Conservatives;Lab;Tossup;0;Conservative hold;Conservatives
North Shropshire;West Midlands;Shropshire;E14001398;77052;2500;1900;4000;300;1100;0;0;100;Lib Dems;Con;Likely Lib Dems;1500;Lib Dem gain from Conservatives;Conservatives
North Somerset;South West;Bristol area;E14001399;73963;3500;4000;800;600;1000;0;0;100;Labour;Con;Lean Labour;500;Labour gain from Conservatives;Conservatives
North Warwickshire and Bedworth;West Midlands;Warwickshire;E14001400;70245;3600;4000;400;400;1500;0;0;100;Labour;Con;Tossup;400;Labour gain from Conservatives;Conservatives
North West Cambridgeshire;East of England;Cambridgeshire;E14001401;73556;3300;3700;1000;700;1200;0;0;100;Labour;Con;Tossup;400;Labour gain from Conservatives;Conservatives
North West Essex;East of England;Essex;E14001402;76280;3900;2400;2000;500;1000;0;0;100;Conservatives;Lab;Likely Conservatives;1500;Conservative hold;Conservatives
North West Hampshire;South East;Hampshire;E14001403;76004;3800;2800;1500;700;1100;0;0;100;Conservatives;Lab;Lean Conservatives;1000;Conservative hold;Conservatives
North West Leicestershire;East Midlands;Leicestershire;E14001404;75373;3600;3900;500;700;1300;0;0;100;Labour;Con;Tossup;300;Labour gain from Conservatives;Conservatives
North West Norfolk;East of England;Norfolk;E14001405;75200;3700;3500;800;400;1400;0;0;100;Conservatives;Lab;Tossup;200;Conservative hold;Conservatives
Northampton North;East Midlands;Northamptonshire;E14001406;75713;2600;5100;500;700;1100;0;0;100;Labour;Con;Likely Labour;2500;Labour gain from Conservatives;Conservatives
Northampton South;East Midlands;Northamptonshire;E14001407;71512;3400;4300;500;600;1100;0;0;100;Labour;Con;Lean Labour;1000;Labour gain from Conservatives;Conservatives
Norwich North;East of England;Norfolk;E14001408;71441;2900;5000;400;600;1100;0;0;100;Labour;Con;Likely Labour;2100;Labour gain from Conservatives;Conservatives
Norwich South;East of England;Norfolk;E14001409;73201;1400;6100;700;1000;800;0;0;100;Labour;Con;Safe Labour;4700;Labour hold;Labour
Nottingham East;East Midlands;Nottinghamshire;E14001410;75327;900;6900;500;1100;600;0;0;100;Labour;Grn;Safe Labour;5800;Labour hold;Labour
Nottingham North and Kimberley;East Midlands;Nottinghamshire;E14001411;74515;2000;5500;300;800;1300;0;0;100;Labour;Con;Safe Labour;3500;Labour hold;Labour
Nottingham South;East Midlands;Nottinghamshire;E14001412;76076;1400;5700;700;1000;1000;0;0;100;Labour;Con;Safe Labour;4300;Labour hold;Labour
Nuneaton;West Midlands;Warwickshire;E14001413;70335;3300;4300;300;700;1300;0;0;100;Labour;Con;Lean Labour;900;Labour gain from Conservatives;Conservatives
Old Bexley and Sidcup;London;Bexley;E14001414;74317;3800;3500;600;600;1300;0;0;100;Conservatives;Lab;Tossup;300;Conservative hold;Conservatives
Oldham East and Saddleworth;North West;Eastern Manchester;E14001415;72997;2100;4600;700;700;1400;0;0;500;Labour;Con;Safe Labour;2500;Labour hold;Labour
Oldham West, Chadderton and Royton;North West;Eastern Manchester;E14001416;74183;1400;5200;500;900;1200;0;0;900;Labour;Con;Safe Labour;3800;Labour hold;Labour
Orkney and Shetland;Scotland;Orkney and Shetland;S14000051;34824;200;1000;3100;1100;800;3000;0;900;Lib Dems;SNP;Tossup;100;Lib Dem hold;Lib Dems
Orpington;London;Bromley;E14001417;71571;3600;2900;1700;500;1200;0;0;100;Conservatives;Lab;Lean Conservatives;700;Conservative hold;Conservatives
Ossett and Denby Dale;Yorkshire and The Humber;West Yorkshire;E14001418;71595;3100;4700;400;400;1300;0;0;100;Labour;Con;Likely Labour;1600;Labour gain from Conservatives;Conservatives
Oxford East;South East;Oxfordshire;E14001419;72731;900;6200;900;1200;500;0;0;200;Labour;Grn;Safe Labour;5000;Labour hold;Labour
Oxford West and Abingdon;South East;Oxfordshire;E14001420;72004;1400;1700;5300;300;600;0;0;500;Lib Dems;Lab;Safe Lib Dems;3500;Lib Dem hold;Lib Dems
Paisley and Renfrewshire North;Scotland;Glasgow area;S14000101;69941;400;4000;300;700;300;3400;0;800;Labour;SNP;Lean Labour;600;Labour gain from SNP;SNP
Paisley and Renfrewshire South;Scotland;Glasgow area;S14000102;69813;300;3900;300;700;300;3600;0;800;Labour;SNP;Tossup;300;Labour gain from SNP;SNP
Peckham;London;Southwark;E14001421;71176;200;7500;600;1200;400;0;0;100;Labour;Grn;Safe Labour;6300;Labour hold;Labour
Pendle and Clitheroe;North West;Lancashire;E14001422;76941;3300;4100;700;600;1200;0;0;100;Labour;Con;Lean Labour;800;Labour gain from Conservatives;Conservatives
Penistone and Stocksbridge;Yorkshire and The Humber;South Yorkshire;E14001423;71377;2700;4700;900;300;1400;0;0;100;Labour;Con;Likely Labour;2000;Labour gain from Conservatives;Conservatives
Penrith and Solway;North West;Cumbria;E14001424;76720;3400;4100;800;500;1200;0;0;100;Labour;Con;Lean Labour;700;Labour gain from Conservatives;Conservatives
Perth and Kinross-shire;Scotland;Tayside;S14000103;76320;2800;2500;300;600;300;3300;0;200;SNP;Con;Lean SNP;500;SNP hold;SNP
Peterborough;East of England;Cambridgeshire;E14001425;72273;2500;5000;600;700;1200;0;0;0;Labour;Con;Likely Labour;2500;Labour gain from Conservatives;Conservatives
Plymouth Moor View;South West;Devon;E14001426;73378;3200;4300;600;500;1400;0;0;100;Labour;Con;Likely Labour;1200;Labour gain from Conservatives;Conservatives
Plymouth Sutton and Devonport;South West;Devon;E14001427;73495;1700;5900;500;700;1100;0;0;100;Labour;Con;Safe Labour;4200;Labour hold;Labour
Pontefract, Castleford and Knottingley;Yorkshire and The Humber;West Yorkshire;E14001428;72751;1400;5400;500;400;2000;0;0;300;Labour;Ref;Safe Labour;3400;Labour hold;Labour
Pontypridd;Wales;Mid Glamorgan;W07000106;73743;1400;4600;300;400;1100;1800;0;400;Labour;PC;Safe Labour;2800;Labour hold;Labour
Poole;South West;Dorset;E14001429;72162;3500;3400;1100;600;1300;0;0;100;Conservatives;Lab;Tossup;100;Conservative hold;Conservatives
Poplar and Limehouse;London;Tower Hamlets;E14001430;75814;700;6800;900;1000;400;0;0;200;Labour;Grn;Safe Labour;5700;Labour hold;Labour
Portsmouth North;South East;Hampshire;E14001431;71844;3500;4000;600;500;1300;0;0;100;Labour;Con;Tossup;500;Labour gain from Conservatives;Conservatives
Portsmouth South;South East;Hampshire;E14001432;74253;1800;5800;800;600;900;0;0;100;Labour;Con;Safe Labour;4000;Labour hold;Labour
Preston;North West;Lancashire;E14001433;72946;1300;6000;600;800;1000;0;0;200;Labour;Con;Safe Labour;4700;Labour hold;Labour
Putney;London;Wandsworth;E14001434;73041;2200;5600;1000;800;400;0;0;100;Labour;Con;Safe Labour;3400;Labour hold;Labour
Queen's Park and Maida Vale;London;City of Westminster;E14001435;75256;800;6800;800;1000;500;0;0;100;Labour;Grn;Safe Labour;5800;Labour hold;Labour
Rawmarsh and Conisbrough;Yorkshire and The Humber;South Yorkshire;E14001436;70272;1500;5600;400;400;2000;0;0;100;Labour;Ref;Safe Labour;3700;Labour hold;Labour
Rayleigh and Wickford;East of England;Essex;E14001437;76422;4100;2800;900;500;1600;0;0;100;Conservatives;Lab;Likely Conservatives;1300;Conservative hold;Conservatives
Reading Central;South East;Berkshire;E14001438;71283;2000;5800;600;900;600;0;0;100;Labour;Con;Safe Labour;3800;Labour hold;Labour
Reading West and Mid Berkshire;South East;Berkshire;E14001439;69999;3500;3800;1100;500;1000;0;0;100;Labour;Con;Tossup;300;Labour gain from Conservatives;Conservatives
Redcar;North East;Teesside;E14001440;71331;2500;4800;500;500;1600;0;0;100;Labour;Con;Likely Labour;2200;Labour gain from Conservatives;Conservatives
Redditch;West Midlands;Hereford and Worcestershire;E14001441;69921;3700;3900;400;600;1300;0;0;100;Labour;Con;Tossup;200;Labour gain from Conservatives;Conservatives
Reigate;South East;Surrey;E14001442;76139;3900;2600;1600;900;1000;0;0;100;Conservatives;Lab;Likely Conservatives;1300;Conservative hold;Conservatives
Rhondda and Ogmore;Wales;Mid Glamorgan;W07000107;73557;500;5600;400;500;1300;1400;0;300;Labour;PC;Safe Labour;4200;Labour hold;Labour
Ribble Valley;North West;Lancashire;E14001443;75993;3600;4200;600;500;1100;0;0;100;Labour;Con;Lean Labour;600;Labour gain from Conservatives;Conservatives
Richmond and Northallerton;Yorkshire and The Humber;North Yorkshire;E14001444;72744;4100;3200;900;500;1200;0;0;100;Conservatives;Lab;Lean Conservatives;900;Conservative hold;Conservatives
Richmond Park;London;Richmond upon Thames;E14001445;75037;1600;1000;6300;200;400;0;0;400;Lib Dems;Con;Safe Lib Dems;4700;Lib Dem hold;Lib Dems
Rochdale;North West;Eastern Manchester;E14001446;71697;1500;5300;1000;700;1200;0;0;300;Labour;Con;Safe Labour;3800;Labour hold;Labour
Rochester and Strood;South East;Kent;E14001447;72155;3200;3900;700;700;1400;0;0;100;Labour;Con;Lean Labour;600;Labour gain from Conservatives;Conservatives
Romford;London;Havering;E14001448;72730;3800;3600;500;600;1500;0;0;100;Conservatives;Lab;Tossup;200;Conservative hold;Conservatives
Romsey and Southampton North;South East;Hampshire;E14001449;73831;3900;2100;2600;400;900;0;0;100;Conservatives;LD;Likely Conservatives;1300;Conservative hold;Conservatives
Rossendale and Darwen;North West;Lancashire;E14001450;74593;3200;4600;400;600;1100;0;0;100;Labour;Con;Likely Labour;1500;Labour gain from Conservatives;Conservatives
Rother Valley;Yorkshire and The Humber;South Yorkshire;E14001451;70814;2500;4500;400;600;1800;0;0;200;Labour;Con;Likely Labour;2000;Labour gain from Conservatives;Conservatives
Rotherham;Yorkshire and The Humber;South Yorkshire;E14001452;75345;1300;5300;700;500;1900;0;0;300;Labour;Ref;Safe Labour;3400;Labour hold;Labour
Rugby;West Midlands;Warwickshire;E14001453;72603;3400;4100;500;700;1200;0;0;100;Labour;Con;Lean Labour;700;Labour gain from Conservatives;Conservatives
Ruislip, Northwood and Pinner;London;Hillingdon;E14001454;72168;3700;3800;1000;500;800;0;0;100;Labour;Con;Tossup;100;Labour gain from Conservatives;Conservatives
Runcorn and Helsby;North West;Cheshire;E14001455;70950;1700;6000;500;600;1100;0;0;100;Labour;Con;Safe Labour;4200;Labour hold;Labour
Runnymede and Weybridge;South East;Surrey;E14001456;73778;3400;2200;2700;600;900;0;0;100;Conservatives;LD;Lean Conservatives;700;Conservative hold;Conservatives
Rushcliffe;East Midlands;Nottinghamshire;E14001457;76171;3200;5000;600;500;700;0;0;100;Labour;Con;Likely Labour;1800;Labour gain from Conservatives;Conservatives
Rutherglen;Scotland;Ayrshire and Lanark;S14000104;71612;200;4800;400;700;300;3100;0;600;Labour;SNP;Likely Labour;1700;Labour gain from SNP;SNP
Rutland and Stamford;East Midlands;Leicestershire;E14001458;70864;4400;2400;1400;600;1000;0;0;100;Conservatives;Lab;Likely Conservatives;2000;Conservative hold;Conservatives
Salford;North West;Central Manchester;E14001459;72169;800;6400;400;1200;1100;0;0;100;Labour;Grn;Safe Labour;5200;Labour hold;Labour
Salisbury;South West;Wiltshire;E14001460;70242;3700;2500;1900;700;1000;0;0;100;Conservatives;Lab;Likely Conservatives;1200;Conservative hold;Conservatives
Scarborough and Whitby;Yorkshire and The Humber;North Yorkshire;E14001461;73862;3300;4500;400;400;1300;0;0;100;Labour;Con;Likely Labour;1200;Labour gain from Conservatives;Conservatives
Scunthorpe;Yorkshire and The Humber;Humber area;E14001462;74278;2900;4800;400;400;1400;0;0;100;Labour;Con;Likely Labour;1800;Labour gain from Conservatives;Conservatives
Sefton Central;North West;Merseyside;E14001463;74746;1900;6400;400;500;800;0;0;100;Labour;Con;Safe Labour;4500;Labour hold;Labour
Selby;Yorkshire and The Humber;North Yorkshire;E14001464;74761;3100;4700;400;500;1200;0;0;100;Labour;Con;Likely Labour;1600;Labour gain from Conservatives;Conservatives
Sevenoaks;South East;Kent;E14001465;73684;4000;2300;1800;600;1200;0;0;100;Conservatives;Lab;Likely Conservatives;1700;Conservative hold;Conservatives
Sheffield Brightside and Hillsborough;Yorkshire and The Humber;South Yorkshire;E14001466;71154;1000;5800;400;1100;1300;0;0;400;Labour;Ref;Safe Labour;4500;Labour hold;Labour
Sheffield Central;Yorkshire and The Humber;South Yorkshire;E14001467;70453;200;6900;600;1900;400;0;0;100;Labour;Grn;Safe Labour;5000;Labour hold;Labour
Sheffield Hallam;Yorkshire and The Humber;South Yorkshire;E14001468;76637;1400;4100;2500;800;700;0;0;400;Labour;LD;Likely Labour;1600;Labour hold;Labour
Sheffield Heeley;Yorkshire and The Humber;South Yorkshire;E14001469;74614;1100;6200;500;1000;1100;0;0;100;Labour;Con;Safe Labour;5000;Labour hold;Labour
Sheffield South East;Yorkshire and The Humber;South Yorkshire;E14001470;76223;1600;5700;500;500;1600;0;0;0;Labour;Con;Safe Labour;4000;Labour hold;Labour
Sherwood Forest;East Midlands;Nottinghamshire;E14001471;76543;3500;4100;500;500;1300;0;0;100;Labour;Con;Lean Labour;600;Labour gain from Conservatives;Conservatives
Shipley;Yorkshire and The Humber;West Yorkshire;E14001472;74095;3100;4900;500;600;900;0;0;100;Labour;Con;Likely Labour;1900;Labour gain from Conservatives;Conservatives
Shrewsbury;West Midlands;Shropshire;E14001473;75139;2800;4800;700;600;1000;0;0;100;Labour;Con;Likely Labour;2000;Labour gain from Conservatives;Conservatives
Sittingbourne and Sheppey;South East;Kent;E14001474;76818;3700;3600;700;400;1500;0;0;100;Conservatives;Lab;Tossup;100;Conservative hold;Conservatives
Skipton and Ripon;Yorkshire and The Humber;North Yorkshire;E14001475;76758;3800;3500;900;600;1100;0;0;100;Conservatives;Lab;Tossup;300;Conservative hold;Conservatives
Sleaford and North Hykeham;East Midlands;Lincolnshire;E14001476;73380;4000;3300;700;400;1500;0;0;100;Conservatives;Lab;Lean Conservatives;700;Conservative hold;Conservatives
Slough;South East;Berkshire;E14001477;75287;1500;5000;900;1100;800;0;0;700;Labour;Con;Safe Labour;3600;Labour hold;Labour
Smethwick;West Midlands;Black Country;E14001478;71195;1300;5600;600;900;1200;0;0;400;Labour;Con;Safe Labour;4300;Labour hold;Labour
Solihull West and Shirley;West Midlands;Coventry and Solihull;E14001479;70537;3800;3300;1200;500;1000;0;0;100;Conservatives;Lab;Tossup;500;Conservative hold;Conservatives
South Basildon and East Thurrock;East of England;Essex;E14001480;73322;3400;3800;400;400;1900;0;0;100;Labour;Con;Tossup;400;Labour gain from Conservatives;Conservatives
South Cambridgeshire;East of England;Cambridgeshire;E14001481;75484;2700;1900;4400;300;600;0;0;100;Lib Dems;Con;Likely Lib Dems;1700;Lib Dem gain from Conservatives;Conservatives
South Cotswolds;South West;Gloucestershire;E14001482;72865;3400;1700;3600;400;900;0;0;100;Lib Dems;Con;Tossup;200;Lib Dem gain from Conservatives;Conservatives
South Derbyshire;East Midlands;Derbyshire;E14001483;71202;3500;3900;600;600;1300;0;0;100;Labour;Con;Tossup;400;Labour gain from Conservatives;Conservatives
South Devon;South West;Devon;E14001484;71691;3200;1700;3900;200;900;0;0;100;Lib Dems;Con;Lean Lib Dems;700;Lib Dem gain from Conservatives;Conservatives
South Dorset;South West;Dorset;E14001485;76640;3300;3400;1300;600;1300;0;0;100;Labour;Con;Tossup;100;Labour gain from Conservatives;Conservatives
South East Cornwall;South West;Cornwall;E14001486;71734;3800;3000;1300;500;1300;0;0;100;Conservatives;Lab;Lean Conservatives;700;Conservative hold;Conservatives
South Holland and The Deepings;East Midlands;Lincolnshire;E14001487;76139;4300;3000;500;400;1700;0;0;100;Conservatives;Lab;Likely Conservatives;1300;Conservative hold;Conservatives
South Leicestershire;East Midlands;Leicestershire;E14001488;75634;4100;3300;800;500;1200;0;0;100;Conservatives;Lab;Lean Conservatives;700;Conservative hold;Conservatives
South Norfolk;East of England;Norfolk;E14001489;69837;3600;3900;900;500;1000;0;0;100;Labour;Con;Tossup;400;Labour gain from Conservatives;Conservatives
South Northamptonshire;East Midlands;Northamptonshire;E14001490;76555;3800;3500;900;600;1200;0;0;100;Conservatives;Lab;Tossup;300;Conservative hold;Conservatives
South Ribble;North West;Lancashire;E14001491;72029;3000;4700;500;500;1100;0;0;100;Labour;Con;Likely Labour;1700;Labour gain from Conservatives;Conservatives
South Shields;North East;Newcastle area;E14001492;69725;1000;5000;400;1100;1600;0;0;800;Labour;Ref;Safe Labour;3400;Labour hold;Labour
South Shropshire;West Midlands;Shropshire;E14001493;77034;3900;2700;1600;400;1200;0;0;100;Conservatives;Lab;Likely Conservatives;1200;Conservative hold;Conservatives
South Suffolk;East of England;Suffolk;E14001494;71070;3800;3000;1100;800;1200;0;0;100;Conservatives;Lab;Lean Conservatives;800;Conservative hold;Conservatives
South West Devon;South West;Devon;E14001495;75371;3900;3200;1100;500;1200;0;0;100;Conservatives;Lab;Lean Conservatives;700;Conservative hold;Conservatives
South West Hertfordshire;East of England;Hertfordshire;E14001496;71552;3300;3000;1800;500;1200;0;0;300;Conservatives;Lab;Tossup;200;Conservative hold;Conservatives
South West Norfolk;East of England;Norfolk;E14001497;72496;4000;3100;800;500;1600;0;0;100;Conservatives;Lab;Lean Conservatives;1000;Conservative hold;Conservatives
South West Wiltshire;South West;Wiltshire;E14001498;71551;3400;3100;1500;700;1200;0;0;100;Conservatives;Lab;Tossup;300;Conservative hold;Conservatives
Southampton Itchen;South East;Hampshire;E14001499;72150;2600;5300;300;500;1100;0;0;100;Labour;Con;Safe Labour;2700;Labour gain from Conservatives;Conservatives
Southampton Test;South East;Hampshire;E14001500;69960;1700;5500;900;800;1000;0;0;100;Labour;Con;Safe Labour;3800;Labour hold;Labour
Southend East and Rochford;East of England;Essex;E14001501;70094;3400;4100;600;500;1300;0;0;100;Labour;Con;Lean Labour;700;Labour gain from Conservatives;Conservatives
Southend West and Leigh;East of England;Essex;E14001502;76824;3500;3800;1000;400;1200;0;0;100;Labour;Con;Tossup;300;Labour gain from Conservatives;Conservatives
Southgate and Wood Green;London;Enfield;E14001503;76034;1600;6200;700;800;600;0;0;100;Labour;Con;Safe Labour;4700;Labour hold;Labour
Southport;North West;Merseyside;E14001504;74168;3000;5200;700;300;800;0;0;100;Labour;Con;Likely Labour;2200;Labour gain from Conservatives;Conservatives
Spelthorne;South East;Surrey;E14001505;72897;3400;3200;1300;700;1300;0;0;100;Conservatives;Lab;Tossup;200;Conservative hold;Conservatives
Spen Valley;Yorkshire and The Humber;West Yorkshire;E14001506;72169;2600;4300;700;600;1400;0;0;400;Labour;Con;Likely Labour;1700;Labour gain from Conservatives;Conservatives
St Albans;East of England;Hertfordshire;E14001507;70881;1500;1300;5700;400;600;0;0;400;Lib Dems;Con;Safe Lib Dems;4200;Lib Dem hold;Lib Dems
St Austell and Newquay;South West;Cornwall;E14001508;74585;3200;3800;1000;600;1500;0;0;0;Labour;Con;Lean Labour;600;Labour gain from Conservatives;Conservatives
St Helens North;North West;Merseyside;E14001509;76082;1100;6000;500;1000;1400;0;0;100;Labour;Ref;Safe Labour;4700;Labour hold;Labour
St Helens South and Whiston;North West;Merseyside;E14001510;70302;700;6600;600;800;1200;0;0;100;Labour;Ref;Safe Labour;5300;Labour hold;Labour
St Ives;South West;Cornwall;E14001511;70107;2600;1200;4900;300;1000;0;0;100;Lib Dems;Con;Likely Lib Dems;2300;Lib Dem gain from Conservatives;Conservatives
St Neots and Mid Cambridgeshire;East of England;Cambridgeshire;E14001512;74699;3400;2600;2700;500;900;0;0;0;Conservatives;LD;Lean Conservatives;700;Conservative hold;Conservatives
Stafford;West Midlands;Staffordshire;E14001513;70537;3400;4200;600;600;1100;0;0;100;Labour;Con;Lean Labour;800;Labour gain from Conservatives;Conservatives
Staffordshire Moorlands;West Midlands;Staffordshire;E14001514;70113;3700;3700;700;400;1400;0;0;100;Conservatives;Lab;Tossup;100;Conservative hold;Conservatives
Stalybridge and Hyde;North West;Eastern Manchester;E14001515;73028;1900;5400;400;800;1400;0;0;100;Labour;Con;Safe Labour;3600;Labour hold;Labour
Stevenage;East of England;Hertfordshire;E14001516;70370;2900;4600;700;600;1100;0;0;100;Labour;Con;Likely Labour;1700;Labour gain from Conservatives;Conservatives
Stirling and Strathallan;Scotland;Central;S14000105;77008;1600;3200;300;500;400;3500;0;500;SNP;Lab;Tossup;400;SNP hold;SNP
Stockport;North West;Eastern Manchester;E14001517;74769;1300;5800;600;1200;1000;0;0;0;Labour;Con;Safe Labour;4400;Labour hold;Labour
Stockton North;North East;Teesside;E14001518;69779;1700;5600;400;600;1600;0;0;100;Labour;Con;Safe Labour;3900;Labour hold;Labour
Stockton West;North East;Teesside;E14001519;70108;3600;4300;500;400;1200;0;0;100;Labour;Con;Lean Labour;700;Labour gain from Conservatives;Conservatives
Stoke-on-Trent Central;West Midlands;Staffordshire;E14001520;70550;2200;5400;400;600;1400;0;0;100;Labour;Con;Safe Labour;3200;Labour gain from Conservatives;Conservatives
Stoke-on-Trent North;West Midlands;Staffordshire;E14001521;69821;2700;4500;400;500;1700;0;0;100;Labour;Con;Likely Labour;1800;Labour gain from Conservatives;Conservatives
Stoke-on-Trent South;West Midlands;Staffordshire;E14001522;69831;3600;4000;500;500;1300;0;0;100;Labour;Con;Tossup;400;Labour gain from Conservatives;Conservatives
Stone, Great Wyrley and Penkridge;West Midlands;Staffordshire;E14001523;70701;3900;3600;600;400;1300;0;0;100;Conservatives;Lab;Tossup;400;Conservative hold;Conservatives
Stourbridge;West Midlands;Black Country;E14001524;69840;3600;3800;600;500;1400;0;0;100;Labour;Con;Tossup;200;Labour gain from Conservatives;Conservatives
Stratford and Bow;London;Newham;E14001525;73849;500;7100;500;1500;500;0;0;100;Labour;Grn;Safe Labour;5600;Labour hold;Labour
Stratford-on-Avon;West Midlands;Warwickshire;E14001526;72388;3700;1800;3000;400;900;0;0;100;Conservatives;LD;Lean Conservatives;600;Conservative hold;Conservatives
Streatham and Croydon North;London;Lambeth;E14001527;76050;800;6500;1200;1000;500;0;0;100;Labour;LD;Safe Labour;5300;Labour hold;Labour
Stretford and Urmston;North West;Central Manchester;E14001528;73212;1300;6400;500;900;900;0;0;0;Labour;Con;Safe Labour;5200;Labour hold;Labour
Stroud;South West;Gloucestershire;E14001529;76249;2500;5100;400;1000;800;0;0;100;Labour;Con;Safe Labour;2600;Labour gain from Conservatives;Conservatives
Suffolk Coastal;East of England;Suffolk;E14001530;72683;3600;3400;1000;800;1200;0;0;100;Conservatives;Lab;Tossup;200;Conservative hold;Conservatives
Sunderland Central;North East;Newcastle area;E14001531;72688;1700;4800;800;1000;1500;0;0;200;Labour;Con;Safe Labour;3100;Labour hold;Labour
Surrey Heath;South East;Surrey;E14001532;70825;3400;1500;3600;500;900;0;0;100;Lib Dems;Con;Tossup;200;Lib Dem gain from Conservatives;Conservatives
Sussex Weald;South East;East Sussex;E14001533;70075;4100;2300;1900;500;1100;0;0;100;Conservatives;Lab;Likely Conservatives;1800;Conservative hold;Conservatives
Sutton and Cheam;London;Sutton;E14001534;71284;3100;1700;3700;500;900;0;0;100;Lib Dems;Con;Lean Lib Dems;700;Lib Dem gain from Conservatives;Conservatives
Sutton Coldfield;West Midlands;Birmingham;E14001535;74584;4000;3600;800;700;900;0;0;100;Conservatives;Lab;Tossup;400;Conservative hold;Conservatives
Swansea West;Wales;West Glamorgan;W07000108;74612;1500;5000;500;500;1000;1200;0;200;Labour;Con;Safe Labour;3500;Labour hold;Labour
Swindon North;South West;Wiltshire;E14001536;72163;3300;4300;600;500;1200;0;0;100;Labour;Con;Lean Labour;1000;Labour gain from Conservatives;Conservatives
Swindon South;South West;Wiltshire;E14001537;72468;3000;5100;500;400;900;0;0;100;Labour;Con;Likely Labour;2100;Labour gain from Conservatives;Conservatives
Tamworth;West Midlands;Staffordshire;E14001538;73644;3800;3800;300;400;1500;0;0;100;Conservatives;Lab;Tossup;100;Conservative hold;Conservatives
Tatton;North West;Cheshire;E14001539;75538;3800;3900;700;600;900;0;0;100;Labour;Con;Tossup;100;Labour gain from Conservatives;Conservatives
Taunton and Wellington;South West;Somerset;E14001540;76049;2600;1100;4900;300;1000;0;0;200;Lib Dems;Con;Likely Lib Dems;2300;Lib Dem gain from Conservatives;Conservatives
Telford;West Midlands;Shropshire;E14001541;70768;3000;4800;500;400;1300;0;0;100;Labour;Con;Likely Labour;1700;Labour gain from Conservatives;Conservatives
Tewkesbury;South West;Gloucestershire;E14001542;72426;3500;2200;2700;500;1000;0;0;100;Conservatives;LD;Lean Conservatives;800;Conservative hold;Conservatives
The Wrekin;West Midlands;Shropshire;E14001543;76143;3800;3800;600;500;1200;0;0;100;Conservatives;Lab;Tossup;0;Conservative hold;Conservatives
Thirsk and Malton;Yorkshire and The Humber;North Yorkshire;E14001544;76623;3900;3500;700;500;1400;0;0;100;Conservatives;Lab;Tossup;400;Conservative hold;Conservatives
Thornbury and Yate;South West;Bristol area;E14001545;74985;3400;1500;3900;200;900;0;0;100;Lib Dems;Con;Lean Lib Dems;500;Lib Dem gain from Conservatives;Conservatives
Thurrock;East of England;Essex;E14001546;73347;2900;4600;500;500;1400;0;0;100;Labour;Con;Likely Labour;1600;Labour gain from Conservatives;Conservatives
Tipton and Wednesbury;West Midlands;Black Country;E14001547;73820;2400;5100;400;500;1500;0;0;100;Labour;Con;Safe Labour;2700;Labour gain from Conservatives;Conservatives
Tiverton and Minehead;South West;Somerset;E14001548;70829;3700;1900;2800;500;1100;0;0;100;Conservatives;LD;Lean Conservatives;900;Conservative hold;Conservatives
Tonbridge;South East;Kent;E14001549;73692;4000;3000;800;1000;1200;0;0;100;Conservatives;Lab;Likely Conservatives;1000;Conservative hold;Conservatives
Tooting;London;Wandsworth;E14001550;76986;1500;6600;600;800;400;0;0;100;Labour;Con;Safe Labour;5100;Labour hold;Labour
Torbay;South West;Devon;E14001551;75742;3100;1500;3700;400;1300;0;0;100;Lib Dems;Con;Lean Lib Dems;600;Lib Dem gain from Conservatives;Conservatives
Torfaen;Wales;Gwent;W07000109;70591;1700;4900;400;400;1500;900;0;100;Labour;Con;Safe Labour;3200;Labour hold;Labour
Torridge and Tavistock;South West;Devon;E14001552;74802;3800;2300;2000;500;1200;0;0;100;Conservatives;Lab;Likely Conservatives;1500;Conservative hold;Conservatives
Tottenham;London;Haringey;E14001553;75968;200;7600;400;1300;400;0;0;100;Labour;Grn;Safe Labour;6400;Labour hold;Labour
Truro and Falmouth;South West;Cornwall;E14001554;73326;2800;5100;800;600;800;0;0;100;Labour;Con;Likely Labour;2300;Labour gain from Conservatives;Conservatives
Tunbridge Wells;South East;Kent;E14001555;75213;3500;2000;3300;300;800;0;0;100;Conservatives;LD;Tossup;200;Conservative hold;Conservatives
Twickenham;London;Richmond upon Thames;E14001556;75889;1300;1300;6200;200;500;0;0;500;Lib Dems;Lab;Safe Lib Dems;4800;Lib Dem hold;Lib Dems
Tynemouth;North East;Newcastle area;E14001557;73022;2300;5600;400;700;1000;0;0;100;Labour;Con;Safe Labour;3300;Labour hold;Labour
Uxbridge and South Ruislip;London;Hillingdon;E14001558;75042;3100;4700;500;700;900;0;0;100;Labour;Con;Likely Labour;1600;Labour gain from Conservatives;Conservatives
Vale of Glamorgan;Wales;South Glamorgan;W07000110;70426;3000;4600;400;600;800;500;0;100;Labour;Con;Likely Labour;1600;Labour gain from Conservatives;Conservatives
Vauxhall and Camberwell Green;London;Lambeth;E14001559;69995;500;6700;1200;1100;400;0;0;200;Labour;LD;Safe Labour;5600;Labour hold;Labour
Wakefield and Rothwell;Yorkshire and The Humber;West Yorkshire;E14001560;73968;2200;5100;900;600;1200;0;0;100;Labour;Con;Safe Labour;2800;Labour gain from Conservatives;Conservatives
Wallasey;North West;Merseyside;E14001561;73054;1200;6500;300;1000;1000;0;0;100;Labour;Con;Safe Labour;5400;Labour hold;Labour
Walsall and Bloxwich;West Midlands;Black Country;E14001562;74886;2700;5100;300;600;1200;0;0;0;Labour;Con;Likely Labour;2400;Labour gain from Conservatives;Conservatives
Walthamstow;London;Waltham Forest;E14001563;70867;300;7800;400;1100;400;0;0;100;Labour;Grn;Safe Labour;6700;Labour hold;Labour
Warrington North;North West;Cheshire;E14001564;72350;2000;5500;500;600;1300;0;0;100;Labour;Con;Safe Labour;3400;Labour hold;Labour
Warrington South;North West;Cheshire;E14001565;76639;2400;5500;500;400;1100;0;0;100;Labour;Con;Safe Labour;3000;Labour hold;Labour
Warwick and Leamington;West Midlands;Warwickshire;E14001566;75440;2300;5400;500;1000;800;0;0;100;Labour;Con;Safe Labour;3100;Labour hold;Labour
Washington and Gateshead South;North East;Newcastle area;E14001567;71775;1400;5200;800;700;1700;0;0;300;Labour;Ref;Safe Labour;3500;Labour hold;Labour
Watford;East of England;Hertfordshire;E14001568;70576;2200;4100;2200;400;800;0;0;200;Labour;LD;Likely Labour;1900;Labour gain from Conservatives;Conservatives
Waveney Valley;East of England;Suffolk;E14001569;70540;3700;2800;500;1600;1300;0;0;100;Conservatives;Lab;Lean Conservatives;900;Conservative hold;Conservatives
Weald of Kent;South East;Kent;E14001570;70110;4600;2800;800;500;1200;0;0;100;Conservatives;Lab;Likely Conservatives;1800;Conservative hold;Conservatives
Wellingborough and Rushden;East Midlands;Northamptonshire;E14001571;76669;3400;4000;600;500;1400;0;0;0;Labour;Con;Lean Labour;600;Labour gain from Conservatives;Conservatives
Wells and Mendip Hills;South West;Somerset;E14001572;69843;3700;1600;3300;300;900;0;0;100;Conservatives;LD;Tossup;400;Conservative hold;Conservatives
Welwyn Hatfield;East of England;Hertfordshire;E14001573;74535;2900;4700;700;700;900;0;0;100;Labour;Con;Likely Labour;1800;Labour gain from Conservatives;Conservatives
West Aberdeenshire and Kincardine;Scotland;Grampian;S14000058;73634;3200;2000;500;400;500;3400;0;0;SNP;Con;Tossup;200;Labour gain from Conservatives;Conservatives
West Bromwich;West Midlands;Black Country;E14001574;72208;2500;4800;500;700;1400;0;0;100;Labour;Con;Likely Labour;2300;Labour gain from Conservatives;Conservatives
West Dorset;South West;Dorset;E14001575;75390;3000;1200;4400;400;900;0;0;100;Lib Dems;Con;Likely Lib Dems;1400;Lib Dem gain from Conservatives;Conservatives
West Dunbartonshire;Scotland;Glasgow area;S14000106;70286;500;4900;200;500;300;3500;0;0;Labour;SNP;Likely Labour;1400;Labour gain from SNP;SNP
West Ham and Beckton;London;Newham;E14001576;70590;500;6800;800;1200;700;0;0;200;Labour;Grn;Safe Labour;5600;Labour hold;Labour
West Lancashire;North West;Lancashire;E14001577;73652;1700;5800;600;700;1100;0;0;100;Labour;Con;Safe Labour;4000;Labour hold;Labour
West Suffolk;East of England;Suffolk;E14001578;76243;3600;3600;700;700;1400;0;0;100;Labour;Con;Tossup;0;Labour gain from Conservatives;Conservatives
West Worcestershire;West Midlands;Hereford and Worcestershire;E14001579;76638;4100;2200;1900;700;1000;0;0;100;Conservatives;Lab;Likely Conservatives;1900;Conservative hold;Conservatives
Westmorland and Lonsdale;North West;Cumbria;E14001580;72322;2300;800;5700;200;800;0;0;100;Lib Dems;Con;Safe Lib Dems;3400;Lib Dem gain from Conservatives;Conservatives
Weston-super-Mare;South West;Bristol area;E14001581;70722;3300;3900;900;600;1300;0;0;100;Labour;Con;Lean Labour;600;Labour gain from Conservatives;Conservatives
Wetherby and Easingwold;Yorkshire and The Humber;North Yorkshire;E14001582;71455;4500;3500;400;500;1000;0;0;100;Conservatives;Lab;Likely Conservatives;1100;Conservative hold;Conservatives
Whitehaven and Workington;North West;Cumbria;E14001583;73385;2500;5300;300;600;1200;0;0;100;Labour;Con;Safe Labour;2800;Labour gain from Conservatives;Conservatives
Widnes and Halewood;North West;Cheshire;E14001584;70865;700;7300;300;700;900;0;0;100;Labour;Ref;Safe Labour;6400;Labour hold;Labour
Wigan;North West;Western Manchester;E14001585;75607;1300;5700;600;700;1600;0;0;100;Labour;Ref;Safe Labour;4100;Labour hold;Labour
Wimbledon;London;Merton;E14001586;74641;2800;2800;3500;400;500;0;0;100;Lib Dems;Con;Lean Lib Dems;700;Lib Dem gain from Conservatives;Conservatives
Winchester;South East;Hampshire;E14001587;76577;3200;1100;4700;300;600;0;0;100;Lib Dems;Con;Likely Lib Dems;1500;Lib Dem gain from Conservatives;Conservatives
Windsor;South East;Berkshire;E14001588;74338;3500;3200;1700;600;900;0;0;100;Conservatives;Lab;Tossup;300;Conservative hold;Conservatives
Wirral West;North West;Merseyside;E14001589;72126;2800;5400;400;500;800;0;0;100;Labour;Con;Safe Labour;2600;Labour hold;Labour
Witham;East of England;Essex;E14001590;75064;3800;3400;600;700;1300;0;0;100;Conservatives;Lab;Tossup;400;Conservative hold;Conservatives
Witney;South East;Oxfordshire;E14001591;70042;3700;2100;2900;300;900;0;0;100;Conservatives;LD;Lean Conservatives;800;Conservative hold;Conservatives
Woking;South East;Surrey;E14001592;71737;2600;1700;4300;400;700;0;0;300;Lib Dems;Con;Likely Lib Dems;1700;Lib Dem gain from Conservatives;Conservatives
Wokingham;South East;Berkshire;E14001593;70235;3400;1500;4000;300;600;0;0;100;Lib Dems;Con;Lean Lib Dems;700;Lib Dem gain from Conservatives;Conservatives
Wolverhampton North East;West Midlands;Black Country;E14001594;70449;2800;4600;400;500;1600;0;0;100;Labour;Con;Likely Labour;1700;Labour gain from Conservatives;Conservatives
Wolverhampton South East;West Midlands;Black Country;E14001595;75685;1800;5500;400;700;1600;0;0;0;Labour;Con;Safe Labour;3700;Labour hold;Labour
Wolverhampton West;West Midlands;Black Country;E14001596;75592;2800;5300;300;500;900;0;0;100;Labour;Con;Likely Labour;2500;Labour gain from Conservatives;Conservatives
Worcester;West Midlands;Hereford and Worcestershire;E14001597;73928;2900;4500;700;800;1000;0;0;100;Labour;Con;Likely Labour;1700;Labour gain from Conservatives;Conservatives
Worsley and Eccles;North West;Central Manchester;E14001598;76915;1900;5400;500;800;1500;0;0;0;Labour;Con;Safe Labour;3500;Labour hold;Labour
Worthing West;South East;West Sussex;E14001599;76293;3400;4100;600;700;1100;0;0;100;Labour;Con;Lean Labour;700;Labour gain from Conservatives;Conservatives
Wrexham;Wales;Clwyd;W07000111;70964;2800;4300;500;400;1100;900;0;100;Labour;Con;Likely Labour;1500;Labour gain from Conservatives;Conservatives
Wycombe;South East;Buckinghamshire;E14001600;71769;2500;5100;700;700;800;0;0;100;Labour;Con;Safe Labour;2600;Labour gain from Conservatives;Conservatives
Wyre Forest;West Midlands;Hereford and Worcestershire;E14001601;77015;3800;3500;600;500;1500;0;0;100;Conservatives;Lab;Tossup;300;Conservative hold;Conservatives
Wythenshawe and Sale East;North West;Central Manchester;E14001602;76971;1400;6300;500;900;1000;0;0;100;Labour;Con;Safe Labour;4900;Labour hold;Labour
Yeovil;South West;Somerset;E14001603;76056;2900;1300;4300;400;1100;0;0;0;Lib Dems;Con;Likely Lib Dems;1400;Lib Dem gain from Conservatives;Conservatives
Ynys Mon;Wales;Gwynedd;W07000112;52415;2100;3500;200;300;1100;2600;0;200;Labour;PC;Lean Labour;900;Labour gain from Conservatives;Conservatives
York Central;Yorkshire and The Humber;North Yorkshire;E14001604;74854;1200;6500;500;1000;600;0;0;100;Labour;Con;Safe Labour;5300;Labour hold;Labour
York Outer;Yorkshire and The Humber;North Yorkshire;E14001605;72720;3200;5000;600;400;800;0;0;100;Labour;Con;Likely Labour;1800;Labour gain from Conservatives;Conservatives
Antrim East;1;Antrim;EXXXXXXX;69936;5943;241;12312;9406;946;3247;0;5167;0;0.032;0;0.667;0.259;0
Antrim North;1;Antrim;EXXXXXXX;71165;8805;785;15400;5334;371;7237;0;6119;0;0.113;0;0.765;0.02;0
Antrim South;1;Antrim;EXXXXXXX;71646;13045;610;10220;7315;326;6297;0;5160;0;0.606;0;0.261;0.067;0
Belfast East;1;Antrim;EXXXXXXX;70076;3000;0;15554;18190;270;1166;0;4266;0;0;0;0.341;0.658;0
Belfast North;1;Antrim;EXXXXXXX;71732;540;0;15216;3841;301;24379;0;4760;0;0;0;0.119;0;0
Belfast South;1;Antrim;EXXXXXXX;71978;2001;23606;6630;5822;414;1787;0;7091;0;0.002;0.947;0.006;0.006;0
Belfast West;1;Antrim;EXXXXXXX;71921;499;796;1418;1499;278;22067;6194;6031;0;0;0;0;0;0
Down North;1;Down;EXXXXXXX;70412;5372;0;10647;17530;243;1050;0;5801;0;0.001;0;0.11;0.883;0
Down South;1;Down;EXXXXXXX;71772;4059;10868;2670;5902;419;17948;0;7895;0;0.004;0.137;0.002;0.013;0
Fermanagh and South Tyrone;1;Fermanagh;EXXXXXXX;74643;22169;919;0;2110;134;22564;0;2866;0;0.479;0;0;0;0
Foyle;1;Londonderry;EXXXXXXX;69890;1731;23424;272;1009;358;11319;2032;6999;0;0.001;0.883;0;0;0
Lagan Valley;1;Antrim;EXXXXXXX;76332;9208;469;14104;12162;336;2548;0;6578;0;0.096;0;0.553;0.319;0
Londonderry East;1;Londonderry;EXXXXXXX;72213;4251;3276;11111;5121;364;7699;0;7481;0;0.02;0.009;0.576;0.043;0
Newry and Armagh;1;Armagh;EXXXXXXX;74585;4977;5725;5704;3353;431;22149;0;8441;0;0.002;0.002;0.006;0;0
Strangford;1;Down;EXXXXXXX;70070;4560;532;13062;9871;1090;1849;0;6521;0;0.007;0;0.679;0.254;0
Tyrone West;1;Tyrone;EXXXXXXX;70614;3411;4310;4759;3169;876;18078;0;6584;0;0.001;0.003;0.001;0;0
Ulster Mid;1;Tyrone;EXXXXXXX;70094;3295;3112;6185;2808;381;22120;0;6719;0;0;0;0.004;0;0
Upper Bann;1;Armagh;EXXXXXXX;76969;7008;1233;14542;5414;452;14245;0;7151;0;0.037;0.001;0.481;0.017;0
