area	region	county	const	CON	LAB	LIB	Green	UKIP	NAT	MIN	OTH	WinnerGE2024	SecondGE2024	YouGovCall	Winner margin	2019 v 2024 status	Win19 (nominal)
Amber Valley	East Midlands	Derbyshire	E14001066	35%	36%	7%	5%	15%	0%	0%	1%	Labour	Con	Tossup	1%	Labour gain from Conservatives	Conservatives
Ashfield	East Midlands	Nottinghamshire	E14001068	18%	35%	7%	6%	20%	0%	0%	14%	Labour	Ref	Likely Labour	15%	Labour gain from Conservatives	Conservatives
Bassetlaw	East Midlands	Nottinghamshire	E14001079	29%	43%	5%	4%	18%	0%	0%	1%	Labour	Con	Likely Labour	14%	Labour gain from Conservatives	Conservatives
Bolsover	East Midlands	Derbyshire	E14001109	23%	47%	4%	7%	18%	0%	0%	0%	Labour	Con	Likely Labour	24%	Labour gain from Conservatives	Conservatives
Boston and Skegness	East Midlands	Lincolnshire	E14001114	43%	28%	5%	3%	20%	0%	0%	1%	Conservatives	Lab	Likely Conservatives	14%	Conservative hold	Conservatives
Broxtowe	East Midlands	Nottinghamshire	E14001140	26%	49%	4%	8%	11%	0%	0%	1%	Labour	Con	Likely Labour	22%	Labour gain from Conservatives	Conservatives
Chesterfield	East Midlands	Derbyshire	E14001165	19%	50%	5%	8%	16%	0%	0%	1%	Labour	Con	Safe Labour	31%	Labour hold	Labour
Corby and East Northamptonshire	East Midlands	Northamptonshire	E14001179	32%	48%	4%	5%	11%	0%	0%	1%	Labour	Con	Likely Labour	16%	Labour gain from Conservatives	Conservatives
Daventry	East Midlands	Northamptonshire	E14001192	40%	31%	9%	7%	13%	0%	0%	1%	Conservatives	Lab	Lean Conservatives	9%	Conservative hold	Conservatives
Derby North	East Midlands	Derbyshire	E14001193	25%	51%	5%	6%	11%	0%	0%	1%	Labour	Con	Safe Labour	26%	Labour gain from Conservatives	Conservatives
Derby South	East Midlands	Derbyshire	E14001194	19%	52%	7%	8%	13%	0%	0%	1%	Labour	Con	Safe Labour	34%	Labour hold	Labour
Derbyshire Dales	East Midlands	Derbyshire	E14001195	37%	39%	8%	5%	10%	0%	0%	1%	Labour	Con	Tossup	2%	Labour gain from Conservatives	Conservatives
Erewash	East Midlands	Derbyshire	E14001228	31%	45%	5%	5%	13%	0%	0%	1%	Labour	Con	Likely Labour	15%	Labour gain from Conservatives	Conservatives
Gainsborough	East Midlands	Lincolnshire	E14001243	41%	33%	7%	4%	14%	0%	0%	1%	Conservatives	Lab	Lean Conservatives	8%	Conservative hold	Conservatives
Gedling	East Midlands	Nottinghamshire	E14001245	26%	53%	4%	5%	11%	0%	0%	1%	Labour	Con	Safe Labour	27%	Labour gain from Conservatives	Conservatives
Grantham and Bourne	East Midlands	Lincolnshire	E14001253	39%	35%	6%	5%	14%	0%	0%	1%	Conservatives	Lab	Tossup	3%	Conservative hold	Conservatives
Harborough, Oadby and Wigston	East Midlands	Leicestershire	E14001266	34%	38%	11%	7%	10%	0%	0%	1%	Labour	Con	Tossup	3%	Labour gain from Conservatives	Conservatives
High Peak	East Midlands	Derbyshire	E14001287	26%	55%	4%	5%	9%	0%	0%	1%	Labour	Con	Safe Labour	30%	Labour gain from Conservatives	Conservatives
Hinckley and Bosworth	East Midlands	Leicestershire	E14001288	40%	22%	20%	5%	12%	0%	0%	1%	Conservatives	Lab	Likely Conservatives	17%	Conservative hold	Conservatives
Kettering	East Midlands	Northamptonshire	E14001311	34%	40%	7%	6%	13%	0%	0%	1%	Labour	Con	Lean Labour	6%	Labour gain from Conservatives	Conservatives
Leicester East	East Midlands	Leicestershire	E14001326	24%	45%	6%	10%	8%	0%	0%	8%	Labour	Con	Likely Labour	21%	Labour hold	Labour
Leicester South	East Midlands	Leicestershire	E14001327	10%	63%	6%	12%	6%	0%	0%	4%	Labour	Grn	Safe Labour	51%	Labour hold	Labour
Leicester West	East Midlands	Leicestershire	E14001328	17%	58%	6%	8%	10%	0%	0%	1%	Labour	Con	Safe Labour	41%	Labour hold	Labour
Lincoln	East Midlands	Lincolnshire	E14001336	24%	55%	5%	5%	10%	0%	0%	1%	Labour	Con	Safe Labour	31%	Labour gain from Conservatives	Conservatives
Loughborough	East Midlands	Leicestershire	E14001342	29%	49%	7%	6%	8%	0%	0%	1%	Labour	Con	Likely Labour	20%	Labour gain from Conservatives	Conservatives
Louth and Horncastle	East Midlands	Lincolnshire	E14001343	44%	29%	6%	3%	17%	0%	0%	1%	Conservatives	Lab	Likely Conservatives	15%	Conservative hold	Conservatives
Mansfield	East Midlands	Nottinghamshire	E14001355	35%	40%	3%	4%	16%	0%	0%	1%	Labour	Con	Lean Labour	5%	Labour gain from Conservatives	Conservatives
Melton and Syston	East Midlands	Leicestershire	E14001357	37%	34%	7%	8%	13%	0%	0%	1%	Conservatives	Lab	Tossup	4%	Conservative hold	Conservatives
Mid Derbyshire	East Midlands	Derbyshire	E14001362	38%	40%	5%	6%	10%	0%	0%	1%	Labour	Con	Tossup	3%	Labour gain from Conservatives	Conservatives
Mid Leicestershire	East Midlands	Leicestershire	E14001364	39%	35%	7%	6%	11%	0%	0%	1%	Conservatives	Lab	Tossup	4%	Conservative hold	Conservatives
Newark	East Midlands	Nottinghamshire	E14001375	39%	39%	6%	5%	11%	0%	0%	1%	Conservatives	Lab	Tossup	0%	Conservative hold	Conservatives
North East Derbyshire	East Midlands	Derbyshire	E14001391	32%	44%	6%	5%	12%	0%	0%	1%	Labour	Con	Likely Labour	12%	Labour gain from Conservatives	Conservatives
North West Leicestershire	East Midlands	Leicestershire	E14001404	36%	39%	5%	7%	13%	0%	0%	1%	Labour	Con	Tossup	3%	Labour gain from Conservatives	Conservatives
Northampton North	East Midlands	Northamptonshire	E14001406	26%	51%	5%	7%	11%	0%	0%	1%	Labour	Con	Likely Labour	25%	Labour gain from Conservatives	Conservatives
Northampton South	East Midlands	Northamptonshire	E14001407	34%	43%	5%	6%	11%	0%	0%	1%	Labour	Con	Lean Labour	10%	Labour gain from Conservatives	Conservatives
Nottingham East	East Midlands	Nottinghamshire	E14001410	9%	69%	5%	11%	6%	0%	0%	1%	Labour	Grn	Safe Labour	58%	Labour hold	Labour
Nottingham North and Kimberley	East Midlands	Nottinghamshire	E14001411	20%	55%	3%	8%	13%	0%	0%	1%	Labour	Con	Safe Labour	35%	Labour hold	Labour
Nottingham South	East Midlands	Nottinghamshire	E14001412	14%	57%	7%	10%	10%	0%	0%	1%	Labour	Con	Safe Labour	43%	Labour hold	Labour
Rushcliffe	East Midlands	Nottinghamshire	E14001457	32%	50%	6%	5%	7%	0%	0%	1%	Labour	Con	Likely Labour	18%	Labour gain from Conservatives	Conservatives
Rutland and Stamford	East Midlands	Leicestershire	E14001458	44%	24%	14%	6%	10%	0%	0%	1%	Conservatives	Lab	Likely Conservatives	20%	Conservative hold	Conservatives
Sherwood Forest	East Midlands	Nottinghamshire	E14001471	35%	41%	5%	5%	13%	0%	0%	1%	Labour	Con	Lean Labour	6%	Labour gain from Conservatives	Conservatives
Sleaford and North Hykeham	East Midlands	Lincolnshire	E14001476	40%	33%	7%	4%	15%	0%	0%	1%	Conservatives	Lab	Lean Conservatives	7%	Conservative hold	Conservatives
South Derbyshire	East Midlands	Derbyshire	E14001483	35%	39%	6%	6%	13%	0%	0%	1%	Labour	Con	Tossup	4%	Labour gain from Conservatives	Conservatives
South Holland and The Deepings	East Midlands	Lincolnshire	E14001487	43%	30%	5%	4%	17%	0%	0%	1%	Conservatives	Lab	Likely Conservatives	13%	Conservative hold	Conservatives
South Leicestershire	East Midlands	Leicestershire	E14001488	41%	33%	8%	5%	12%	0%	0%	1%	Conservatives	Lab	Lean Conservatives	7%	Conservative hold	Conservatives
South Northamptonshire	East Midlands	Northamptonshire	E14001490	38%	35%	9%	6%	12%	0%	0%	1%	Conservatives	Lab	Tossup	3%	Conservative hold	Conservatives
Wellingborough and Rushden	East Midlands	Northamptonshire	E14001571	34%	40%	6%	5%	14%	0%	0%	0%	Labour	Con	Lean Labour	6%	Labour gain from Conservatives	Conservatives
Basildon and Billericay	East of England	Essex	E14001077	36%	34%	8%	6%	16%	0%	0%	1%	Conservatives	Lab	Tossup	2%	Conservative hold	Conservatives
Bedford	East of England	Bedfordshire	E14001084	24%	52%	5%	8%	10%	0%	0%	1%	Labour	Con	Safe Labour	28%	Labour hold	Labour
Braintree	East of England	Essex	E14001121	41%	34%	5%	4%	15%	0%	0%	1%	Conservatives	Lab	Lean Conservatives	7%	Conservative hold	Conservatives
Brentwood and Ongar	East of England	Essex	E14001125	41%	28%	12%	5%	14%	0%	0%	1%	Conservatives	Lab	Likely Conservatives	13%	Conservative hold	Conservatives
Broadland and Fakenham	East of England	Norfolk	E14001136	36%	35%	12%	5%	11%	0%	0%	1%	Conservatives	Lab	Tossup	1%	Conservative hold	Conservatives
Broxbourne	East of England	Hertfordshire	E14001139	37%	36%	6%	6%	15%	0%	0%	1%	Conservatives	Lab	Tossup	1%	Conservative hold	Conservatives
Bury St Edmunds and Stowmarket	East of England	Suffolk	E14001146	36%	31%	6%	14%	12%	0%	0%	1%	Conservatives	Lab	Tossup	4%	Conservative hold	Conservatives
Cambridge	East of England	Cambridgeshire	E14001149	5%	53%	23%	10%	4%	0%	0%	4%	Labour	LD	Safe Labour	30%	Labour hold	Labour
Castle Point	East of England	Essex	E14001154	45%	29%	4%	3%	18%	0%	0%	1%	Conservatives	Lab	Likely Conservatives	16%	Conservative hold	Conservatives
Central Suffolk and North Ipswich	East of England	Essex	E14001156	37%	35%	7%	7%	12%	0%	0%	1%	Conservatives	Lab	Tossup	2%	Conservative hold	Conservatives
Chelmsford	East of England	Essex	E14001159	32%	21%	33%	4%	9%	0%	0%	1%	Lib Dems	Con	Tossup	1%	Lib Dem gain from Conservatives	Conservatives
Clacton	East of England	Essex	E14001174	42%	27%	4%	6%	20%	0%	0%	1%	Conservatives	Lab	Likely Conservatives	15%	Conservative hold	Conservatives
Colchester	East of England	Essex	E14001176	28%	49%	8%	5%	9%	0%	0%	1%	Labour	Con	Likely Labour	21%	Labour gain from Conservatives	Conservatives
Dunstable and Leighton Buzzard	East of England	Bedfordshire	E14001206	34%	38%	7%	6%	13%	0%	0%	1%	Labour	Con	Tossup	4%	Labour gain from Conservatives	Conservatives
Ely and East Cambridgeshire	East of England	Cambridgeshire	E14001224	36%	22%	26%	5%	10%	0%	0%	1%	Conservatives	LD	Likely Conservatives	11%	Conservative hold	Conservatives
Epping Forest	East of England	Essex	E14001226	39%	32%	8%	7%	14%	0%	0%	1%	Conservatives	Lab	Lean Conservatives	6%	Conservative hold	Conservatives
Great Yarmouth	East of England	Norfolk	E14001256	34%	37%	5%	4%	18%	0%	0%	1%	Labour	Con	Tossup	3%	Labour gain from Conservatives	Conservatives
Harlow	East of England	Essex	E14001267	36%	40%	4%	5%	14%	0%	0%	1%	Labour	Con	Tossup	4%	Labour gain from Conservatives	Conservatives
Harpenden and Berkhamsted	East of England	Hertfordshire	E14001268	35%	17%	35%	4%	8%	0%	0%	1%	Lib Dems	Con	Tossup	1%	Lib Dem gain from Conservatives	Conservatives
Harwich and North Essex	East of England	Essex	E14001273	35%	39%	6%	6%	13%	0%	0%	1%	Labour	Con	Tossup	4%	Labour gain from Conservatives	Conservatives
Hemel Hempstead	East of England	Hertfordshire	E14001278	31%	40%	10%	6%	12%	0%	0%	1%	Labour	Con	Lean Labour	9%	Labour gain from Conservatives	Conservatives
Hertford and Stortford	East of England	Hertfordshire	E14001283	35%	34%	11%	8%	11%	0%	0%	1%	Conservatives	Lab	Tossup	0%	Conservative hold	Conservatives
Hertsmere	East of England	Hertfordshire	E14001284	41%	35%	7%	6%	10%	0%	0%	1%	Conservatives	Lab	Lean Conservatives	6%	Conservative hold	Conservatives
Hitchin	East of England	Hertfordshire	E14001289	29%	43%	12%	6%	9%	0%	0%	1%	Labour	Con	Likely Labour	14%	Labour gain from Conservatives	Conservatives
Huntingdon	East of England	Cambridgeshire	E14001298	37%	32%	12%	7%	11%	0%	0%	1%	Conservatives	Lab	Tossup	5%	Conservative hold	Conservatives
Ipswich	East of England	Suffolk	E14001302	26%	51%	6%	5%	11%	0%	0%	1%	Labour	Con	Likely Labour	25%	Labour gain from Conservatives	Conservatives
Lowestoft	East of England	Suffolk	E14001344	33%	42%	5%	6%	14%	0%	0%	1%	Labour	Con	Lean Labour	9%	Labour gain from Conservatives	Conservatives
Luton North	East of England	Bedfordshire	E14001345	18%	55%	4%	9%	11%	0%	0%	2%	Labour	Con	Safe Labour	37%	Labour hold	Labour
Luton South and South Bedfordshire	East of England	Bedfordshire	E14001346	18%	51%	7%	9%	11%	0%	0%	4%	Labour	Con	Safe Labour	32%	Labour hold	Labour
Maldon	East of England	Essex	E14001351	45%	29%	7%	5%	14%	0%	0%	1%	Conservatives	Lab	Likely Conservatives	16%	Conservative hold	Conservatives
Mid Bedfordshire	East of England	Bedfordshire	E14001359	36%	37%	8%	6%	12%	0%	0%	1%	Labour	Con	Tossup	0%	Labour gain from Conservatives	Conservatives
Mid Norfolk	East of England	Norfolk	E14001365	39%	35%	8%	3%	14%	0%	0%	1%	Conservatives	Lab	Tossup	4%	Conservative hold	Conservatives
North Bedfordshire	East of England	Bedfordshire	E14001384	39%	34%	9%	6%	12%	0%	0%	1%	Conservatives	Lab	Tossup	5%	Conservative hold	Conservatives
North East Cambridgeshire	East of England	Cambridgeshire	E14001390	41%	30%	7%	5%	16%	0%	0%	1%	Conservatives	Lab	Likely Conservatives	11%	Conservative hold	Conservatives
North East Hertfordshire	East of England	Hertfordshire	E14001393	35%	39%	8%	7%	11%	0%	0%	1%	Labour	Con	Tossup	4%	Labour gain from Conservatives	Conservatives
North Norfolk	East of England	Norfolk	E14001396	35%	12%	37%	2%	12%	0%	0%	1%	Lib Dems	Con	Tossup	2%	Lib Dem gain from Conservatives	Conservatives
North West Cambridgeshire	East of England	Cambridgeshire	E14001401	33%	37%	10%	7%	12%	0%	0%	1%	Labour	Con	Tossup	4%	Labour gain from Conservatives	Conservatives
North West Essex	East of England	Essex	E14001402	39%	24%	20%	5%	10%	0%	0%	1%	Conservatives	Lab	Likely Conservatives	15%	Conservative hold	Conservatives
North West Norfolk	East of England	Norfolk	E14001405	37%	35%	8%	4%	14%	0%	0%	1%	Conservatives	Lab	Tossup	2%	Conservative hold	Conservatives
Norwich North	East of England	Norfolk	E14001408	29%	50%	4%	6%	11%	0%	0%	1%	Labour	Con	Likely Labour	21%	Labour gain from Conservatives	Conservatives
Norwich South	East of England	Norfolk	E14001409	14%	61%	7%	10%	8%	0%	0%	1%	Labour	Con	Safe Labour	47%	Labour hold	Labour
Peterborough	East of England	Cambridgeshire	E14001425	25%	50%	6%	7%	12%	0%	0%	0%	Labour	Con	Likely Labour	25%	Labour gain from Conservatives	Conservatives
Rayleigh and Wickford	East of England	Essex	E14001437	41%	28%	9%	5%	16%	0%	0%	1%	Conservatives	Lab	Likely Conservatives	13%	Conservative hold	Conservatives
South Basildon and East Thurrock	East of England	Essex	E14001480	34%	38%	4%	4%	19%	0%	0%	1%	Labour	Con	Tossup	4%	Labour gain from Conservatives	Conservatives
South Cambridgeshire	East of England	Cambridgeshire	E14001481	27%	19%	44%	3%	6%	0%	0%	1%	Lib Dems	Con	Likely Lib Dems	17%	Lib Dem gain from Conservatives	Conservatives
South Norfolk	East of England	Norfolk	E14001489	36%	39%	9%	5%	10%	0%	0%	1%	Labour	Con	Tossup	4%	Labour gain from Conservatives	Conservatives
South Suffolk	East of England	Suffolk	E14001494	38%	30%	11%	8%	12%	0%	0%	1%	Conservatives	Lab	Lean Conservatives	8%	Conservative hold	Conservatives
South West Hertfordshire	East of England	Hertfordshire	E14001496	33%	30%	18%	5%	12%	0%	0%	3%	Conservatives	Lab	Tossup	2%	Conservative hold	Conservatives
South West Norfolk	East of England	Norfolk	E14001497	40%	31%	8%	5%	16%	0%	0%	1%	Conservatives	Lab	Lean Conservatives	10%	Conservative hold	Conservatives
Southend East and Rochford	East of England	Essex	E14001501	34%	41%	6%	5%	13%	0%	0%	1%	Labour	Con	Lean Labour	7%	Labour gain from Conservatives	Conservatives
Southend West and Leigh	East of England	Essex	E14001502	35%	38%	10%	4%	12%	0%	0%	1%	Labour	Con	Tossup	3%	Labour gain from Conservatives	Conservatives
St Albans	East of England	Hertfordshire	E14001507	15%	13%	57%	4%	6%	0%	0%	4%	Lib Dems	Con	Safe Lib Dems	42%	Lib Dem hold	Lib Dems
St Neots and Mid Cambridgeshire	East of England	Cambridgeshire	E14001512	34%	26%	27%	5%	9%	0%	0%	0%	Conservatives	LD	Lean Conservatives	7%	Conservative hold	Conservatives
Stevenage	East of England	Hertfordshire	E14001516	29%	46%	7%	6%	11%	0%	0%	1%	Labour	Con	Likely Labour	17%	Labour gain from Conservatives	Conservatives
Suffolk Coastal	East of England	Suffolk	E14001530	36%	34%	10%	8%	12%	0%	0%	1%	Conservatives	Lab	Tossup	2%	Conservative hold	Conservatives
Thurrock	East of England	Essex	E14001546	29%	46%	5%	5%	14%	0%	0%	1%	Labour	Con	Likely Labour	16%	Labour gain from Conservatives	Conservatives
Watford	East of England	Hertfordshire	E14001568	22%	41%	22%	4%	8%	0%	0%	2%	Labour	LD	Likely Labour	19%	Labour gain from Conservatives	Conservatives
Waveney Valley	East of England	Suffolk	E14001569	37%	28%	5%	16%	13%	0%	0%	1%	Conservatives	Lab	Lean Conservatives	9%	Conservative hold	Conservatives
Welwyn Hatfield	East of England	Hertfordshire	E14001573	29%	47%	7%	7%	9%	0%	0%	1%	Labour	Con	Likely Labour	18%	Labour gain from Conservatives	Conservatives
West Suffolk	East of England	Suffolk	E14001578	36%	36%	7%	7%	14%	0%	0%	1%	Labour	Con	Tossup	0%	Labour gain from Conservatives	Conservatives
Witham	East of England	Essex	E14001590	38%	34%	6%	7%	13%	0%	0%	1%	Conservatives	Lab	Tossup	4%	Conservative hold	Conservatives
Barking	London	Barking and Dagenham	E14001073	11%	63%	4%	10%	11%	0%	0%	1%	Labour	Con	Safe Labour	52%	Labour hold	Labour
Battersea	London	Wandsworth	E14001081	20%	60%	7%	8%	4%	0%	0%	1%	Labour	Con	Safe Labour	40%	Labour hold	Labour
Beckenham and Penge	London	Bromley	E14001083	22%	52%	11%	7%	8%	0%	0%	1%	Labour	Con	Safe Labour	29%	Labour hold	Labour
Bermondsey and Old Southwark	London	Southwark	E14001085	7%	59%	22%	7%	5%	0%	0%	1%	Labour	LD	Safe Labour	37%	Labour hold	Labour
Bethnal Green and Stepney	London	Tower Hamlets	E14001086	2%	68%	8%	14%	4%	0%	0%	4%	Labour	Grn	Safe Labour	54%	Labour hold	Labour
Bexleyheath and Crayford	London	Bexley	E14001089	34%	41%	5%	5%	14%	0%	0%	1%	Labour	Con	Lean Labour	7%	Labour gain from Conservatives	Conservatives
Brent East	London	Brent	E14001122	11%	62%	8%	11%	6%	0%	0%	1%	Labour	Grn	Safe Labour	51%	Labour hold	Labour
Brent West	London	Brent	E14001123	21%	53%	10%	9%	6%	0%	0%	1%	Labour	Con	Safe Labour	32%	Labour hold	Labour
Brentford and Isleworth	London	Hounslow	E14001124	15%	56%	11%	10%	7%	0%	0%	1%	Labour	Con	Safe Labour	41%	Labour hold	Labour
Bromley and Biggin Hill	London	Bromley	E14001137	34%	41%	8%	6%	10%	0%	0%	1%	Labour	Con	Lean Labour	7%	Labour gain from Conservatives	Conservatives
Carshalton and Wallington	London	Sutton	E14001153	23%	19%	42%	4%	10%	0%	0%	2%	Lib Dems	Con	Likely Lib Dems	18%	Lib Dem gain from Conservatives	Conservatives
Chelsea and Fulham	London	Hammersmith and Fulham	E14001160	29%	48%	13%	4%	5%	0%	0%	1%	Labour	Con	Likely Labour	20%	Labour gain from Conservatives	Conservatives
Chingford and Woodford Green	London	Waltham Forest	E14001167	29%	54%	4%	4%	8%	0%	0%	1%	Labour	Con	Likely Labour	25%	Labour gain from Conservatives	Conservatives
Chipping Barnet	London	Barnet	E14001169	31%	50%	6%	6%	7%	0%	0%	1%	Labour	Con	Likely Labour	19%	Labour gain from Conservatives	Conservatives
Cities of London and Westminster	London	City of Westminster	E14001172	26%	39%	21%	7%	5%	0%	0%	2%	Labour	Con	Likely Labour	12%	Labour gain from Conservatives	Conservatives
Clapham and Brixton Hill	London	Lambeth	E14001175	8%	71%	8%	9%	3%	0%	0%	1%	Labour	Grn	Safe Labour	62%	Labour hold	Labour
Croydon East	London	Croydon	E14001186	24%	51%	6%	9%	10%	0%	0%	1%	Labour	Con	Safe Labour	27%	Labour hold	Labour
Croydon South	London	Croydon	E14001187	35%	42%	9%	5%	7%	0%	0%	1%	Labour	Con	Lean Labour	7%	Labour gain from Conservatives	Conservatives
Croydon West	London	Croydon	E14001188	9%	68%	6%	10%	6%	0%	0%	1%	Labour	Grn	Safe Labour	59%	Labour hold	Labour
Dagenham and Rainham	London	Barking and Dagenham	E14001189	20%	47%	6%	8%	16%	0%	0%	3%	Labour	Con	Safe Labour	27%	Labour hold	Labour
Dulwich and West Norwood	London	Lambeth	E14001205	4%	61%	5%	24%	3%	0%	0%	3%	Labour	Grn	Safe Labour	36%	Labour hold	Labour
Ealing Central and Acton	London	Ealing	E14001207	14%	64%	8%	8%	5%	0%	0%	1%	Labour	Con	Safe Labour	50%	Labour hold	Labour
Ealing North	London	Ealing	E14001208	17%	57%	7%	10%	8%	0%	0%	1%	Labour	Con	Safe Labour	40%	Labour hold	Labour
Ealing Southall	London	Ealing	E14001209	14%	61%	6%	13%	6%	0%	0%	1%	Labour	Con	Safe Labour	47%	Labour hold	Labour
East Ham	London	Newham	E14001213	5%	70%	4%	12%	4%	0%	0%	4%	Labour	Grn	Safe Labour	58%	Labour hold	Labour
Edmonton and Winchmore Hill	London	Enfield	E14001221	17%	61%	5%	9%	8%	0%	0%	1%	Labour	Con	Safe Labour	44%	Labour hold	Labour
Eltham and Chislehurst	London	Greenwich	E14001223	26%	52%	5%	6%	9%	0%	0%	1%	Labour	Con	Safe Labour	26%	Labour gain from Conservatives	Conservatives
Enfield North	London	Enfield	E14001225	19%	60%	6%	7%	8%	0%	0%	1%	Labour	Con	Safe Labour	41%	Labour hold	Labour
Erith and Thamesmead	London	Greenwich	E14001229	13%	64%	5%	10%	8%	0%	0%	1%	Labour	Con	Safe Labour	51%	Labour hold	Labour
Feltham and Heston	London	Hounslow	E14001236	18%	53%	6%	11%	10%	0%	0%	1%	Labour	Con	Safe Labour	35%	Labour hold	Labour
Finchley and Golders Green	London	Barnet	E14001238	35%	38%	16%	5%	5%	0%	0%	1%	Labour	Con	Tossup	3%	Labour gain from Conservatives	Conservatives
Greenwich and Woolwich	London	Greenwich	E14001257	12%	63%	10%	10%	5%	0%	0%	1%	Labour	Con	Safe Labour	51%	Labour hold	Labour
Hackney North and Stoke Newington	London	Hackney	E14001259	3%	78%	3%	12%	3%	0%	0%	1%	Labour	Grn	Safe Labour	65%	Labour hold	Labour
Hackney South and Shoreditch	London	Hackney	E14001260	2%	75%	3%	16%	3%	0%	0%	1%	Labour	Grn	Safe Labour	59%	Labour hold	Labour
Hammersmith and Chiswick	London	Hammersmith and Fulham	E14001264	17%	60%	9%	9%	5%	0%	0%	1%	Labour	Con	Safe Labour	42%	Labour hold	Labour
Hampstead and Highgate	London	Camden	E14001265	13%	60%	14%	9%	4%	0%	0%	1%	Labour	LD	Safe Labour	46%	Labour hold	Labour
Harrow East	London	Harrow	E14001270	39%	44%	5%	5%	7%	0%	0%	1%	Labour	Con	Lean Labour	5%	Labour gain from Conservatives	Conservatives
Harrow West	London	Harrow	E14001271	21%	56%	6%	9%	7%	0%	0%	1%	Labour	Con	Safe Labour	35%	Labour hold	Labour
Hayes and Harlington	London	Hillingdon	E14001276	18%	58%	4%	8%	9%	0%	0%	2%	Labour	Con	Safe Labour	41%	Labour hold	Labour
Hendon	London	Barnet	E14001279	30%	52%	5%	6%	6%	0%	0%	1%	Labour	Con	Likely Labour	22%	Labour gain from Conservatives	Conservatives
Holborn and St Pancras	London	Camden	E14001290	5%	73%	8%	9%	4%	0%	0%	0%	Labour	Grn	Safe Labour	64%	Labour hold	Labour
Hornchurch and Upminster	London	Havering	E14001292	38%	33%	6%	7%	15%	0%	0%	1%	Conservatives	Lab	Tossup	5%	Conservative hold	Conservatives
Hornsey and Friern Barnet	London	Haringey	E14001293	4%	67%	14%	12%	3%	0%	0%	0%	Labour	LD	Safe Labour	54%	Labour hold	Labour
Ilford North	London	Redbridge	E14001300	21%	58%	4%	8%	8%	0%	0%	2%	Labour	Con	Safe Labour	37%	Labour hold	Labour
Ilford South	London	Redbridge	E14001301	11%	61%	4%	12%	7%	0%	0%	5%	Labour	Grn	Safe Labour	49%	Labour hold	Labour
Islington North	London	Islington	E14001305	5%	61%	10%	12%	3%	0%	0%	8%	Labour	Grn	Safe Labour	49%	Labour hold	Labour
Islington South and Finsbury	London	Islington	E14001306	6%	67%	11%	11%	4%	0%	0%	1%	Labour	LD	Safe Labour	56%	Labour hold	Labour
Kensington and Bayswater	London	Kensington and Chelsea	E14001310	24%	53%	11%	6%	5%	0%	0%	1%	Labour	Con	Safe Labour	29%	Labour hold	Labour
Kingston and Surbiton	London	Kingston upon Thames	E14001312	13%	16%	55%	4%	7%	0%	0%	6%	Lib Dems	Lab	Safe Lib Dems	39%	Lib Dem hold	Lib Dems
Lewisham East	London	Lewisham	E14001331	9%	66%	7%	11%	6%	0%	0%	1%	Labour	Grn	Safe Labour	55%	Labour hold	Labour
Lewisham North	London	Lewisham	E14001332	2%	73%	8%	13%	3%	0%	0%	1%	Labour	Grn	Safe Labour	59%	Labour hold	Labour
Lewisham West and East Dulwich	London	Lewisham	E14001333	5%	73%	4%	14%	3%	0%	0%	1%	Labour	Grn	Safe Labour	59%	Labour hold	Labour
Leyton and Wanstead	London	Waltham Forest	E14001334	9%	68%	6%	12%	5%	0%	0%	1%	Labour	Grn	Safe Labour	56%	Labour hold	Labour
Mitcham and Morden	London	Merton	E14001371	13%	64%	7%	8%	8%	0%	0%	1%	Labour	Con	Safe Labour	52%	Labour hold	Labour
Old Bexley and Sidcup	London	Bexley	E14001414	38%	35%	6%	6%	13%	0%	0%	1%	Conservatives	Lab	Tossup	3%	Conservative hold	Conservatives
Orpington	London	Bromley	E14001417	36%	29%	17%	5%	12%	0%	0%	1%	Conservatives	Lab	Lean Conservatives	7%	Conservative hold	Conservatives
Peckham	London	Southwark	E14001421	2%	75%	6%	12%	4%	0%	0%	1%	Labour	Grn	Safe Labour	63%	Labour hold	Labour
Poplar and Limehouse	London	Tower Hamlets	E14001430	7%	68%	9%	10%	4%	0%	0%	2%	Labour	Grn	Safe Labour	57%	Labour hold	Labour
Putney	London	Wandsworth	E14001434	22%	56%	10%	8%	4%	0%	0%	1%	Labour	Con	Safe Labour	34%	Labour hold	Labour
Queen's Park and Maida Vale	London	CIty of Westminster	E14001435	8%	68%	8%	10%	5%	0%	0%	1%	Labour	Grn	Safe Labour	58%	Labour hold	Labour
Richmond Park	London	Richmond upon Thames	E14001445	16%	10%	63%	2%	4%	0%	0%	4%	Lib Dems	Con	Safe Lib Dems	47%	Lib Dem hold	Lib Dems
Romford	London	Havering	E14001448	38%	36%	5%	6%	15%	0%	0%	1%	Conservatives	Lab	Tossup	2%	Conservative hold	Conservatives
Ruislip, Northwood and Pinner	London	Hillingdon	E14001454	37%	38%	10%	5%	8%	0%	0%	1%	Labour	Con	Tossup	1%	Labour gain from Conservatives	Conservatives
Southgate and Wood Green	London	Enfield	E14001503	16%	62%	7%	8%	6%	0%	0%	1%	Labour	Con	Safe Labour	47%	Labour hold	Labour
Stratford and Bow	London	Newham	E14001525	5%	71%	5%	15%	5%	0%	0%	1%	Labour	Grn	Safe Labour	56%	Labour hold	Labour
Streatham and Croydon North	London	Lambeth	E14001527	8%	65%	12%	10%	5%	0%	0%	1%	Labour	LD	Safe Labour	53%	Labour hold	Labour
Sutton and Cheam	London	Sutton	E14001534	31%	17%	37%	5%	9%	0%	0%	1%	Lib Dems	Con	Lean Lib Dems	7%	Lib Dem gain from Conservatives	Conservatives
Tooting	London	Wandsworth	E14001550	15%	66%	6%	8%	4%	0%	0%	1%	Labour	Con	Safe Labour	51%	Labour hold	Labour
Tottenham	London	Haringey	E14001553	2%	76%	4%	13%	4%	0%	0%	1%	Labour	Grn	Safe Labour	64%	Labour hold	Labour
Twickenham	London	Richmond upon Thames	E14001556	13%	13%	62%	2%	5%	0%	0%	5%	Lib Dems	Lab	Safe Lib Dems	48%	Lib Dem hold	Lib Dems
Uxbridge and South Ruislip	London	Hillingdon	E14001558	31%	47%	5%	7%	9%	0%	0%	1%	Labour	Con	Likely Labour	16%	Labour gain from Conservatives	Conservatives
Vauxhall and Camberwell Green	London	Lambeth	E14001559	5%	67%	12%	11%	4%	0%	0%	2%	Labour	LD	Safe Labour	56%	Labour hold	Labour
Walthamstow	London	Waltham Forest	E14001563	3%	78%	4%	11%	4%	0%	0%	1%	Labour	Grn	Safe Labour	67%	Labour hold	Labour
West Ham and Beckton	London	Newham	E14001576	5%	68%	8%	12%	7%	0%	0%	2%	Labour	Grn	Safe Labour	56%	Labour hold	Labour
Wimbledon	London	Merton	E14001586	28%	28%	35%	4%	5%	0%	0%	1%	Lib Dems	Con	Lean Lib Dems	7%	Lib Dem gain from Conservatives	Conservatives
Bishop Auckland	North East	Durham	E14001101	30%	49%	4%	3%	13%	0%	0%	1%	Labour	Con	Likely Labour	19%	Labour gain from Conservatives	Conservatives
Blaydon and Consett	North East	Durham	E14001106	17%	55%	6%	8%	14%	0%	0%	0%	Labour	Con	Safe Labour	37%	Labour hold	Labour
Blyth and Ashington	North East	Northumberland	E14001107	14%	60%	5%	6%	15%	0%	0%	0%	Labour	Ref	Safe Labour	46%	Labour hold	Labour
City of Durham	North East	Durham	E14001173	16%	58%	9%	7%	10%	0%	0%	1%	Labour	Con	Safe Labour	41%	Labour hold	Labour
Cramlington and Killingworth	North East	Newcastle area	E14001183	19%	54%	6%	6%	14%	0%	0%	1%	Labour	Con	Safe Labour	35%	Labour hold	Labour
Darlington	North East	Durham	E14001190	29%	47%	4%	7%	12%	0%	0%	1%	Labour	Con	Likely Labour	17%	Labour gain from Conservatives	Conservatives
Easington	North East	Durham	E14001211	10%	61%	4%	5%	19%	0%	0%	1%	Labour	Ref	Safe Labour	42%	Labour hold	Labour
Gateshead Central and Whickham	North East	Newcastle area	E14001244	15%	50%	12%	9%	12%	0%	0%	3%	Labour	Con	Safe Labour	35%	Labour hold	Labour
Hartlepool	North East	Teesside	E14001272	12%	53%	4%	5%	23%	0%	0%	3%	Labour	Ref	Safe Labour	30%	Labour hold	Labour
Hexham	North East	Northumberland	E14001285	34%	46%	5%	5%	9%	0%	0%	1%	Labour	Con	Likely Labour	11%	Labour gain from Conservatives	Conservatives
Houghton and Sunderland South	North East	Newcastle area	E14001295	14%	55%	5%	7%	18%	0%	0%	1%	Labour	Ref	Safe Labour	37%	Labour hold	Labour
Jarrow and Gateshead East	North East	Newcastle area	E14001307	8%	49%	6%	10%	16%	0%	0%	11%	Labour	Ref	Safe Labour	32%	Labour hold	Labour
Middlesbrough and Thornaby East	North East	Teesside	E14001367	9%	56%	6%	10%	15%	0%	0%	5%	Labour	Ref	Safe Labour	41%	Labour hold	Labour
Middlesbrough South and East Cleveland	North East	Teesside	E14001368	31%	47%	4%	4%	13%	0%	0%	1%	Labour	Con	Likely Labour	16%	Labour gain from Conservatives	Conservatives
Newcastle upon Tyne Central and West	North East	Newcastle area	E14001377	11%	65%	5%	9%	11%	0%	0%	0%	Labour	Con	Safe Labour	54%	Labour hold	Labour
Newcastle upon Tyne East and Wallsend	North East	Newcastle area	E14001378	8%	65%	7%	10%	10%	0%	0%	1%	Labour	Grn	Safe Labour	55%	Labour hold	Labour
Newcastle upon Tyne North	North East	Newcastle area	E14001379	16%	58%	8%	9%	9%	0%	0%	1%	Labour	Con	Safe Labour	41%	Labour hold	Labour
Newton Aycliffe and Spennymoor	North East	Durham	E14001382	24%	52%	4%	5%	15%	0%	0%	1%	Labour	Con	Safe Labour	28%	Labour gain from Conservatives	Conservatives
North Durham	North East	Durham	E14001389	17%	56%	5%	7%	15%	0%	0%	0%	Labour	Con	Safe Labour	39%	Labour hold	Labour
North Northumberland	North East	Northumberland	E14001397	36%	36%	11%	5%	11%	0%	0%	1%	Conservatives	Lab	Tossup	0%	Conservative hold	Conservatives
Redcar	North East	Teesside	E14001440	25%	48%	5%	5%	16%	0%	0%	1%	Labour	Con	Likely Labour	22%	Labour gain from Conservatives	Conservatives
South Shields	North East	Newcastle area	E14001492	10%	50%	4%	11%	16%	0%	0%	8%	Labour	Ref	Safe Labour	34%	Labour hold	Labour
Stockton North	North East	Teesside	E14001518	17%	56%	4%	6%	16%	0%	0%	1%	Labour	Con	Safe Labour	39%	Labour hold	Labour
Stockton West	North East	Teesside	E14001519	36%	43%	5%	4%	12%	0%	0%	1%	Labour	Con	Lean Labour	7%	Labour gain from Conservatives	Conservatives
Sunderland Central	North East	Newcastle area	E14001531	17%	48%	8%	10%	15%	0%	0%	2%	Labour	Con	Safe Labour	31%	Labour hold	Labour
Tynemouth	North East	Newcastle area	E14001557	23%	56%	4%	7%	10%	0%	0%	1%	Labour	Con	Safe Labour	33%	Labour hold	Labour
Washington and Gateshead South	North East	Newcastle area	E14001567	14%	52%	8%	7%	17%	0%	0%	3%	Labour	Ref	Safe Labour	35%	Labour hold	Labour
Altrincham and Sale West	North West	Central Manchester	E14001065	32%	46%	8%	7%	7%	0%	0%	1%	Labour	Con	Likely Labour	15%	Labour gain from Conservatives	Conservatives
Ashton-under-Lyne	North West	Eastern Manchester	E14001070	16%	57%	4%	8%	14%	0%	0%	1%	Labour	Con	Safe Labour	42%	Labour hold	Labour
Barrow and Furness	North West	Cumbria	E14001076	31%	49%	3%	5%	11%	0%	0%	1%	Labour	Con	Likely Labour	19%	Labour gain from Conservatives	Conservatives
Birkenhead	North West	Merseyside	E14001091	5%	63%	6%	13%	9%	0%	0%	3%	Labour	Grn	Safe Labour	50%	Labour hold	Labour
Blackburn	North West	Lancashire	E14001102	11%	61%	5%	11%	9%	0%	0%	3%	Labour	Con	Safe Labour	50%	Labour hold	Labour
Blackley and Middleton South	North West	Central Manchester	E14001103	11%	67%	3%	7%	11%	0%	0%	1%	Labour	Con	Safe Labour	56%	Labour hold	Labour
Blackpool North and Fleetwood	North West	Lancashire	E14001104	30%	46%	3%	5%	16%	0%	0%	1%	Labour	Con	Likely Labour	16%	Labour gain from Conservatives	Conservatives
Blackpool South	North West	Lancashire	E14001105	24%	50%	6%	5%	14%	0%	0%	1%	Labour	Con	Safe Labour	27%	Labour gain from Conservatives	Conservatives
Bolton North East	North West	Western Manchester	E14001110	25%	53%	3%	5%	12%	0%	0%	1%	Labour	Con	Safe Labour	28%	Labour gain from Conservatives	Conservatives
Bolton South and Walkden	North West	Western Manchester	E14001111	14%	60%	4%	9%	12%	0%	0%	1%	Labour	Con	Safe Labour	45%	Labour hold	Labour
Bolton West	North West	Western Manchester	E14001112	33%	44%	7%	5%	10%	0%	0%	1%	Labour	Con	Likely Labour	10%	Labour gain from Conservatives	Conservatives
Bootle	North West	Merseyside	E14001113	5%	74%	4%	9%	8%	0%	0%	1%	Labour	Grn	Safe Labour	65%	Labour hold	Labour
Burnley	North West	Lancashire	E14001142	20%	55%	5%	6%	14%	0%	0%	1%	Labour	Con	Safe Labour	35%	Labour gain from Conservatives	Conservatives
Bury North	North West	Western Manchester	E14001144	26%	56%	2%	5%	10%	0%	0%	1%	Labour	Con	Safe Labour	30%	Labour gain from Conservatives	Conservatives
Bury South	North West	Western Manchester	E14001145	24%	55%	4%	6%	10%	0%	0%	1%	Labour	Con	Safe Labour	32%	Labour gain from Conservatives	Conservatives
Carlisle	North West	Cumbria	E14001152	31%	46%	4%	5%	12%	0%	0%	1%	Labour	Con	Likely Labour	15%	Labour gain from Conservatives	Conservatives
Cheadle	North West	Eastern Manchester	E14001158	25%	13%	53%	2%	6%	0%	0%	1%	Lib Dems	Con	Safe Lib Dems	28%	Lib Dem gain from Conservatives	Conservatives
Chester North and Neston	North West	Cheshire	E14001163	21%	60%	3%	7%	8%	0%	0%	1%	Labour	Con	Safe Labour	39%	Labour hold	Labour
Chester South and Eddisbury	North West	Cheshire	E14001164	40%	35%	10%	4%	10%	0%	0%	1%	Conservatives	Lab	Tossup	5%	Conservative hold	Conservatives
Chorley	North West	Lancashire	EXXXXXXX	0%	0%	0%	5%	5%	0%	0%	90%						
Congleton	North West	Cheshire	E14001178	39%	38%	7%	5%	11%	0%	0%	1%	Conservatives	Lab	Tossup	1%	Conservative hold	Conservatives
Crewe and Nantwich	North West	Cheshire	E14001185	27%	47%	6%	7%	12%	0%	0%	1%	Labour	Con	Likely Labour	20%	Labour gain from Conservatives	Conservatives
Ellesmere Port and Bromborough	North West	Cheshire	E14001222	10%	68%	4%	7%	11%	0%	0%	1%	Labour	Ref	Safe Labour	57%	Labour hold	Labour
Fylde	North West	Lancashire	E14001242	40%	37%	5%	5%	12%	0%	0%	1%	Conservatives	Lab	Tossup	2%	Conservative hold	Conservatives
Gorton and Denton	North West	Central Manchester	E14001251	7%	65%	5%	11%	9%	0%	0%	4%	Labour	Grn	Safe Labour	54%	Labour hold	Labour
Hazel Grove	North West	Eastern Manchester	E14001277	26%	20%	41%	3%	10%	0%	0%	1%	Lib Dems	Con	Likely Lib Dems	15%	Lib Dem gain from Conservatives	Conservatives
Heywood and Middleton North	North West	Eastern Manchester	E14001286	18%	45%	3%	8%	14%	0%	0%	11%	Labour	Con	Safe Labour	27%	Labour hold	Labour
Hyndburn	North West	Lancashire	E14001299	25%	52%	3%	5%	13%	0%	0%	1%	Labour	Con	Safe Labour	28%	Labour gain from Conservatives	Conservatives
Knowsley	North West	Merseyside	E14001317	5%	75%	4%	9%	7%	0%	0%	1%	Labour	Grn	Safe Labour	66%	Labour hold	Labour
Lancaster and Wyre	North West	Lancashire	E14001318	27%	51%	4%	9%	9%	0%	0%	1%	Labour	Con	Likely Labour	24%	Labour gain from Conservatives	Conservatives
Leigh and Atherton	North West	Western Manchester	E14001329	21%	55%	4%	5%	14%	0%	0%	1%	Labour	Con	Safe Labour	34%	Labour gain from Conservatives	Conservatives
Liverpool Garston	North West	Merseyside	E14001337	3%	74%	8%	8%	6%	0%	0%	1%	Labour	Grn	Safe Labour	66%	Labour hold	Labour
Liverpool Riverside	North West	Merseyside	E14001338	5%	74%	4%	12%	4%	0%	0%	1%	Labour	Grn	Safe Labour	63%	Labour hold	Labour
Liverpool Walton	North West	Merseyside	E14001339	5%	79%	3%	7%	6%	0%	0%	1%	Labour	Grn	Safe Labour	71%	Labour hold	Labour
Liverpool Wavertree	North West	Merseyside	E14001340	1%	73%	6%	15%	4%	0%	0%	1%	Labour	Grn	Safe Labour	58%	Labour hold	Labour
Liverpool West Derby	North West	Merseyside	E14001341	5%	78%	4%	6%	6%	0%	0%	1%	Labour	Grn	Safe Labour	72%	Labour hold	Labour
Macclesfield	North West	Cheshire	E14001347	31%	47%	7%	5%	8%	0%	0%	1%	Labour	Con	Likely Labour	16%	Labour gain from Conservatives	Conservatives
Makerfield	North West	Western Manchester	E14001350	14%	55%	5%	7%	17%	0%	0%	1%	Labour	Ref	Safe Labour	38%	Labour hold	Labour
Manchester Central	North West	Central Manchester	E14001352	7%	64%	11%	9%	7%	0%	0%	2%	Labour	LD	Safe Labour	52%	Labour hold	Labour
Manchester Rusholme	North West	Central Manchester	E14001353	1%	78%	4%	13%	4%	0%	0%	1%	Labour	Grn	Safe Labour	65%	Labour hold	Labour
Manchester Withington	North West	Central Manchester	E14001354	4%	71%	6%	15%	3%	0%	0%	1%	Labour	Grn	Safe Labour	57%	Labour hold	Labour
Mid Cheshire	North West	Cheshire	E14001361	27%	50%	6%	6%	11%	0%	0%	1%	Labour	Con	Likely Labour	24%	Labour gain from Conservatives	Conservatives
Morecambe and Lunesdale	North West	Lancashire	E14001372	34%	39%	12%	4%	10%	0%	0%	1%	Labour	Con	Lean Labour	5%	Labour gain from Conservatives	Conservatives
Oldham East and Saddleworth	North West	Eastern Manchester	E14001415	21%	46%	7%	7%	14%	0%	0%	5%	Labour	Con	Safe Labour	25%	Labour hold	Labour
Oldham West, Chadderton and Royton	North West	Eastern Manchester	E14001416	14%	52%	5%	9%	12%	0%	0%	9%	Labour	Con	Safe Labour	38%	Labour hold	Labour
Pendle and Clitheroe	North West	Lancashire	E14001422	33%	41%	7%	6%	12%	0%	0%	1%	Labour	Con	Lean Labour	8%	Labour gain from Conservatives	Conservatives
Penrith and Solway	North West	Cumbria	E14001424	34%	41%	8%	5%	12%	0%	0%	1%	Labour	Con	Lean Labour	7%	Labour gain from Conservatives	Conservatives
Preston	North West	Lancashire	E14001433	13%	60%	6%	8%	10%	0%	0%	2%	Labour	Con	Safe Labour	47%	Labour hold	Labour
Ribble Valley	North West	Lancashire	E14001443	36%	42%	6%	5%	11%	0%	0%	1%	Labour	Con	Lean Labour	6%	Labour gain from Conservatives	Conservatives
Rochdale	North West	Eastern Manchester	E14001446	15%	53%	10%	7%	12%	0%	0%	3%	Labour	Con	Safe Labour	38%	Labour hold	Labour
Rossendale and Darwen	North West	Lancashire	E14001450	32%	46%	4%	6%	11%	0%	0%	1%	Labour	Con	Likely Labour	15%	Labour gain from Conservatives	Conservatives
Runcorn and Helsby	North West	Cheshire	E14001455	17%	60%	5%	6%	11%	0%	0%	1%	Labour	Con	Safe Labour	42%	Labour hold	Labour
Salford	North West	Central Manchester	E14001459	8%	64%	4%	12%	11%	0%	0%	1%	Labour	Grn	Safe Labour	52%	Labour hold	Labour
Sefton Central	North West	Merseyside	E14001463	19%	64%	4%	5%	8%	0%	0%	1%	Labour	Con	Safe Labour	45%	Labour hold	Labour
South Ribble	North West	Lancashire	E14001491	30%	47%	5%	5%	11%	0%	0%	1%	Labour	Con	Likely Labour	17%	Labour gain from Conservatives	Conservatives
Southport	North West	Merseyside	E14001504	30%	52%	7%	3%	8%	0%	0%	1%	Labour	Con	Likely Labour	22%	Labour gain from Conservatives	Conservatives
St Helens North	North West	Merseyside	E14001509	11%	60%	5%	10%	14%	0%	0%	1%	Labour	Ref	Safe Labour	47%	Labour hold	Labour
St Helens South and Whiston	North West	Merseyside	E14001510	7%	66%	6%	8%	12%	0%	0%	1%	Labour	Ref	Safe Labour	53%	Labour hold	Labour
Stalybridge and Hyde	North West	Eastern Manchester	E14001515	19%	54%	4%	8%	14%	0%	0%	1%	Labour	Con	Safe Labour	36%	Labour hold	Labour
Stockport	North West	Eastern Manchester	E14001517	13%	58%	6%	12%	10%	0%	0%	0%	Labour	Con	Safe Labour	44%	Labour hold	Labour
Stretford and Urmston	North West	Central Manchester	E14001528	13%	64%	5%	9%	9%	0%	0%	0%	Labour	Con	Safe Labour	52%	Labour hold	Labour
Tatton	North West	Cheshire	E14001539	38%	39%	7%	6%	9%	0%	0%	1%	Labour	Con	Tossup	1%	Labour gain from Conservatives	Conservatives
Wallasey	North West	Merseyside	E14001561	12%	65%	3%	10%	10%	0%	0%	1%	Labour	Con	Safe Labour	54%	Labour hold	Labour
Warrington North	North West	Cheshire	E14001564	20%	55%	5%	6%	13%	0%	0%	1%	Labour	Con	Safe Labour	34%	Labour hold	Labour
Warrington South	North West	Cheshire	E14001565	24%	55%	5%	4%	11%	0%	0%	1%	Labour	Con	Safe Labour	30%	Labour hold	Labour
West Lancashire	North West	Lancashire	E14001577	17%	58%	6%	7%	11%	0%	0%	1%	Labour	Con	Safe Labour	40%	Labour hold	Labour
Westmorland and Lonsdale	North West	Cumbria	E14001580	23%	8%	57%	2%	8%	0%	0%	1%	Lib Dems	Con	Safe Lib Dems	34%	Lib Dem gain from Conservatives	Conservatives
Whitehaven and Workington	North West	Cumbria	E14001583	25%	53%	3%	6%	12%	0%	0%	1%	Labour	Con	Safe Labour	28%	Labour gain from Conservatives	Conservatives
Widnes and Halewood	North West	Cheshire	E14001584	7%	73%	3%	7%	9%	0%	0%	1%	Labour	Ref	Safe Labour	64%	Labour hold	Labour
Wigan	North West	Western Manchester	E14001585	13%	57%	6%	7%	16%	0%	0%	1%	Labour	Ref	Safe Labour	41%	Labour hold	Labour
Wirral West	North West	Merseyside	E14001589	28%	54%	4%	5%	8%	0%	0%	1%	Labour	Con	Safe Labour	26%	Labour hold	Labour
Worsley and Eccles	North West	Central Manchester	E14001598	19%	54%	5%	8%	15%	0%	0%	0%	Labour	Con	Safe Labour	35%	Labour hold	Labour
Wythenshawe and Sale East	North West	Central Manchester	E14001602	14%	63%	5%	9%	10%	0%	0%	1%	Labour	Con	Safe Labour	49%	Labour hold	Labour
Aberdeen North	Scotland	Grampian	S14000060	11%	25%	3%	8%	6%	40%	0%	7%	SNP	Lab	Likely SNP	15%	SNP hold	SNP
Aberdeen South	Scotland	Grampian	S14000061	20%	24%	5%	9%	4%	34%	0%	4%	SNP	Lab	Likely SNP	10%	SNP hold	SNP
Aberdeenshire North and Moray East	Scotland	Grampian	S14000062	37%	17%	3%	4%	7%	31%	0%	1%	Conservatives	SNP	Lean Conservatives	5%	Conservative hold	Conservatives
Airdrie and Shotts	Scotland	Glasgow area	S14000063	1%	51%	3%	6%	3%	30%	0%	6%	Labour	SNP	Likely Labour	21%	Labour gain from SNP	SNP
Alloa and Grangemouth	Scotland	Central	S14000064	7%	37%	3%	6%	4%	35%	0%	7%	Labour	SNP	Tossup	2%	Labour gain from SNP	SNP
Angus and Perthshire Glens	Scotland	Tayside	S14000065	28%	22%	2%	5%	4%	37%	0%	2%	SNP	Con	Lean SNP	8%	SNP hold	SNP
Arbroath and Broughty Ferry	Scotland	Tayside	S14000066	13%	32%	3%	5%	4%	37%	0%	6%	SNP	Lab	Tossup	5%	SNP hold	SNP
Argyll, Bute and South Lochaber	Scotland	Argyll and Bute	S14000067	24%	23%	6%	6%	4%	34%	0%	3%	SNP	Con	Likely SNP	11%	SNP hold	SNP
Ayr, Carrick and Cumnock	Scotland	Ayrshire and Lanark	S14000006	23%	32%	3%	5%	4%	31%	0%	2%	Labour	SNP	Tossup	1%	Labour gain from SNP	SNP
Bathgate and Linlithgow	Scotland	Edinburgh area	S14000068	6%	43%	3%	6%	5%	30%	0%	7%	Labour	SNP	Likely Labour	13%	Labour gain from SNP	SNP
Berwickshire, Roxburgh and Selkirk	Scotland	Borders	S14000008	40%	17%	4%	4%	3%	31%	0%	1%	Conservatives	SNP	Lean Conservatives	9%	Conservative hold	Conservatives
Caithness, Sutherland and Easter Ross	Scotland	Highland	S14000069	7%	16%	20%	10%	8%	31%	0%	7%	SNP	LD	Likely SNP	12%	SNP hold	SNP
Central Ayrshire	Scotland	Ayrshire and Lanark	S14000010	18%	35%	3%	5%	4%	31%	0%	4%	Labour	SNP	Tossup	4%	Labour gain from SNP	SNP
Coatbridge and Bellshill	Scotland	Glasgow area	S14000070	5%	52%	2%	7%	3%	30%	0%	1%	Labour	SNP	Likely Labour	22%	Labour gain from SNP	SNP
Cowdenbeath and Kirkcaldy	Scotland	Fife	S14000071	6%	50%	3%	7%	4%	27%	0%	4%	Labour	SNP	Likely Labour	23%	Labour gain from SNP	SNP
Cumbernauld and Kirkintilloch	Scotland	Glasgow area	S14000072	5%	40%	3%	7%	3%	38%	0%	5%	Labour	SNP	Tossup	2%	Labour gain from SNP	SNP
Dumfries and Galloway	Scotland	Dumfries and Galloway	S14000073	34%	20%	3%	4%	5%	33%	0%	1%	Conservatives	SNP	Tossup	1%	Conservative hold	Conservatives
Dumfriesshire, Clydesdale and Tweeddale	Scotland	Dumfries and Galloway	S14000074	37%	20%	4%	4%	5%	30%	0%	1%	Conservatives	SNP	Lean Conservatives	7%	Conservative hold	Conservatives
Dundee Central	Scotland	Tayside	S14000075	1%	30%	3%	11%	3%	41%	0%	10%	SNP	Lab	Likely SNP	12%	SNP hold	SNP
Dunfermline and Dollar	Scotland	Fife	S14000076	5%	41%	4%	6%	4%	32%	0%	8%	Labour	SNP	Lean Labour	9%	Labour gain from SNP	SNP
East Kilbride and Strathaven	Scotland	Ayrshire and Lanark	S14000077	3%	46%	3%	5%	3%	32%	0%	7%	Labour	SNP	Likely Labour	14%	Labour gain from SNP	SNP
East Renfrewshire	Scotland	Glasgow area	S14000021	13%	41%	3%	4%	3%	30%	0%	6%	Labour	SNP	Likely Labour	11%	Labour gain from SNP	SNP
Edinburgh East and Musselburgh	Scotland	Edinburgh area	S14000078	3%	34%	3%	11%	3%	37%	0%	9%	SNP	Lab	Tossup	3%	SNP hold	SNP
Edinburgh North and Leith	Scotland	Edinburgh area	S14000079	4%	35%	5%	10%	3%	34%	0%	9%	Labour	SNP	Tossup	1%	Labour gain from SNP	SNP
Edinburgh South	Scotland	Edinburgh area	S14000080	6%	53%	4%	9%	3%	22%	0%	3%	Labour	SNP	Safe Labour	31%	Labour hold	Labour
Edinburgh South West	Scotland	Edinburgh area	S14000081	9%	33%	4%	8%	4%	34%	0%	8%	SNP	Lab	Tossup	0%	SNP hold	SNP
Edinburgh West	Scotland	Edinburgh area	S14000082	6%	16%	24%	9%	6%	30%	0%	9%	SNP	LD	Lean SNP	5%	SNP gain from Lib Dems	Lib Dems
Falkirk	Scotland	Central	S14000083	6%	38%	2%	5%	7%	33%	0%	8%	Labour	SNP	Lean Labour	5%	Labour gain from SNP	SNP
Glasgow East	Scotland	Glasgow area	S14000084	1%	40%	3%	10%	3%	33%	0%	9%	Labour	SNP	Lean Labour	7%	Labour gain from SNP	SNP
Glasgow North	Scotland	Glasgow area	S14000085	5%	37%	3%	14%	3%	33%	0%	4%	Labour	SNP	Tossup	4%	Labour gain from SNP	SNP
Glasgow North East	Scotland	Glasgow area	S14000086	2%	36%	4%	11%	4%	35%	0%	9%	Labour	SNP	Tossup	0%	Labour gain from SNP	SNP
Glasgow South	Scotland	Glasgow area	S14000087	5%	45%	3%	8%	3%	33%	0%	2%	Labour	SNP	Likely Labour	12%	Labour gain from SNP	SNP
Glasgow South West	Scotland	Glasgow area	S14000088	1%	41%	4%	9%	3%	33%	0%	9%	Labour	SNP	Lean Labour	8%	Labour gain from SNP	SNP
Glasgow West	Scotland	Glasgow area	S14000089	3%	36%	4%	10%	3%	36%	0%	9%	Labour	SNP	Tossup	1%	Labour gain from SNP	SNP
Glenrothes and Mid Fife	Scotland	Fife	S14000090	4%	37%	3%	8%	4%	36%	0%	8%	Labour	SNP	Tossup	1%	Labour gain from SNP	SNP
Gordon and Buchan	Scotland	Grampian	S14000091	35%	18%	6%	4%	6%	30%	0%	1%	Conservatives	SNP	Tossup	4%	Conservative hold	Conservatives
Hamilton and Clyde Valley	Scotland	Ayrshire and Lanark	S14000092	8%	45%	3%	6%	3%	30%	0%	5%	Labour	SNP	Likely Labour	15%	Labour gain from SNP	SNP
Inverclyde and Renfrewshire West	Scotland	Glasgow area	S14000093	3%	41%	4%	7%	2%	34%	0%	9%	Labour	SNP	Lean Labour	6%	Labour gain from SNP	SNP
Inverness, Skye and West Ross-shire	Scotland	Highland	S14000094	11%	25%	7%	8%	5%	38%	0%	7%	SNP	Lab	Likely SNP	13%	SNP hold	SNP
Kilmarnock and Loudoun	Scotland	Ayrshire and Lanark	S14000040	7%	39%	3%	6%	3%	35%	0%	7%	Labour	SNP	Tossup	4%	Labour gain from SNP	SNP
Livingston	Scotland	Edinburgh area	S14000095	5%	43%	3%	6%	4%	32%	0%	7%	Labour	SNP	Likely Labour	11%	Labour gain from SNP	SNP
Lothian East	Scotland	Edinburgh area	S14000096	11%	47%	4%	6%	2%	26%	0%	4%	Labour	SNP	Likely Labour	20%	Labour gain from SNP	SNP
Mid Dunbartonshire	Scotland	Glasgow area	S14000097	5%	28%	20%	8%	5%	29%	0%	5%	SNP	Lab	Tossup	1%	SNP hold	SNP
Midlothian	Scotland	Edinburgh area	S14000045	6%	43%	4%	7%	4%	29%	0%	6%	Labour	SNP	Likely Labour	14%	Labour gain from SNP	SNP
Moray West, Nairn and Strathspey	Scotland	Grampian	S14000098	29%	23%	2%	5%	5%	34%	0%	1%	SNP	Con	Lean SNP	5%	SNP hold	SNP
Motherwell, Wishaw and Carluke	Scotland	Glasgow area	S14000099	3%	49%	3%	6%	3%	31%	0%	6%	Labour	SNP	Likely Labour	18%	Labour gain from SNP	SNP
Na h-Eileanan an Iar	Scotland	Western Isles	S14000027	10%	38%	3%	6%	4%	32%	0%	6%	Labour	SNP	Lean Labour	6%	Labour gain from SNP	SNP
North Ayrshire and Arran	Scotland	Ayrshire and Lanark	S14000048	11%	38%	2%	5%	4%	33%	0%	6%	Labour	SNP	Tossup	5%	Labour gain from SNP	SNP
North East Fife	Scotland	Fife	S14000100	3%	11%	28%	12%	7%	30%	0%	9%	SNP	LD	Tossup	2%	SNP hold	SNP
Orkney and Shetland	Scotland	Orkney and Shetland	S14000051	2%	10%	31%	11%	8%	30%	0%	9%	Lib Dems	SNP	Tossup	1%	Lib Dem hold	Lib Dems
Paisley and Renfrewshire North	Scotland	Glasgow area	S14000101	4%	40%	3%	7%	3%	34%	0%	8%	Labour	SNP	Lean Labour	6%	Labour gain from SNP	SNP
Paisley and Renfrewshire South	Scotland	Glasgow area	S14000102	3%	39%	3%	7%	3%	36%	0%	8%	Labour	SNP	Tossup	3%	Labour gain from SNP	SNP
Perth and Kinross-shire	Scotland	Tayside	S14000103	28%	25%	3%	6%	3%	33%	0%	2%	SNP	Con	Lean SNP	5%	SNP hold	SNP
Rutherglen	Scotland	Ayrshire and Lanark	S14000104	2%	48%	4%	7%	3%	31%	0%	6%	Labour	SNP	Likely Labour	17%	Labour gain from SNP	SNP
Stirling and Strathallan	Scotland	Central	S14000105	16%	32%	3%	5%	4%	35%	0%	5%	SNP	Lab	Tossup	4%	SNP hold	SNP
West Aberdeenshire and Kincardine	Scotland	Grampian	S14000058	32%	20%	5%	4%	5%	34%	0%	0%	SNP	Con	Tossup	2%	Labour gain from Conservatives	Conservatives
West Dunbartonshire	Scotland	Glasgow area	S14000106	5%	49%	2%	5%	3%	35%	0%	0%	Labour	SNP	Likely Labour	14%	Labour gain from SNP	SNP
Aldershot	South East	Hampshire	E14001063	33%	38%	11%	6%	12%	0%	0%	1%	Labour	Con	Lean Labour	6%	Labour gain from Conservatives	Conservatives
Arundel and South Downs	South East	West Sussex	E14001067	43%	23%	18%	5%	10%	0%	0%	1%	Conservatives	Lab	Likely Conservatives	20%	Conservative hold	Conservatives
Ashford	South East	Kent	E14001069	33%	37%	6%	9%	13%	0%	0%	1%	Labour	Con	Tossup	4%	Labour gain from Conservatives	Conservatives
Aylesbury	South East	Buckinghamshire	E14001071	30%	36%	18%	6%	9%	0%	0%	0%	Labour	Con	Lean Labour	6%	Labour gain from Conservatives	Conservatives
Banbury	South East	Oxfordshire	E14001072	33%	39%	13%	5%	9%	0%	0%	1%	Labour	Con	Lean Labour	6%	Labour gain from Conservatives	Conservatives
Basingstoke	South East	Hampshire	E14001078	30%	44%	8%	7%	11%	0%	0%	1%	Labour	Con	Likely Labour	14%	Labour gain from Conservatives	Conservatives
Beaconsfield	South East	Buckinghamshire	E14001082	37%	29%	12%	7%	13%	0%	0%	3%	Conservatives	Lab	Lean Conservatives	8%	Conservative hold	Conservatives
Bexhill and Battle	South East	East Sussex	E14001088	38%	32%	10%	6%	13%	0%	0%	1%	Conservatives	Lab	Lean Conservatives	6%	Conservative hold	Conservatives
Bicester and Woodstock	South East	Oxfordshire	E14001090	32%	22%	32%	4%	9%	0%	0%	1%	Lib Dems	Con	Tossup	0%	Lib Dem gain from Conservatives	Conservatives
Bognor Regis and Littlehampton	South East	West Sussex	E14001108	36%	31%	13%	5%	14%	0%	0%	1%	Conservatives	Lab	Tossup	5%	Conservative hold	Conservatives
Bracknell	South East	Berkshire	E14001117	31%	43%	7%	7%	11%	0%	0%	1%	Labour	Con	Likely Labour	12%	Labour gain from Conservatives	Conservatives
Brighton Kemptown and Peacehaven	South East	East Sussex	E14001129	18%	57%	5%	10%	8%	0%	0%	1%	Labour	Con	Safe Labour	39%	Labour hold	Labour
Brighton Pavilion	South East	East Sussex	E14001130	5%	35%	5%	49%	4%	0%	0%	1%	Green	Lab	Likely Green	14%	Green hold	Green
Buckingham and Bletchley	South East	Buckinghamshire	E14001141	32%	41%	11%	4%	11%	0%	0%	0%	Labour	Con	Lean Labour	9%	Labour gain from Conservatives	Conservatives
Canterbury	South East	Kent	E14001151	28%	49%	6%	7%	10%	0%	0%	1%	Labour	Con	Likely Labour	21%	Labour hold	Labour
Chatham and Aylesford	South East	Kent	E14001157	37%	37%	6%	5%	14%	0%	0%	1%	Labour	Con	Tossup	0%	Labour gain from Conservatives	Conservatives
Chesham and Amersham	South East	Buckinghamshire	E14001162	33%	16%	39%	5%	7%	0%	0%	1%	Lib Dems	Con	Lean Lib Dems	6%	Lib Dem gain from Conservatives	Conservatives
Chichester	South East	West Sussex	E14001166	32%	17%	37%	5%	10%	0%	0%	1%	Lib Dems	Con	Tossup	5%	Lib Dem gain from Conservatives	Conservatives
Crawley	South East	West Sussex	E14001184	30%	44%	6%	8%	11%	0%	0%	1%	Labour	Con	Likely Labour	14%	Labour gain from Conservatives	Conservatives
Dartford	South East	Kent	E14001191	34%	41%	6%	6%	13%	0%	0%	1%	Labour	Con	Lean Labour	7%	Labour gain from Conservatives	Conservatives
Didcot and Wantage	South East	Oxfordshire	E14001197	30%	23%	35%	3%	8%	0%	0%	1%	Lib Dems	Con	Lean Lib Dems	5%	Lib Dem gain from Conservatives	Conservatives
Dorking and Horley	South East	Surrey	E14001201	31%	16%	37%	6%	10%	0%	0%	0%	Lib Dems	Con	Lean Lib Dems	6%	Lib Dem gain from Conservatives	Conservatives
Dover and Deal	South East	Kent	E14001202	32%	44%	5%	5%	14%	0%	0%	0%	Labour	Con	Likely Labour	12%	Labour gain from Conservatives	Conservatives
Earley and Woodley	South East	Berkshire	E14001210	30%	41%	14%	5%	9%	0%	0%	1%	Labour	Con	Likely Labour	11%	Labour gain from Conservatives	Conservatives
East Grinstead and Uckfield	South East	West Sussex	E14001212	41%	23%	18%	7%	10%	0%	0%	1%	Conservatives	Lab	Likely Conservatives	18%	Conservative hold	Conservatives
East Hampshire	South East	Hampshire	E14001214	37%	18%	29%	6%	9%	0%	0%	1%	Conservatives	LD	Lean Conservatives	8%	Conservative hold	Conservatives
East Surrey	South East	Surrey	E14001215	39%	22%	22%	5%	11%	0%	0%	1%	Conservatives	Lab	Likely Conservatives	17%	Conservative hold	Conservatives
East Thanet	South East	Kent	E14001216	29%	48%	4%	6%	12%	0%	0%	1%	Labour	Con	Likely Labour	19%	Labour gain from Conservatives	Conservatives
East Worthing and Shoreham	South East	West Sussex	E14001218	28%	52%	5%	5%	9%	0%	0%	1%	Labour	Con	Likely Labour	23%	Labour gain from Conservatives	Conservatives
Eastbourne	South East	East Sussex	E14001219	21%	10%	54%	2%	10%	0%	0%	2%	Lib Dems	Con	Safe Lib Dems	33%	Lib Dem gain from Conservatives	Conservatives
Eastleigh	South East	Hampshire	E14001220	33%	19%	31%	6%	10%	0%	0%	1%	Conservatives	LD	Tossup	3%	Conservative hold	Conservatives
Epsom and Ewell	South East	Surrey	E14001227	33%	22%	32%	4%	8%	0%	0%	1%	Conservatives	LD	Tossup	2%	Conservative hold	Conservatives
Esher and Walton	South East	Surrey	E14001230	29%	12%	49%	2%	7%	0%	0%	1%	Lib Dems	Con	Likely Lib Dems	19%	Lib Dem gain from Conservatives	Conservatives
Fareham and Waterlooville	South East	Hampshire	E14001233	37%	26%	20%	5%	12%	0%	0%	1%	Conservatives	Lab	Likely Conservatives	11%	Conservative hold	Conservatives
Farnham and Bordon	South East	Surrey	E14001234	39%	16%	33%	3%	8%	0%	0%	1%	Conservatives	LD	Lean Conservatives	6%	Conservative hold	Conservatives
Faversham and Mid Kent	South East	Kent	E14001235	37%	35%	10%	6%	12%	0%	0%	1%	Conservatives	Lab	Tossup	2%	Conservative hold	Conservatives
Folkestone and Hythe	South East	Kent	E14001239	31%	34%	11%	8%	15%	0%	0%	1%	Labour	Con	Tossup	3%	Labour gain from Conservatives	Conservatives
Gillingham and Rainham	South East	Kent	E14001246	34%	43%	4%	5%	14%	0%	0%	1%	Labour	Con	Lean Labour	9%	Labour gain from Conservatives	Conservatives
Godalming and Ash	South East	Surrey	E14001249	31%	12%	46%	3%	8%	0%	0%	1%	Lib Dems	Con	Likely Lib Dems	15%	Lib Dem gain from Conservatives	Conservatives
Gosport	South East	Hampshire	E14001252	38%	30%	13%	5%	14%	0%	0%	1%	Conservatives	Lab	Lean Conservatives	8%	Conservative hold	Conservatives
Gravesham	South East	Kent	E14001254	34%	41%	5%	6%	13%	0%	0%	1%	Labour	Con	Lean Labour	7%	Labour gain from Conservatives	Conservatives
Guildford	South East	Surrey	E14001258	25%	13%	50%	3%	7%	0%	0%	2%	Lib Dems	Con	Safe Lib Dems	25%	Lib Dem gain from Conservatives	Conservatives
Hamble Valley	South East	Hampshire	E14001263	39%	21%	25%	4%	10%	0%	0%	1%	Conservatives	LD	Likely Conservatives	14%	Conservative hold	Conservatives
Hastings and Rye	South East	East Sussex	E14001274	29%	50%	5%	6%	10%	0%	0%	1%	Labour	Con	Likely Labour	21%	Labour gain from Conservatives	Conservatives
Havant	South East	Hampshire	E14001275	37%	32%	11%	5%	15%	0%	0%	1%	Conservatives	Lab	Tossup	5%	Conservative hold	Conservatives
Henley and Thame	South East	Oxfordshire	E14001280	35%	16%	37%	4%	7%	0%	0%	1%	Lib Dems	Con	Tossup	2%	Lib Dem gain from Conservatives	Conservatives
Herne Bay and Sandwich	South East	Kent	E14001282	39%	36%	6%	5%	13%	0%	0%	1%	Conservatives	Lab	Tossup	3%	Conservative hold	Conservatives
Horsham	South East	West Sussex	E14001294	36%	21%	26%	6%	10%	0%	0%	1%	Conservatives	LD	Likely Conservatives	10%	Conservative hold	Conservatives
Hove and Portslade	South East	East Sussex	E14001296	14%	66%	5%	9%	5%	0%	0%	1%	Labour	Con	Safe Labour	51%	Labour hold	Labour
Isle of Wight East	South East	Hampshire	E14001303	30%	33%	8%	15%	14%	0%	0%	0%	Labour	Con	Tossup	3%	Labour gain from Conservatives	Conservatives
Isle of Wight West	South East	Hampshire	E14001304	28%	32%	6%	18%	13%	0%	0%	3%	Labour	Con	Tossup	4%	Labour gain from Conservatives	Conservatives
Lewes	South East	East Sussex	E14001330	26%	10%	51%	4%	8%	0%	0%	1%	Lib Dems	Con	Safe Lib Dems	25%	Lib Dem gain from Conservatives	Conservatives
Maidenhead	South East	Berkshire	E14001348	36%	19%	31%	6%	8%	0%	0%	1%	Conservatives	LD	Tossup	5%	Conservative hold	Conservatives
Maidstone and Malling	South East	Kent	E14001349	36%	27%	19%	6%	11%	0%	0%	1%	Conservatives	Lab	Lean Conservatives	10%	Conservative hold	Conservatives
Mid Buckinghamshire	South East	Buckinghamshire	E14001360	42%	24%	21%	4%	8%	0%	0%	1%	Conservatives	Lab	Likely Conservatives	18%	Conservative hold	Conservatives
Mid Sussex	South East	West Sussex	E14001366	32%	24%	29%	6%	8%	0%	0%	1%	Conservatives	LD	Tossup	2%	Conservative hold	Conservatives
Milton Keynes Central	South East	Buckinghamshire	E14001369	27%	50%	8%	6%	8%	0%	0%	1%	Labour	Con	Likely Labour	23%	Labour gain from Conservatives	Conservatives
Milton Keynes North	South East	Buckinghamshire	E14001370	30%	48%	5%	7%	9%	0%	0%	1%	Labour	Con	Likely Labour	18%	Labour gain from Conservatives	Conservatives
New Forest East	South East	Hampshire	E14001373	37%	25%	17%	6%	14%	0%	0%	1%	Conservatives	Lab	Likely Conservatives	12%	Conservative hold	Conservatives
New Forest West	South East	Hampshire	E14001374	43%	21%	17%	7%	11%	0%	0%	1%	Conservatives	Lab	Likely Conservatives	22%	Conservative hold	Conservatives
Newbury	South East	Berkshire	E14001376	33%	15%	37%	5%	9%	0%	0%	1%	Lib Dems	Con	Tossup	4%	Lib Dem gain from Conservatives	Conservatives
North East Hampshire	South East	Hampshire	E14001392	42%	19%	25%	4%	9%	0%	0%	1%	Conservatives	LD	Likely Conservatives	17%	Conservative hold	Conservatives
North West Hampshire	South East	Hampshire	E14001403	38%	28%	15%	7%	11%	0%	0%	1%	Conservatives	Lab	Lean Conservatives	10%	Conservative hold	Conservatives
Oxford East	South East	Oxfordshire	E14001419	9%	62%	9%	12%	5%	0%	0%	2%	Labour	Grn	Safe Labour	50%	Labour hold	Labour
Oxford West and Abingdon	South East	Oxfordshire	E14001420	14%	17%	53%	3%	6%	0%	0%	5%	Lib Dems	Lab	Safe Lib Dems	35%	Lib Dem hold	Lib Dems
Portsmouth North	South East	Hampshire	E14001431	35%	40%	6%	5%	13%	0%	0%	1%	Labour	Con	Tossup	5%	Labour gain from Conservatives	Conservatives
Portsmouth South	South East	Hampshire	E14001432	18%	58%	8%	6%	9%	0%	0%	1%	Labour	Con	Safe Labour	40%	Labour hold	Labour
Reading Central	South East	Berkshire	E14001438	20%	58%	6%	9%	6%	0%	0%	1%	Labour	Con	Safe Labour	38%	Labour hold	Labour
Reading West and Mid Berkshire	South East	Berkshire	E14001439	35%	38%	11%	5%	10%	0%	0%	1%	Labour	Con	Tossup	3%	Labour gain from Conservatives	Conservatives
Reigate	South East	Surrey	E14001442	39%	26%	16%	9%	10%	0%	0%	1%	Conservatives	Lab	Likely Conservatives	13%	Conservative hold	Conservatives
Rochester and Strood	South East	Kent	E14001447	32%	39%	7%	7%	14%	0%	0%	1%	Labour	Con	Lean Labour	6%	Labour gain from Conservatives	Conservatives
Romsey and Southampton North	South East	Hampshire	E14001449	39%	21%	26%	4%	9%	0%	0%	1%	Conservatives	LD	Likely Conservatives	13%	Conservative hold	Conservatives
Runnymede and Weybridge	South East	Surrey	E14001456	34%	22%	27%	6%	9%	0%	0%	1%	Conservatives	LD	Lean Conservatives	7%	Conservative hold	Conservatives
Sevenoaks	South East	Kent	E14001465	40%	23%	18%	6%	12%	0%	0%	1%	Conservatives	Lab	Likely Conservatives	17%	Conservative hold	Conservatives
Sittingbourne and Sheppey	South East	Kent	E14001474	37%	36%	7%	4%	15%	0%	0%	1%	Conservatives	Lab	Tossup	1%	Conservative hold	Conservatives
Slough	South East	Berkshire	E14001477	15%	50%	9%	11%	8%	0%	0%	7%	Labour	Con	Safe Labour	36%	Labour hold	Labour
Southampton Itchen	South East	Hampshire	E14001499	26%	53%	3%	5%	11%	0%	0%	1%	Labour	Con	Safe Labour	27%	Labour gain from Conservatives	Conservatives
Southampton Test	South East	Hampshire	E14001500	17%	55%	9%	8%	10%	0%	0%	1%	Labour	Con	Safe Labour	38%	Labour hold	Labour
Spelthorne	South East	Surrey	E14001505	34%	32%	13%	7%	13%	0%	0%	1%	Conservatives	Lab	Tossup	2%	Conservative hold	Conservatives
Surrey Heath	South East	Surrey	E14001532	34%	15%	36%	5%	9%	0%	0%	1%	Lib Dems	Con	Tossup	2%	Lib Dem gain from Conservatives	Conservatives
Sussex Weald	South East	East Sussex	E14001533	41%	23%	19%	5%	11%	0%	0%	1%	Conservatives	Lab	Likely Conservatives	18%	Conservative hold	Conservatives
Tonbridge	South East	Kent	E14001549	40%	30%	8%	10%	12%	0%	0%	1%	Conservatives	Lab	Likely Conservatives	10%	Conservative hold	Conservatives
Tunbridge Wells	South East	Kent	E14001555	35%	20%	33%	3%	8%	0%	0%	1%	Conservatives	LD	Tossup	2%	Conservative hold	Conservatives
Weald of Kent	South East	Kent	E14001570	46%	28%	8%	5%	12%	0%	0%	1%	Conservatives	Lab	Likely Conservatives	18%	Conservative hold	Conservatives
Winchester	South East	Hampshire	E14001587	32%	11%	47%	3%	6%	0%	0%	1%	Lib Dems	Con	Likely Lib Dems	15%	Lib Dem gain from Conservatives	Conservatives
Windsor	South East	Berkshire	E14001588	35%	32%	17%	6%	9%	0%	0%	1%	Conservatives	Lab	Tossup	3%	Conservative hold	Conservatives
Witney	South East	Oxfordshire	E14001591	37%	21%	29%	3%	9%	0%	0%	1%	Conservatives	LD	Lean Conservatives	8%	Conservative hold	Conservatives
Woking	South East	Surrey	E14001592	26%	17%	43%	4%	7%	0%	0%	3%	Lib Dems	Con	Likely Lib Dems	17%	Lib Dem gain from Conservatives	Conservatives
Wokingham	South East	Berkshire	E14001593	34%	15%	40%	3%	6%	0%	0%	1%	Lib Dems	Con	Lean Lib Dems	7%	Lib Dem gain from Conservatives	Conservatives
Worthing West	South East	West Sussex	E14001599	34%	41%	6%	7%	11%	0%	0%	1%	Labour	Con	Lean Labour	7%	Labour gain from Conservatives	Conservatives
Wycombe	South East	Buckinghamshire	E14001600	25%	51%	7%	7%	8%	0%	0%	1%	Labour	Con	Safe Labour	26%	Labour gain from Conservatives	Conservatives
Bath	South West	Bristol area	E14001080	13%	18%	57%	3%	6%	0%	0%	4%	Lib Dems	Lab	Safe Lib Dems	39%	Lib Dem hold	Lib Dems
Bournemouth East	South West	Dorset	E14001115	30%	46%	6%	7%	10%	0%	0%	1%	Labour	Con	Likely Labour	17%	Labour gain from Conservatives	Conservatives
Bournemouth West	South West	Dorset	E14001116	29%	42%	10%	7%	11%	0%	0%	1%	Labour	Con	Likely Labour	13%	Labour gain from Conservatives	Conservatives
Bridgwater	South West	Somerset	E14001126	32%	33%	16%	5%	15%	0%	0%	1%	Labour	Con	Tossup	1%	Labour gain from Conservatives	Conservatives
Bristol Central	South West	Bristol area	E14001131	5%	37%	3%	50%	2%	0%	0%	2%	Green	Lab	Likely Green	13%	Green gain from Labour	Labour
Bristol East	South West	Bristol area	E14001132	9%	56%	5%	21%	7%	0%	0%	3%	Labour	Grn	Safe Labour	35%	Labour hold	Labour
Bristol North East	South West	Bristol area	E14001133	20%	55%	4%	10%	10%	0%	0%	1%	Labour	Con	Safe Labour	34%	Labour hold	Labour
Bristol North West	South West	Bristol area	E14001134	20%	53%	7%	14%	6%	0%	0%	1%	Labour	Con	Safe Labour	33%	Labour hold	Labour
Bristol South	South West	Bristol area	E14001135	15%	58%	5%	12%	9%	0%	0%	1%	Labour	Con	Safe Labour	43%	Labour hold	Labour
Camborne and Redruth	South West	Cornwall	E14001148	30%	47%	6%	5%	11%	0%	0%	1%	Labour	Con	Likely Labour	17%	Labour gain from Conservatives	Conservatives
Central Devon	South West	Devon	E14001155	33%	34%	15%	6%	10%	0%	0%	1%	Labour	Con	Tossup	1%	Labour gain from Conservatives	Conservatives
Cheltenham	South West	Gloucestershire	E14001161	25%	9%	56%	2%	7%	0%	0%	1%	Lib Dems	Con	Safe Lib Dems	31%	Lib Dem gain from Conservatives	Conservatives
Chippenham	South West	Wiltshire	E14001168	31%	15%	40%	4%	10%	0%	0%	1%	Lib Dems	Con	Lean Lib Dems	9%	Lib Dem gain from Conservatives	Conservatives
Christchurch	South West	Dorset	E14001171	43%	20%	17%	5%	13%	0%	0%	1%	Conservatives	Lab	Likely Conservatives	23%	Conservative hold	Conservatives
East Wiltshire	South West	Wiltshire	E14001217	39%	35%	8%	5%	12%	0%	0%	1%	Conservatives	Lab	Tossup	5%	Conservative hold	Conservatives
Exeter	South West	Devon	E14001231	14%	60%	4%	13%	8%	0%	0%	1%	Labour	Con	Safe Labour	46%	Labour hold	Labour
Exmouth and Exeter East	South West	Devon	E14001232	33%	29%	11%	6%	15%	0%	0%	5%	Conservatives	Lab	Tossup	4%	Conservative hold	Conservatives
Filton and Bradley Stoke	South West	Bristol area	E14001237	29%	51%	6%	6%	8%	0%	0%	1%	Labour	Con	Likely Labour	22%	Labour gain from Conservatives	Conservatives
Forest of Dean	South West	Gloucestershire	E14001240	34%	38%	4%	10%	13%	0%	0%	1%	Labour	Con	Tossup	4%	Labour gain from Conservatives	Conservatives
Frome and East Somerset	South West	Somerset	E14001241	30%	27%	25%	8%	10%	0%	0%	1%	Conservatives	Lab	Tossup	2%	Conservative hold	Conservatives
Glastonbury and Somerton	South West	Somerset	E14001247	36%	14%	35%	4%	10%	0%	0%	1%	Conservatives	LD	Tossup	0%	Conservative hold	Conservatives
Gloucester	South West	Gloucestershire	E14001248	30%	46%	6%	6%	11%	0%	0%	1%	Labour	Con	Likely Labour	16%	Labour gain from Conservatives	Conservatives
Honiton and Sidmouth	South West	Devon	E14001291	33%	17%	34%	3%	12%	0%	0%	1%	Lib Dems	Con	Tossup	2%	Lib Dem gain from Conservatives	Conservatives
Melksham and Devizes	South West	Wiltshire	E14001356	36%	18%	33%	4%	9%	0%	0%	1%	Conservatives	LD	Tossup	3%	Conservative hold	Conservatives
Mid Dorset and North Poole	South West	Dorset	E14001363	36%	14%	34%	4%	11%	0%	0%	1%	Conservatives	LD	Tossup	1%	Conservative hold	Conservatives
Newton Abbot	South West	Devon	E14001381	34%	21%	27%	6%	11%	0%	0%	1%	Conservatives	LD	Lean Conservatives	7%	Conservative hold	Conservatives
North Cornwall	South West	Cornwall	E14001385	33%	14%	38%	3%	12%	0%	0%	1%	Lib Dems	Con	Tossup	4%	Lib Dem gain from Conservatives	Conservatives
North Cotswolds	South West	Gloucestershire	E14001386	39%	25%	20%	6%	9%	0%	0%	1%	Conservatives	Lab	Likely Conservatives	14%	Conservative hold	Conservatives
North Devon	South West	Devon	E14001387	31%	13%	42%	4%	11%	0%	0%	0%	Lib Dems	Con	Likely Lib Dems	11%	Lib Dem gain from Conservatives	Conservatives
North Dorset	South West	Dorset	E14001388	37%	16%	31%	4%	11%	0%	0%	1%	Conservatives	LD	Lean Conservatives	7%	Conservative hold	Conservatives
North East Somerset and Hanham	South West	Bristol area	E14001394	34%	40%	10%	5%	10%	0%	0%	1%	Labour	Con	Lean Labour	6%	Labour gain from Conservatives	Conservatives
North Somerset	South West	Bristol area	E14001399	35%	40%	8%	6%	10%	0%	0%	1%	Labour	Con	Lean Labour	5%	Labour gain from Conservatives	Conservatives
Plymouth Moor View	South West	Devon	E14001426	32%	43%	6%	5%	14%	0%	0%	1%	Labour	Con	Likely Labour	12%	Labour gain from Conservatives	Conservatives
Plymouth Sutton and Devonport	South West	Devon	E14001427	17%	59%	5%	7%	11%	0%	0%	1%	Labour	Con	Safe Labour	42%	Labour hold	Labour
Poole	South West	Dorset	E14001429	35%	34%	11%	6%	13%	0%	0%	1%	Conservatives	Lab	Tossup	1%	Conservative hold	Conservatives
Salisbury	South West	Wiltshire	E14001460	37%	25%	19%	7%	10%	0%	0%	1%	Conservatives	Lab	Likely Conservatives	12%	Conservative hold	Conservatives
South Cotswolds	South West	Gloucestershire	E14001482	34%	17%	36%	4%	9%	0%	0%	1%	Lib Dems	Con	Tossup	2%	Lib Dem gain from Conservatives	Conservatives
South Devon	South West	Devon	E14001484	32%	17%	39%	2%	9%	0%	0%	1%	Lib Dems	Con	Lean Lib Dems	7%	Lib Dem gain from Conservatives	Conservatives
South Dorset	South West	Dorset	E14001485	33%	34%	13%	6%	13%	0%	0%	1%	Labour	Con	Tossup	1%	Labour gain from Conservatives	Conservatives
South East Cornwall	South West	Cornwall	E14001486	38%	30%	13%	5%	13%	0%	0%	1%	Conservatives	Lab	Lean Conservatives	7%	Conservative hold	Conservatives
South West Devon	South West	Devon	E14001495	39%	32%	11%	5%	12%	0%	0%	1%	Conservatives	Lab	Lean Conservatives	7%	Conservative hold	Conservatives
South West Wiltshire	South West	Wiltshire	E14001498	34%	31%	15%	7%	12%	0%	0%	1%	Conservatives	Lab	Tossup	3%	Conservative hold	Conservatives
St Austell and Newquay	South West	Cornwall	E14001508	32%	38%	10%	6%	15%	0%	0%	0%	Labour	Con	Lean Labour	6%	Labour gain from Conservatives	Conservatives
St Ives	South West	Cornwall	E14001511	26%	12%	49%	3%	10%	0%	0%	1%	Lib Dems	Con	Likely Lib Dems	23%	Lib Dem gain from Conservatives	Conservatives
Stroud	South West	Gloucestershire	E14001529	25%	51%	4%	10%	8%	0%	0%	1%	Labour	Con	Safe Labour	26%	Labour gain from Conservatives	Conservatives
Swindon North	South West	Wiltshire	E14001536	33%	43%	6%	5%	12%	0%	0%	1%	Labour	Con	Lean Labour	10%	Labour gain from Conservatives	Conservatives
Swindon South	South West	Wiltshire	E14001537	30%	51%	5%	4%	9%	0%	0%	1%	Labour	Con	Likely Labour	21%	Labour gain from Conservatives	Conservatives
Taunton and Wellington	South West	Somerset	E14001540	26%	11%	49%	3%	10%	0%	0%	2%	Lib Dems	Con	Likely Lib Dems	23%	Lib Dem gain from Conservatives	Conservatives
Tewkesbury	South West	Gloucestershire	E14001542	35%	22%	27%	5%	10%	0%	0%	1%	Conservatives	LD	Lean Conservatives	8%	Conservative hold	Conservatives
Thornbury and Yate	South West	Bristol area	E14001545	34%	15%	39%	2%	9%	0%	0%	1%	Lib Dems	Con	Lean Lib Dems	5%	Lib Dem gain from Conservatives	Conservatives
Tiverton and Minehead	South West	Somerset	E14001548	37%	19%	28%	5%	11%	0%	0%	1%	Conservatives	LD	Lean Conservatives	9%	Conservative hold	Conservatives
Torbay	South West	Devon	E14001551	31%	15%	37%	4%	13%	0%	0%	1%	Lib Dems	Con	Lean Lib Dems	6%	Lib Dem gain from Conservatives	Conservatives
Torridge and Tavistock	South West	Devon	E14001552	38%	23%	20%	5%	12%	0%	0%	1%	Conservatives	Lab	Likely Conservatives	15%	Conservative hold	Conservatives
Truro and Falmouth	South West	Cornwall	E14001554	28%	51%	8%	6%	8%	0%	0%	1%	Labour	Con	Likely Labour	23%	Labour gain from Conservatives	Conservatives
Wells and Mendip Hills	South West	Somerset	E14001572	37%	16%	33%	3%	9%	0%	0%	1%	Conservatives	LD	Tossup	4%	Conservative hold	Conservatives
West Dorset	South West	Dorset	E14001575	30%	12%	44%	4%	9%	0%	0%	1%	Lib Dems	Con	Likely Lib Dems	14%	Lib Dem gain from Conservatives	Conservatives
Weston-super-Mare	South West	Bristol area	E14001581	33%	39%	9%	6%	13%	0%	0%	1%	Labour	Con	Lean Labour	6%	Labour gain from Conservatives	Conservatives
Wyre Forest	West Midlands	Hereford and Worcestershire	E14001601	38%	35%	6%	5%	15%	0%	0%	1%	Conservatives	Lab	Tossup	3%	Conservative hold	Conservatives
Yeovil	South West	Somerset	E14001603	29%	13%	43%	4%	11%	0%	0%	0%	Lib Dems	Con	Likely Lib Dems	14%	Lib Dem gain from Conservatives	Conservatives
Aberafan Maesteg	Wales	West Glamorgan	W07000081	9%	52%	5%	4%	12%	13%	0%	3%	Labour	PC	Safe Labour	39%	Labour hold	Labour
Alyn and Deeside	Wales	Clwyd	W07000082	23%	47%	6%	3%	12%	8%	0%	1%	Labour	Con	Likely Labour	24%	Labour hold	Labour
Bangor Aberconwy	Wales	Clwyd	W07000083	25%	43%	3%	4%	8%	16%	0%	0%	Labour	Con	Likely Labour	18%	Labour gain from Conservatives	Conservatives
Blaenau Gwent and Rhymney	Wales	Gwent	W07000084	8%	55%	4%	4%	15%	12%	0%	3%	Labour	Ref	Safe Labour	40%	Labour hold	Labour
Brecon, Radnor and Cwm Tawe	Wales	Powys	W07000085	31%	18%	28%	3%	9%	11%	0%	1%	Conservatives	LD	Tossup	3%	Conservative hold	Conservatives
Bridgend	Wales	Mid Glamorgan	W07000086	27%	45%	4%	3%	10%	10%	0%	2%	Labour	Con	Likely Labour	18%	Labour gain from Conservatives	Conservatives
Caerfyrddin	Wales	Dyfed	W07000087	22%	31%	2%	3%	11%	29%	0%	2%	Labour	PC	Tossup	2%	Labour gain from Conservatives	Conservatives
Caerphilly	Wales	Gwent	W07000088	15%	46%	2%	4%	13%	17%	0%	3%	Labour	PC	Safe Labour	29%	Labour hold	Labour
Cardiff East	Wales	South Glamorgan	W07000089	12%	56%	8%	6%	7%	10%	0%	1%	Labour	Con	Safe Labour	44%	Labour hold	Labour
Cardiff North	Wales	South Glamorgan	W07000090	23%	52%	4%	4%	7%	10%	0%	1%	Labour	Con	Safe Labour	29%	Labour hold	Labour
Cardiff South and Penarth	Wales	South Glamorgan	W07000091	17%	52%	8%	7%	6%	10%	0%	0%	Labour	Con	Safe Labour	35%	Labour hold	Labour
Cardiff West	Wales	South Glamorgan	W07000092	18%	51%	3%	6%	7%	13%	0%	2%	Labour	Con	Safe Labour	33%	Labour hold	Labour
Ceredigion Preseli	Wales	Dyfed	W07000093	12%	18%	8%	5%	9%	43%	0%	6%	Plaid	Lab	Safe Plaid	25%	Plaid hold	PC
Clwyd East	Wales	Clwyd	W07000094	31%	42%	6%	3%	10%	8%	0%	1%	Labour	Con	Likely Labour	10%	Labour gain from Conservatives	Conservatives
Clwyd North	Wales	Clwyd	W07000095	29%	42%	4%	3%	10%	11%	0%	1%	Labour	Con	Likely Labour	14%	Labour gain from Conservatives	Conservatives
Dwyfor Meirionnydd	Wales	Gwynedd	W07000096	11%	22%	3%	4%	9%	43%	0%	8%	Plaid	Lab	Likely Plaid	21%	Plaid hold	PC
Gower	Wales	West Glamorgan	W07000097	27%	44%	5%	4%	10%	11%	0%	0%	Labour	Con	Likely Labour	17%	Labour hold	Labour
Llanelli	Wales	Dyfed	W07000098	16%	38%	3%	5%	14%	22%	0%	4%	Labour	PC	Likely Labour	16%	Labour hold	Labour
Merthyr Tydfil and Aberdare	Wales	Mid Glamorgan	W07000099	10%	44%	4%	6%	14%	17%	0%	5%	Labour	PC	Safe Labour	27%	Labour hold	Labour
Mid and South Pembrokeshire	Wales	Dyfed	W07000100	33%	43%	4%	3%	9%	7%	0%	1%	Labour	Con	Lean Labour	9%	Labour gain from Conservatives	Conservatives
Monmouthshire	Wales	Gwent	W07000101	33%	44%	4%	3%	8%	7%	0%	1%	Labour	Con	Likely Labour	10%	Labour gain from Conservatives	Conservatives
Montgomeryshire and Glyndwr	Wales	Powys	W07000102	33%	27%	15%	2%	11%	10%	0%	1%	Conservatives	Lab	Lean Conservatives	5%	Conservative hold	Conservatives
Neath and Swansea East	Wales	West Glamorgan	W07000103	14%	47%	4%	5%	12%	14%	0%	2%	Labour	Con	Safe Labour	33%	Labour hold	Labour
Newport East	Wales	Gwent	W07000104	19%	46%	6%	5%	12%	9%	0%	3%	Labour	Con	Safe Labour	27%	Labour hold	Labour
Newport West and Islwyn	Wales	Gwent	W07000105	21%	45%	4%	4%	12%	11%	0%	2%	Labour	Con	Likely Labour	23%	Labour hold	Labour
Pontypridd	Wales	Mid Glamorgan	W07000106	14%	46%	3%	4%	11%	18%	0%	4%	Labour	PC	Safe Labour	28%	Labour hold	Labour
Rhondda and Ogmore	Wales	Mid Glamorgan	W07000107	5%	56%	4%	5%	13%	14%	0%	3%	Labour	PC	Safe Labour	42%	Labour hold	Labour
Swansea West	Wales	West Glamorgan	W07000108	15%	50%	5%	5%	10%	12%	0%	2%	Labour	Con	Safe Labour	35%	Labour hold	Labour
Torfaen	Wales	Gwent	W07000109	17%	49%	4%	4%	15%	9%	0%	1%	Labour	Con	Safe Labour	32%	Labour hold	Labour
Vale of Glamorgan	Wales	South Glamorgan	W07000110	30%	46%	4%	6%	8%	5%	0%	1%	Labour	Con	Likely Labour	16%	Labour gain from Conservatives	Conservatives
Wrexham	Wales	Clwyd	W07000111	28%	43%	5%	4%	11%	9%	0%	1%	Labour	Con	Likely Labour	15%	Labour gain from Conservatives	Conservatives
Ynys Mon	Wales	Gwynedd	W07000112	21%	35%	2%	3%	11%	26%	0%	2%	Labour	PC	Lean Labour	9%	Labour gain from Conservatives	Conservatives
Aldridge-Brownhills	West Midlands	Black Country	E14001064	40%	35%	5%	4%	15%	0%	0%	1%	Conservatives	Lab	Lean Conservatives	5%	Conservative hold	Conservatives
Birmingham Edgbaston	West Midlands	Birmingham	E14001092	19%	59%	5%	8%	8%	0%	0%	1%	Labour	Con	Safe Labour	39%	Labour hold	Labour
Birmingham Erdington	West Midlands	Birmingham	E14001093	20%	55%	4%	7%	12%	0%	0%	1%	Labour	Con	Safe Labour	35%	Labour hold	Labour
Birmingham Hall Green and Moseley	West Midlands	Birmingham	E14001094	8%	59%	6%	12%	6%	0%	0%	10%	Labour	Grn	Safe Labour	47%	Labour hold	Labour
Birmingham Hodge Hill and Solihull North	West Midlands	Birmingham	E14001095	13%	58%	5%	11%	11%	0%	0%	3%	Labour	Con	Safe Labour	45%	Labour hold	Labour
Birmingham Ladywood	West Midlands	Birmingham	E14001096	2%	78%	3%	11%	4%	0%	0%	1%	Labour	Grn	Safe Labour	67%	Labour hold	Labour
Birmingham Northfield	West Midlands	Birmingham	E14001097	24%	55%	4%	6%	11%	0%	0%	1%	Labour	Con	Safe Labour	31%	Labour gain from Conservatives	Conservatives
Birmingham Perry Barr	West Midlands	Birmingham	E14001098	10%	67%	5%	9%	7%	0%	0%	2%	Labour	Con	Safe Labour	56%	Labour hold	Labour
Birmingham Selly Oak	West Midlands	Birmingham	E14001099	17%	57%	5%	12%	9%	0%	0%	1%	Labour	Con	Safe Labour	40%	Labour hold	Labour
Birmingham Yardley	West Midlands	Birmingham	E14001100	13%	54%	8%	9%	10%	0%	0%	6%	Labour	Con	Safe Labour	41%	Labour hold	Labour
Bromsgrove	West Midlands	Hereford and Worcestershire	E14001138	40%	32%	10%	5%	12%	0%	0%	1%	Conservatives	Lab	Lean Conservatives	8%	Conservative hold	Conservatives
Burton and Uttoxeter	West Midlands	Staffordshire	E14001143	34%	39%	6%	6%	14%	0%	0%	1%	Labour	Con	Tossup	4%	Labour gain from Conservatives	Conservatives
Cannock Chase	West Midlands	Staffordshire	E14001150	35%	38%	3%	8%	15%	0%	0%	1%	Labour	Con	Tossup	3%	Labour gain from Conservatives	Conservatives
Coventry East	West Midlands	Coventry and Solihull	E14001180	17%	51%	6%	9%	12%	0%	0%	4%	Labour	Con	Safe Labour	34%	Labour hold	Labour
Coventry North West	West Midlands	Coventry and Solihull	E14001181	22%	50%	6%	8%	12%	0%	0%	1%	Labour	Con	Safe Labour	28%	Labour hold	Labour
Coventry South	West Midlands	Coventry and Solihull	E14001182	24%	54%	5%	7%	10%	0%	0%	1%	Labour	Con	Safe Labour	30%	Labour hold	Labour
Droitwich and Evesham	West Midlands	Hereford and Worcestershire	E14001203	39%	30%	12%	5%	14%	0%	0%	1%	Conservatives	Lab	Lean Conservatives	9%	Conservative hold	Conservatives
Dudley	West Midlands	Black Country	E14001204	34%	41%	4%	5%	16%	0%	0%	1%	Labour	Con	Lean Labour	7%	Labour gain from Conservatives	Conservatives
Halesowen	West Midlands	Black Country	E14001261	33%	43%	5%	5%	14%	0%	0%	1%	Labour	Con	Likely Labour	10%	Labour gain from Conservatives	Conservatives
Hereford and South Herefordshire	West Midlands	Hereford and Worcestershire	E14001281	34%	30%	14%	7%	14%	0%	0%	1%	Conservatives	Lab	Tossup	4%	Conservative hold	Conservatives
Kenilworth and Southam	West Midlands	Warwickshire	E14001309	38%	31%	15%	5%	9%	0%	0%	1%	Conservatives	Lab	Lean Conservatives	7%	Conservative hold	Conservatives
Kingswinford and South Staffordshire	West Midlands	Staffordshire	E14001316	45%	32%	4%	4%	14%	0%	0%	1%	Conservatives	Lab	Likely Conservatives	13%	Conservative hold	Conservatives
Lichfield	West Midlands	Staffordshire	E14001335	39%	35%	7%	6%	12%	0%	0%	1%	Conservatives	Lab	Tossup	4%	Conservative hold	Conservatives
Meriden and Solihull East	West Midlands	Coventry and Solihull	E14001358	38%	33%	12%	5%	12%	0%	0%	1%	Conservatives	Lab	Lean Conservatives	5%	Conservative hold	Conservatives
Newcastle-under-Lyme	West Midlands	Staffordshire	E14001380	29%	47%	5%	5%	14%	0%	0%	1%	Labour	Con	Likely Labour	18%	Labour gain from Conservatives	Conservatives
North Herefordshire	West Midlands	Hereford and Worcestershire	E14001395	38%	23%	8%	17%	13%	0%	0%	1%	Conservatives	Lab	Likely Conservatives	15%	Conservative hold	Conservatives
North Shropshire	West Midlands	Shropshire	E14001398	25%	19%	40%	3%	11%	0%	0%	1%	Lib Dems	Con	Likely Lib Dems	15%	Lib Dem gain from Conservatives	Conservatives
North Warwickshire and Bedworth	West Midlands	Warwickshire	E14001400	36%	40%	4%	4%	15%	0%	0%	1%	Labour	Con	Tossup	4%	Labour gain from Conservatives	Conservatives
Nuneaton	West Midlands	Warwickshire	E14001413	33%	43%	3%	7%	13%	0%	0%	1%	Labour	Con	Lean Labour	9%	Labour gain from Conservatives	Conservatives
Redditch	West Midlands	Hereford and Worcestershire	E14001441	37%	39%	4%	6%	13%	0%	0%	1%	Labour	Con	Tossup	2%	Labour gain from Conservatives	Conservatives
Rugby	West Midlands	Warwickshire	E14001453	34%	41%	5%	7%	12%	0%	0%	1%	Labour	Con	Lean Labour	7%	Labour gain from Conservatives	Conservatives
Shrewsbury	West Midlands	Shropshire	E14001473	28%	48%	7%	6%	10%	0%	0%	1%	Labour	Con	Likely Labour	20%	Labour gain from Conservatives	Conservatives
Smethwick	West Midlands	Black Country	E14001478	13%	56%	6%	9%	12%	0%	0%	4%	Labour	Con	Safe Labour	43%	Labour hold	Labour
Solihull West and Shirley	West Midlands	Coventry and Solihull	E14001479	38%	33%	12%	5%	10%	0%	0%	1%	Conservatives	Lab	Tossup	5%	Conservative hold	Conservatives
South Shropshire	West Midlands	Shropshire	E14001493	39%	27%	16%	4%	12%	0%	0%	1%	Conservatives	Lab	Likely Conservatives	12%	Conservative hold	Conservatives
Stafford	West Midlands	Staffordshire	E14001513	34%	42%	6%	6%	11%	0%	0%	1%	Labour	Con	Lean Labour	8%	Labour gain from Conservatives	Conservatives
Staffordshire Moorlands	West Midlands	Staffordshire	E14001514	37%	37%	7%	4%	14%	0%	0%	1%	Conservatives	Lab	Tossup	1%	Conservative hold	Conservatives
Stoke-on-Trent Central	West Midlands	Staffordshire	E14001520	22%	54%	4%	6%	14%	0%	0%	1%	Labour	Con	Safe Labour	32%	Labour gain from Conservatives	Conservatives
Stoke-on-Trent North	West Midlands	Staffordshire	E14001521	27%	45%	4%	5%	17%	0%	0%	1%	Labour	Con	Likely Labour	18%	Labour gain from Conservatives	Conservatives
Stoke-on-Trent South	West Midlands	Staffordshire	E14001522	36%	40%	5%	5%	13%	0%	0%	1%	Labour	Con	Tossup	4%	Labour gain from Conservatives	Conservatives
Stone, Great Wyrley and Penkridge	West Midlands	Staffordshire	E14001523	39%	36%	6%	4%	13%	0%	0%	1%	Conservatives	Lab	Tossup	4%	Conservative hold	Conservatives
Stourbridge	West Midlands	Black Country	E14001524	36%	38%	6%	5%	14%	0%	0%	1%	Labour	Con	Tossup	2%	Labour gain from Conservatives	Conservatives
Stratford-on-Avon	West Midlands	Warwickshire	E14001526	37%	18%	30%	4%	9%	0%	0%	1%	Conservatives	LD	Lean Conservatives	6%	Conservative hold	Conservatives
Sutton Coldfield	West Midlands	Birmingham	E14001535	40%	36%	8%	7%	9%	0%	0%	1%	Conservatives	Lab	Tossup	4%	Conservative hold	Conservatives
Tamworth	West Midlands	Staffordshire	E14001538	38%	38%	3%	4%	15%	0%	0%	1%	Conservatives	Lab	Tossup	1%	Conservative hold	Conservatives
Telford	West Midlands	Shropshire	E14001541	30%	48%	5%	4%	13%	0%	0%	1%	Labour	Con	Likely Labour	17%	Labour gain from Conservatives	Conservatives
The Wrekin	West Midlands	Shropshire	E14001543	38%	38%	6%	5%	12%	0%	0%	1%	Conservatives	Lab	Tossup	0%	Conservative hold	Conservatives
Tipton and Wednesbury	West Midlands	Black Country	E14001547	24%	51%	4%	5%	15%	0%	0%	1%	Labour	Con	Safe Labour	27%	Labour gain from Conservatives	Conservatives
Walsall and Bloxwich	West Midlands	Black Country	E14001562	27%	51%	3%	6%	12%	0%	0%	0%	Labour	Con	Likely Labour	24%	Labour gain from Conservatives	Conservatives
Warwick and Leamington	West Midlands	Warwickshire	E14001566	23%	54%	5%	10%	8%	0%	0%	1%	Labour	Con	Safe Labour	31%	Labour hold	Labour
West Bromwich	West Midlands	Black Country	E14001574	25%	48%	5%	7%	14%	0%	0%	1%	Labour	Con	Likely Labour	23%	Labour gain from Conservatives	Conservatives
West Worcestershire	West Midlands	Hereford and Worcestershire	E14001579	41%	22%	19%	7%	10%	0%	0%	1%	Conservatives	Lab	Likely Conservatives	19%	Conservative hold	Conservatives
Wolverhampton North East	West Midlands	Black Country	E14001594	28%	46%	4%	5%	16%	0%	0%	1%	Labour	Con	Likely Labour	17%	Labour gain from Conservatives	Conservatives
Wolverhampton South East	West Midlands	Black Country	E14001595	18%	55%	4%	7%	16%	0%	0%	0%	Labour	Con	Safe Labour	37%	Labour hold	Labour
Wolverhampton West	West Midlands	Black Country	E14001596	28%	53%	3%	5%	9%	0%	0%	1%	Labour	Con	Likely Labour	25%	Labour gain from Conservatives	Conservatives
Worcester	West Midlands	Hereford and Worcestershire	E14001597	29%	45%	7%	8%	10%	0%	0%	1%	Labour	Con	Likely Labour	17%	Labour gain from Conservatives	Conservatives
Barnsley North	Yorkshire and The Humber	South Yorkshire	E14001074	7%	48%	9%	6%	23%	0%	0%	6%	Labour	Ref	Safe Labour	26%	Labour hold	Labour
Barnsley South	Yorkshire and The Humber	South Yorkshire	E14001075	7%	56%	4%	7%	22%	0%	0%	4%	Labour	Ref	Safe Labour	34%	Labour hold	Labour
Beverley and Holderness	Yorkshire and The Humber	Humber area	E14001087	37%	36%	9%	5%	12%	0%	0%	1%	Conservatives	Lab	Tossup	1%	Conservative hold	Conservatives
Bradford East	Yorkshire and The Humber	West Yorkshire	E14001118	9%	59%	9%	9%	9%	0%	0%	5%	Labour	Grn	Safe Labour	50%	Labour hold	Labour
Bradford South	Yorkshire and The Humber	West Yorkshire	E14001119	19%	53%	4%	9%	15%	0%	0%	1%	Labour	Con	Safe Labour	34%	Labour hold	Labour
Bradford West	Yorkshire and The Humber	West Yorkshire	E14001120	6%	66%	3%	12%	6%	0%	0%	7%	Labour	Grn	Safe Labour	55%	Labour hold	Labour
Bridlington and The Wolds	Yorkshire and The Humber	Humber area	E14001127	40%	32%	7%	4%	16%	0%	0%	1%	Conservatives	Lab	Lean Conservatives	8%	Conservative hold	Conservatives
Brigg and Immingham	Yorkshire and The Humber	Humber area	E14001128	40%	34%	4%	4%	16%	0%	0%	1%	Conservatives	Lab	Lean Conservatives	6%	Conservative hold	Conservatives
Calder Valley	Yorkshire and The Humber	West Yorkshire	E14001147	32%	50%	4%	4%	9%	0%	0%	1%	Labour	Con	Likely Labour	18%	Labour gain from Conservatives	Conservatives
Colne Valley	Yorkshire and The Humber	West Yorkshire	E14001177	30%	49%	6%	5%	9%	0%	0%	1%	Labour	Con	Likely Labour	18%	Labour gain from Conservatives	Conservatives
Dewsbury and Batley	Yorkshire and The Humber	West Yorkshire	E14001196	14%	55%	6%	11%	11%	0%	0%	5%	Labour	Con	Safe Labour	40%	Labour hold	Labour
Doncaster Central	Yorkshire and The Humber	South Yorkshire	E14001198	16%	56%	4%	6%	17%	0%	0%	1%	Labour	Ref	Safe Labour	39%	Labour hold	Labour
Doncaster East and the Isle of Axholme	Yorkshire and The Humber	South Yorkshire	E14001199	27%	42%	7%	6%	17%	0%	0%	3%	Labour	Con	Likely Labour	15%	Labour gain from Conservatives	Conservatives
Doncaster North	Yorkshire and The Humber	South Yorkshire	E14001200	13%	56%	4%	5%	22%	0%	0%	1%	Labour	Ref	Safe Labour	34%	Labour hold	Labour
Goole and Pocklington	Yorkshire and The Humber	Humber area	E14001250	38%	34%	9%	5%	14%	0%	0%	1%	Conservatives	Lab	Tossup	4%	Conservative hold	Conservatives
Great Grimsby and Cleethorpes	Yorkshire and The Humber	Humber area	E14001255	27%	44%	9%	5%	16%	0%	0%	0%	Labour	Con	Likely Labour	17%	Labour gain from Conservatives	Conservatives
Halifax	Yorkshire and The Humber	West Yorkshire	E14001262	22%	49%	6%	8%	14%	0%	0%	2%	Labour	Con	Safe Labour	27%	Labour hold	Labour
Harrogate and Knaresborough	Yorkshire and The Humber	North Yorkshire	E14001269	30%	14%	46%	2%	8%	0%	0%	0%	Lib Dems	Con	Likely Lib Dems	16%	Lib Dem gain from Conservatives	Conservatives
Huddersfield	Yorkshire and The Humber	West Yorkshire	E14001297	18%	56%	4%	12%	9%	0%	0%	0%	Labour	Con	Safe Labour	38%	Labour hold	Labour
Keighley and Ilkley	Yorkshire and The Humber	West Yorkshire	E14001308	30%	51%	4%	5%	9%	0%	0%	1%	Labour	Con	Likely Labour	21%	Labour gain from Conservatives	Conservatives
Kingston upon Hull East	Yorkshire and The Humber	Humber area	E14001313	11%	54%	8%	6%	20%	0%	0%	1%	Labour	Ref	Safe Labour	34%	Labour hold	Labour
Kingston upon Hull North and Cottingham	Yorkshire and The Humber	Humber area	E14001314	14%	56%	8%	7%	14%	0%	0%	0%	Labour	Ref	Safe Labour	41%	Labour hold	Labour
Kingston upon Hull West and Haltemprice	Yorkshire and The Humber	Humber area	E14001315	19%	52%	9%	4%	16%	0%	0%	1%	Labour	Con	Safe Labour	33%	Labour gain from Conservatives	Conservatives
Leeds Central and Headingley	Yorkshire and The Humber	West Yorkshire	E14001319	5%	72%	6%	10%	6%	0%	0%	1%	Labour	Grn	Safe Labour	62%	Labour hold	Labour
Leeds East	Yorkshire and The Humber	West Yorkshire	E14001320	21%	52%	4%	8%	13%	0%	0%	2%	Labour	Con	Safe Labour	31%	Labour hold	Labour
Leeds North East	Yorkshire and The Humber	West Yorkshire	E14001321	12%	63%	5%	12%	6%	0%	0%	1%	Labour	Con	Safe Labour	51%	Labour hold	Labour
Leeds North West	Yorkshire and The Humber	West Yorkshire	E14001322	25%	54%	9%	4%	7%	0%	0%	1%	Labour	Con	Safe Labour	29%	Labour gain from Conservatives	Conservatives
Leeds South	Yorkshire and The Humber	West Yorkshire	E14001323	11%	62%	4%	11%	11%	0%	0%	1%	Labour	Grn	Safe Labour	50%	Labour hold	Labour
Leeds South West and Morley	Yorkshire and The Humber	West Yorkshire	E14001324	28%	49%	4%	6%	12%	0%	0%	1%	Labour	Con	Likely Labour	21%	Labour gain from Conservatives	Conservatives
Leeds West and Pudsey	Yorkshire and The Humber	West Yorkshire	E14001325	23%	53%	5%	9%	10%	0%	0%	1%	Labour	Con	Safe Labour	30%	Labour hold	Labour
Normanton and Hemsworth	Yorkshire and The Humber	West Yorkshire	E14001383	12%	52%	6%	6%	20%	0%	0%	4%	Labour	Ref	Safe Labour	32%	Labour hold	Labour
Ossett and Denby Dale	Yorkshire and The Humber	West Yorkshire	E14001418	31%	47%	4%	4%	13%	0%	0%	1%	Labour	Con	Likely Labour	16%	Labour gain from Conservatives	Conservatives
Penistone and Stocksbridge	Yorkshire and The Humber	South Yorkshire	E14001423	27%	47%	9%	3%	14%	0%	0%	1%	Labour	Con	Likely Labour	20%	Labour gain from Conservatives	Conservatives
Pontefract, Castleford and Knottingley	Yorkshire and The Humber	West Yorkshire	E14001428	14%	54%	5%	4%	20%	0%	0%	3%	Labour	Ref	Safe Labour	34%	Labour hold	Labour
Rawmarsh and Conisbrough	Yorkshire and The Humber	South Yorkshire	E14001436	15%	56%	4%	4%	20%	0%	0%	1%	Labour	Ref	Safe Labour	37%	Labour hold	Labour
Richmond and Northallerton	Yorkshire and The Humber	North Yorkshire	E14001444	41%	32%	9%	5%	12%	0%	0%	1%	Conservatives	Lab	Lean Conservatives	9%	Conservative hold	Conservatives
Rother Valley	Yorkshire and The Humber	South Yorkshire	E14001451	25%	45%	4%	6%	18%	0%	0%	2%	Labour	Con	Likely Labour	20%	Labour gain from Conservatives	Conservatives
Rotherham	Yorkshire and The Humber	South Yorkshire	E14001452	13%	53%	7%	5%	19%	0%	0%	3%	Labour	Ref	Safe Labour	34%	Labour hold	Labour
Scarborough and Whitby	Yorkshire and The Humber	North Yorkshire	E14001461	33%	45%	4%	4%	13%	0%	0%	1%	Labour	Con	Likely Labour	12%	Labour gain from Conservatives	Conservatives
Scunthorpe	Yorkshire and The Humber	Humber area	E14001462	29%	48%	4%	4%	14%	0%	0%	1%	Labour	Con	Likely Labour	18%	Labour gain from Conservatives	Conservatives
Selby	Yorkshire and The Humber	North Yorkshire	E14001464	31%	47%	4%	5%	12%	0%	0%	1%	Labour	Con	Likely Labour	16%	Labour gain from Conservatives	Conservatives
Sheffield Brightside and Hillsborough	Yorkshire and The Humber	South Yorkshire	E14001466	10%	58%	4%	11%	13%	0%	0%	4%	Labour	Ref	Safe Labour	45%	Labour hold	Labour
Sheffield Central	Yorkshire and The Humber	South Yorkshire	E14001467	2%	69%	6%	19%	4%	0%	0%	1%	Labour	Grn	Safe Labour	50%	Labour hold	Labour
Sheffield Hallam	Yorkshire and The Humber	South Yorkshire	E14001468	14%	41%	25%	8%	7%	0%	0%	4%	Labour	LD	Likely Labour	16%	Labour hold	Labour
Sheffield Heeley	Yorkshire and The Humber	South Yorkshire	E14001469	11%	62%	5%	10%	11%	0%	0%	1%	Labour	Con	Safe Labour	50%	Labour hold	Labour
Sheffield South East	Yorkshire and The Humber	South Yorkshire	E14001470	16%	57%	5%	5%	16%	0%	0%	0%	Labour	Con	Safe Labour	40%	Labour hold	Labour
Shipley	Yorkshire and The Humber	West Yorkshire	E14001472	31%	49%	5%	6%	9%	0%	0%	1%	Labour	Con	Likely Labour	19%	Labour gain from Conservatives	Conservatives
Skipton and Ripon	Yorkshire and The Humber	North Yorkshire	E14001475	38%	35%	9%	6%	11%	0%	0%	1%	Conservatives	Lab	Tossup	3%	Conservative hold	Conservatives
Spen Valley	Yorkshire and The Humber	West Yorkshire	E14001506	26%	43%	7%	6%	14%	0%	0%	4%	Labour	Con	Likely Labour	17%	Labour gain from Conservatives	Conservatives
Thirsk and Malton	Yorkshire and The Humber	North Yorkshire	E14001544	39%	35%	7%	5%	14%	0%	0%	1%	Conservatives	Lab	Tossup	4%	Conservative hold	Conservatives
Wakefield and Rothwell	Yorkshire and The Humber	West Yorkshire	E14001560	22%	51%	9%	6%	12%	0%	0%	1%	Labour	Con	Safe Labour	28%	Labour gain from Conservatives	Conservatives
Wetherby and Easingwold	Yorkshire and The Humber	North Yorkshire	E14001582	45%	35%	4%	5%	10%	0%	0%	1%	Conservatives	Lab	Likely Conservatives	11%	Conservative hold	Conservatives
York Central	Yorkshire and The Humber	North Yorkshire	E14001604	12%	65%	5%	10%	6%	0%	0%	1%	Labour	Con	Safe Labour	53%	Labour hold	Labour
York Outer	Yorkshire and The Humber	North Yorkshire	E14001605	32%	50%	6%	4%	8%	0%	0%	1%	Labour	Con	Likely Labour	18%	Labour gain from Conservatives	Conservatives